1478926230.000000, 1478926230.000000, 1478926230.000000
32.000000, 32.000000, 32.000000
-45,0,45
-45,0,45
-45,-1,45
-45,-1,45
-45,-1,45
-45,-1,45
-45,-1,45
-45,-1,45
-45,-1,45
-45,-1,45
-45,0,45
-45,0,45
-45,0,46
-45,0,45
-45,0,44
-45,-1,44
-45,0,46
-44,0,46
-43,0,45
-44,0,45
-44,-2,45
-45,-3,46
-45,-1,47
-46,0,46
-46,2,43
-46,2,43
-46,-1,43
-45,-2,44
-46,-4,44
-45,-3,44
-44,-2,46
-44,0,47
-44,1,46
-44,1,45
-45,0,43
-46,-1,43
-46,-3,44
-46,-3,44
-46,-2,45
-44,0,45
-44,0,45
-44,1,45
-44,0,45
-45,-1,45
-45,-1,45
-45,-2,45
-45,-2,45
-45,-1,45
-45,-1,45
-45,-1,45
-45,-1,45
-45,-1,45
-45,-1,45
-45,-1,45
-45,-1,45
-45,-1,44
-45,-1,45
-45,-1,45
-45,-1,45
-45,-1,45
-45,-1,45
-45,-1,45
-45,-1,45
-45,-1,45
-45,-1,45
-45,-1,45
-45,-1,44
-45,-1,44
-45,-1,45
-45,-1,45
-45,-1,45
-45,-1,45
-45,-1,45
-45,-1,45
-45,-1,45
-45,-1,45
-45,-1,45
-45,0,45
-45,-1,45
-45,-1,45
-45,0,45
-45,0,45
-45,0,45
-45,0,45
-45,-1,45
-45,-1,45
-45,0,45
-45,-1,44
-45,0,45
-45,0,45
-45,0,45
-45,0,44
-45,0,45
-45,0,45
-45,0,45
-45,-1,45
-45,0,45
-45,0,44
-45,0,45
-45,0,45
-45,-1,45
-45,-1,45
-45,0,45
-45,0,45
-45,-1,44
-45,0,45
-45,0,45
-45,-1,44
-45,-1,44
-45,-1,45
-45,0,45
-45,-1,45
-45,-1,44
-45,0,45
-45,-1,45
-45,-1,45
-45,-1,44
-45,-1,44
-45,-1,44
-45,-1,44
-45,-1,45
-45,-1,44
-45,-1,45
-45,-1,45
-45,-1,44
-45,-1,44
-46,-1,45
-46,-1,44
-45,-1,44
-45,-1,44
-45,-1,44
-45,-1,44
-46,-1,44
-45,-1,44
-45,-1,45
-46,-1,44
-45,-1,44
-45,-1,45
-45,-1,44
-45,-1,44
-45,-1,44
-45,-1,45
-45,-1,45
-45,-1,44
-45,-1,44
-45,-1,44
-45,-1,45
-45,-1,44
-45,-1,44
-46,-1,45
-45,-1,44
-45,-1,44
-46,-1,44
-46,-1,44
-46,-1,44
-46,-2,44
-46,-2,44
-46,-1,44
-46,-1,43
-45,-1,44
-45,0,45
-46,-1,44
-46,-1,43
-46,-1,44
-46,-2,44
-46,-2,43
-47,-2,43
-46,-2,43
-46,-1,44
-46,-1,44
-45,-1,44
-45,-1,44
-46,-1,44
-46,-1,43
-46,-1,44
-46,-1,44
-46,-1,44
-46,-1,44
-46,-1,43
-46,-1,44
-46,-1,44
-47,-1,43
-46,-1,43
-46,-1,44
-46,-1,43
-46,0,44
-46,-1,44
-46,-1,44
-46,-1,44
-46,-1,44
-46,-1,44
-46,-1,44
-46,-1,43
-46,-1,44
-46,-1,44
-46,-1,44
-46,-1,43
-46,-1,44
-46,-1,44
-46,-1,44
-46,-1,44
-46,-1,44
-46,-1,44
-46,-1,44
-46,-1,44
-46,-1,44
-46,-1,44
-46,-1,44
-46,-1,44
-46,-1,44
-46,-1,44
-46,-1,44
-46,-1,44
-46,-1,44
-46,-1,44
-46,-1,44
-46,-1,44
-46,-1,44
-46,-1,44
-46,-1,44
-46,-1,44
-46,-1,44
-46,-1,44
-46,-1,44
-46,-1,44
-46,-1,44
-46,-1,44
-46,-1,44
-46,-1,44
-46,-1,44
-46,-1,44
-46,-1,44
-46,-1,44
-46,-1,44
-46,-1,44
-46,-1,44
-46,-1,44
-46,-1,44
-46,-1,44
-46,-1,44
-46,-1,44
-46,-2,44
-46,-1,43
-46,-1,43
-46,-1,44
-46,-1,44
-46,-1,43
-46,-1,44
-46,-1,44
-46,-1,43
-46,-1,43
-46,-1,44
-46,-2,44
-46,-2,44
-46,-2,43
-46,-1,44
-46,-2,44
-47,-2,43
-46,-1,43
-46,-1,43
-46,-2,43
-46,-2,43
-46,-1,44
-46,-1,44
-46,-1,44
-46,-1,43
-46,-1,43
-47,-1,43
-46,-2,43
-46,-1,43
-45,-1,44
-46,-1,43
-46,-1,44
-46,-1,44
-46,-1,44
-46,-1,43
-47,-1,43
-47,-1,43
-46,-1,43
-46,-1,43
-46,-1,43
-46,-1,44
-46,-1,43
-46,-1,44
-46,-1,44
-46,-1,44
-46,-1,43
-46,-1,43
-46,-1,43
-46,-1,43
-46,-1,43
-46,-1,43
-46,-1,44
-46,-1,44
-46,-1,43
-46,-1,43
-46,-1,44
-47,-1,44
-47,-1,43
-46,-1,44
-46,-1,43
-46,-1,43
-47,-1,43
-46,-1,43
-46,-1,44
-47,-1,43
-46,-1,43
-46,-1,44
-46,-1,43
-46,-1,44
-46,-1,43
-46,-1,43
-46,-1,43
-46,-1,43
-46,-1,43
-46,-1,43
-46,-1,44
-46,-1,44
-46,-1,43
-46,-1,43
-46,-1,43
-46,-1,44
-46,-1,44
-46,-1,43
-47,-1,43
-46,-1,44
-46,-1,43
-47,-1,43
-46,-1,44
-46,-1,44
-46,-1,43
-46,-2,43
-46,-1,43
-47,-1,43
-46,-1,44
-46,-1,43
-47,-1,43
-46,-1,43
-46,-1,43
-47,-1,43
-47,-1,43
-46,-1,44
-46,-1,43
-46,-1,43
-46,-2,43
-46,-2,44
-47,-2,43
-47,-2,43
-47,-1,44
-47,-1,44
-46,-1,44
-46,0,44
-46,-1,43
-46,-1,45
-46,-1,44
-45,-1,45
-44,-3,44
-44,-3,45
-43,-1,45
-44,0,46
-44,0,46
-43,0,46
-43,0,46
-43,-1,46
-44,-1,46
-44,-1,46
-44,0,46
-44,0,45
-44,0,46
-44,-2,45
-45,-3,45
-47,-4,43
-47,-3,42
-49,-2,41
-49,-3,40
-47,-4,42
-49,-4,43
-48,-2,43
-48,-1,42
-48,-1,42
-48,-2,43
-48,-4,41
-49,-4,40
-49,-3,41
-48,-2,42
-47,-2,42
-48,-2,42
-47,-2,42
-47,-1,42
-47,-1,43
-47,-1,43
-46,-1,43
-46,-1,44
-46,-1,44
-46,-2,43
-46,-1,43
-46,0,44
-45,2,46
-46,2,48
-46,0,48
-44,-4,46
-45,-5,44
-47,-4,43
-48,-4,43
-49,-3,45
-45,0,46
-35,6,47
-33,10,53
-25,13,59
-21,12,58
-20,14,60
-22,15,60
-34,10,53
-30,7,50
-27,7,55
-26,7,58
-28,7,57
-29,8,56
-30,7,54
-30,7,55
-29,8,56
-26,8,57
-24,8,57
-25,8,58
-27,8,57
-29,9,55
-28,8,55
-25,6,56
-24,6,58
-26,6,57
-27,6,56
-30,7,56
-29,8,57
-27,7,56
-27,7,55
-29,8,58
-28,7,56
-25,8,56
-26,9,57
-26,8,57
-28,7,57
-28,7,56
-29,7,55
-28,7,55
-31,5,55
-32,6,55
-28,7,56
-28,7,56
-33,6,55
-34,6,54
-34,5,53
-31,5,54
-30,6,56
-31,6,55
-33,7,54
-32,6,54
-32,6,54
-32,5,54
-32,6,55
-31,6,55
-32,7,54
-33,6,54
-34,6,53
-33,5,54
-34,6,54
-33,7,54
-32,7,54
-33,6,53
-34,5,54
-33,6,54
-33,6,53
-32,6,53
-32,6,54
-32,7,54
-32,7,54
-34,6,53
-34,6,53
-33,5,53
-33,5,53
-34,6,54
-32,7,54
-32,6,53
-33,6,53
-34,6,53
-33,6,54
-32,6,53
-36,5,52
-38,5,52
-37,4,51
-35,5,52
-38,5,52
-39,5,51
-40,3,49
-39,3,48
-40,2,49
-39,2,51
-39,3,50
-40,3,49
-40,4,48
-40,4,49
-38,3,50
-39,3,50
-41,3,49
-40,3,49
-40,3,49
-41,4,49
-40,4,49
-39,3,50
-39,3,50
-40,3,49
-40,3,49
-40,3,49
-40,4,49
-39,3,49
-40,3,49
-40,3,49
-40,3,49
-40,3,49
-40,3,49
-40,3,49
-40,3,50
-40,3,49
-40,4,48
-40,3,49
-39,3,50
-40,3,49
-40,3,48
-40,3,49
-40,3,49
-40,3,49
-40,3,49
-40,3,49
-40,3,49
-40,3,49
-40,3,49
-40,3,49
-40,3,49
-40,3,49
-40,3,49
-40,3,49
-40,3,49
-40,3,49
-40,3,49
-40,3,49
-40,4,49
-40,3,49
-40,3,49
-40,3,49
-40,3,49
-40,3,49
-40,3,49
-40,3,49
-40,4,49
-40,4,49
-40,4,49
-40,3,49
-40,3,49
-40,3,49
-40,3,49
-40,3,49
-41,3,49
-40,3,48
-40,3,49
-40,3,49
-41,3,49
-41,3,48
-40,3,48
-41,3,49
-41,3,48
-41,3,48
-40,3,48
-41,3,48
-41,3,48
-41,3,48
-41,3,48
-41,3,49
-41,3,48
-41,3,48
-40,3,49
-40,3,49
-41,3,48
-41,3,49
-41,3,48
-40,3,48
-40,3,49
-40,3,49
-40,3,49
-40,3,49
-40,3,49
-40,3,49
-40,3,49
-40,4,49
-40,3,49
-40,3,49
-40,3,49
-40,3,49
-40,3,49
-40,3,49
-40,3,49
-40,3,49
-40,3,49
-40,3,49
-40,3,49
-40,3,49
-40,3,49
-40,3,49
-40,3,49
-40,3,49
-40,3,49
-40,3,49
-40,3,49
-40,3,49
-40,3,49
-40,3,49
-40,3,49
-40,3,48
-40,3,49
-40,3,49
-40,3,49
-40,3,48
-40,3,49
-39,3,49
-40,3,49
-40,3,48
-40,3,49
-40,3,49
-40,3,49
-40,3,49
-40,3,49
-40,3,49
-40,3,49
-40,3,49
-40,3,49
-40,3,49
-40,3,49
-40,3,49
-40,3,49
-40,3,49
-40,3,49
-40,3,48
-40,3,49
-40,3,48
-40,3,49
-40,3,49
-40,3,49
-40,3,49
-40,3,49
-41,3,49
-40,3,49
-41,3,48
-41,3,49
-40,3,49
-41,3,49
-41,3,48
-40,3,49
-40,3,49
-40,3,48
-40,3,49
-40,3,49
-41,3,48
-40,3,48
-40,3,49
-40,3,49
-41,3,48
-41,3,48
-40,3,49
-40,3,49
-41,3,48
-41,3,48
-40,3,48
-41,3,48
-41,3,48
-41,3,48
-41,3,48
-41,3,49
-41,3,48
-41,3,49
-40,3,48
-41,2,48
-41,3,48
-41,2,48
-41,3,48
-41,3,49
-41,3,48
-41,4,49
-40,4,49
-40,3,48
-41,3,48
-41,2,48
-41,2,48
-41,2,47
-42,2,47
-42,3,48
-41,3,48
-41,3,48
-41,3,48
-42,3,48
-41,2,48
-41,2,48
-42,2,47
-42,2,48
-41,2,48
-41,2,48
-41,2,48
-42,2,48
-42,2,48
-41,2,48
-41,3,48
-41,2,48
-41,3,48
-41,3,48
-41,3,48
-41,2,48
-41,2,48
-41,2,48
-41,3,48
-41,3,48
-41,3,48
-41,3,48
-41,3,48
-41,3,48
-41,3,48
-41,3,48
-42,3,48
-41,3,48
-41,3,49
-41,3,48
-41,3,48
-41,3,48
-41,3,48
-41,3,48
-41,3,48
-41,3,48
-41,3,48
-41,3,48
-41,3,48
-41,3,48
-41,3,48
-41,3,48
-41,3,48
-41,3,48
-41,3,48
-41,3,48
-41,3,48
-41,3,48
-41,2,48
-41,3,48
-42,3,48
-41,3,48
-41,2,48
-41,2,48
-41,3,48
-42,3,48
-42,2,48
-41,2,48
-41,3,48
-41,3,48
-41,2,48
-41,2,48
-42,2,48
-42,3,48
-42,3,48
-41,3,48
-40,2,47
-42,2,48
-42,2,48
-41,3,48
-41,3,47
-41,3,48
-41,2,49
-42,2,48
-42,2,47
-41,3,48
-41,3,48
-41,2,48
-42,3,48
-41,3,48
-41,3,48
-41,3,48
-41,3,48
-41,3,48
-41,3,48
-41,3,48
-41,3,48
-41,2,48
-41,2,48
-41,3,48
-41,3,48
-41,3,48
-42,3,48
-42,2,48
-42,2,48
-41,3,48
-41,2,48
-41,2,48
-41,2,48
-41,3,48
-41,3,48
-42,3,48
-42,3,48
-41,3,48
-41,2,48
-41,3,48
-41,2,48
-41,2,48
-41,2,48
-41,2,48
-41,3,48
-41,3,48
-41,3,48
-41,3,48
-41,3,49
-42,3,48
-41,3,48
-41,3,48
-41,3,48
-41,3,48
-41,3,48
-41,3,48
-41,3,48
-42,2,48
-41,3,48
-41,3,48
-42,3,48
-41,3,48
-41,3,48
-41,3,48
-42,3,48
-41,3,48
-41,3,48
-41,3,48
-41,3,48
-41,3,48
-41,3,48
-41,2,48
-41,2,48
-41,2,48
-41,3,48
-41,3,48
-42,2,48
-42,2,47
-42,2,48
-41,2,48
-42,2,47
-42,2,47
-41,2,48
-42,2,47
-42,2,48
-42,2,47
-42,2,48
-42,3,48
-42,3,48
-42,3,47
-42,2,47
-41,2,48
-42,2,48
-42,2,47
-41,2,48
-42,2,48
-42,2,48
-42,3,48
-42,3,48
-42,2,47
-42,2,48
-41,2,48
-42,2,48
-42,2,48
-41,3,48
-42,3,47
-42,2,48
-41,2,48
-41,2,48
-41,3,48
-41,3,48
-41,2,48
-41,2,48
-42,2,48
-42,2,48
-42,2,48
-42,2,48
-42,2,48
-42,3,48
-41,3,48
-41,2,48
-41,2,48
-41,2,48
-41,3,48
-41,3,48
-41,3,47
-41,2,48
-41,2,49
-41,2,48
-41,2,48
-41,2,48
-41,2,48
-41,3,49
-41,3,48
-41,3,48
-41,3,48
-41,2,48
-42,2,48
-41,3,48
-41,3,49
-41,3,48
-41,2,48
-41,3,48
-41,2,48
-41,2,48
-42,3,48
-42,3,48
-42,3,48
-42,2,48
-42,2,48
-42,3,48
-42,3,48
-41,3,48
-41,3,48
-41,3,48
-41,3,48
-41,2,48
-41,2,48
-41,2,48
-41,2,48
-41,3,48
-41,3,48
-41,3,48
-41,3,49
-41,3,48
-41,2,48
-41,2,48
-42,2,48
-41,2,48
-41,3,48
-41,3,48
-41,3,48
-41,2,48
-41,2,48
-42,3,48
-42,3,48
-41,3,48
-41,3,48
-41,2,48
-41,2,48
-41,2,48
-41,2,48
-41,3,48
-41,3,48
-41,3,48
-41,3,48
-41,2,48
-42,2,48
-42,2,48
-42,3,48
-42,3,48
-42,3,48
-42,3,47
-42,2,48
-41,2,48
-42,2,48
-42,3,48
-42,3,47
-42,3,47
-41,3,49
-41,3,49
-41,2,47
-41,2,48
-41,2,48
-41,3,48
-42,2,48
-41,2,48
-41,2,48
-41,3,48
-41,3,48
-42,2,48
-42,2,48
-42,2,47
-41,2,48
-41,3,48
-42,3,48
-42,3,48
-42,2,47
-42,2,48
-41,2,48
-41,2,48
-41,2,47
-41,3,48
-42,3,48
-42,3,49
-41,3,48
-42,2,47
-41,2,48
-41,2,48
-42,2,48
-42,2,48
-41,3,48
-41,2,48
-41,2,48
-42,2,48
-41,2,48
-41,3,48
-41,2,48
-41,2,48
-42,3,48
-42,3,48
-41,2,48
-41,2,48
-42,2,47
-41,2,47
-42,2,48
-42,2,48
-42,2,47
-42,2,47
-42,2,48
-41,2,48
-42,2,48
-42,2,48
-42,2,48
-42,2,48
-42,2,48
-42,2,48
-42,2,48
-42,2,48
-42,2,47
-42,2,48
-41,2,48
-42,2,48
-42,2,48
-42,2,48
-41,2,48
-42,2,48
-42,2,47
-42,2,48
-41,2,48
-41,2,48
-42,2,48
-42,2,48
-41,2,48
-41,2,48
-41,2,48
-42,2,48
-42,2,48
-42,2,48
-42,2,48
-42,2,48
-42,2,48
-42,2,47
-41,3,48
-41,3,48
-42,3,48
-42,2,48
-41,2,48
-41,2,48
-41,3,48
-42,2,48
-42,2,48
-42,2,48
-42,3,48
-42,3,47
-41,3,48
-41,3,48
-42,2,48
-42,2,48
-42,3,47
-42,3,48
-41,3,48
-41,3,48
-42,2,47
-42,2,47
-42,2,48
-41,3,48
-42,3,48
-42,3,48
-42,3,48
-42,2,48
-41,2,48
-42,2,48
-42,2,48
-41,3,48
-42,3,48
-42,2,48
-42,3,48
-41,2,48
-42,3,48
-42,2,48
-42,2,48
-42,2,48
-42,2,48
-42,3,47
-42,3,48
-41,2,48
-42,2,48
-42,2,48
-41,2,48
-41,2,48
-42,3,48
-41,3,48
-42,2,48
-42,2,48
-42,2,48
-41,3,48
-42,2,48
-41,3,48
-42,2,48
-42,2,48
-42,2,48
-42,3,48
-42,2,48
-41,2,48
-42,2,48
-42,2,48
-42,2,48
-42,2,48
-41,2,48
-41,3,48
-42,2,48
-42,2,48
-41,2,48
-41,2,48
-42,2,48
-42,3,48
-41,3,48
-41,2,48
-42,2,48
-41,2,48
-41,2,48
-41,2,48
-41,3,48
-41,3,48
-42,3,48
-41,2,48
-41,3,48
-41,3,48
-42,3,47
-42,2,48
-42,2,48
-42,3,48
-42,3,48
-42,3,48
-42,3,47
-42,2,48
-42,2,48
-41,2,48
-44,4,47
-43,4,46
-41,2,47
-41,0,48
-43,-1,48
-44,0,47
-44,3,45
-43,5,46
-40,5,49
-40,4,50
-42,2,48
-43,1,47
-43,1,46
-43,1,46
-42,2,47
-42,3,48
-41,3,48
-42,3,48
-42,2,47
-42,2,47
-42,2,47
-43,3,48
-43,3,47
-42,3,47
-42,3,47
-42,3,47
-42,3,48
-42,3,48
-41,3,48
-41,3,48
-42,3,47
-40,3,48
-41,3,49
-40,3,48
-41,2,48
-41,2,48
-41,2,48
-41,3,48
-41,3,49
-40,3,49
-40,3,48
-41,3,48
-41,3,48
-41,3,48
-40,3,48
-41,2,48
-41,2,48
-41,2,48
-41,2,48
-41,3,48
-41,4,48
-41,3,48
-41,3,48
-41,3,48
-41,3,48
-41,3,48
-41,3,47
-41,3,48
-42,3,49
-42,3,48
-41,3,47
-41,3,47
-41,3,48
-41,3,48
-42,3,48
-41,3,48
-40,2,48
-41,3,48
-42,3,48
-41,3,48
-41,3,48
-41,3,48
-41,3,48
-42,3,48
-42,3,47
-41,3,47
-42,3,48
-42,3,48
-41,2,48
-41,3,48
-42,3,48
-42,3,48
-41,3,48
-42,3,48
-42,3,48
-42,3,48
-41,3,48
-41,3,48
-42,3,48
-42,3,48
-42,3,48
-41,3,48
-41,2,48
-42,2,48
-42,3,48
-42,3,47
-42,3,48
-42,3,47
-41,3,48
-42,2,48
-42,2,47
-42,2,47
-41,3,48
-41,4,48
-42,3,48
-43,3,47
-43,2,47
-43,2,47
-42,3,47
-41,3,48
-41,3,48
-42,3,48
-42,3,47
-42,3,47
-41,3,48
-41,3,48
-42,3,48
-41,3,48
-42,3,48
-41,3,48
-41,3,48
-41,3,48
-41,3,48
-41,3,48
-42,3,48
-42,3,48
-42,3,48
-42,3,48
-42,3,48
-42,3,47
-42,3,48
-42,3,48
-42,3,48
-41,3,48
-41,3,48
-41,3,48
-41,3,48
-42,3,48
-41,3,48
-41,3,48
-42,3,47
-42,3,47
-42,3,48
-41,3,48
-42,3,47
-42,3,48
-41,3,48
-41,3,48
-42,3,48
-42,3,48
-42,3,48
-42,3,47
-43,3,47
-42,3,47
-42,2,48
-42,2,47
-42,3,47
-42,3,47
-42,3,48
-42,3,48
-42,3,48
-42,3,48
-42,3,47
-41,3,47
-42,3,48
-41,3,48
-42,4,48
-41,3,48
-41,3,48
-42,3,48
-42,3,48
-42,3,48
-41,3,48
-42,3,48
-42,3,48
-41,3,48
-42,3,48
-42,3,48
-42,3,48
-41,3,48
-42,3,47
-42,3,48
-42,3,47
-42,3,48
-42,3,48
-42,3,47
-41,3,48
-41,3,48
-42,3,47
-42,3,47
-42,3,48
-41,3,48
-42,3,48
-42,3,47
-42,3,48
-42,3,47
-42,3,48
-42,3,48
-42,3,48
-42,3,47
-42,3,48
-42,3,48
-42,3,48
-42,3,48
-42,3,47
-42,3,47
-42,3,48
-42,3,47
-42,3,47
-42,3,48
-42,3,48
-42,3,47
-43,3,47
-42,3,47
-42,3,48
-42,3,48
-42,3,47
-42,3,47
-42,3,47
-42,3,47
-42,3,47
-42,3,47
-42,2,48
-42,3,48
-42,3,47
-42,3,47
-42,3,47
-42,2,47
-42,2,48
-43,2,47
-43,2,47
-42,3,47
-42,3,48
-42,3,47
-42,3,48
-42,3,47
-42,3,47
-42,3,47
-42,3,47
-42,3,47
-42,3,48
-42,3,48
-43,2,47
-43,2,46
-42,2,47
-42,2,47
-42,2,47
-43,2,47
-43,2,47
-43,2,47
-43,3,47
-42,2,47
-42,2,47
-43,2,47
-42,3,47
-41,4,47
-42,2,47
-44,0,46
-43,1,47
-41,4,49
-40,5,50
-41,4,48
-42,3,45
-44,3,47
-42,2,48
-43,5,48
-42,5,48
-37,5,49
-39,5,48
-44,4,46
-44,3,46
-42,3,48
-41,4,49
-42,4,47
-43,4,46
-42,3,46
-43,4,46
-44,4,47
-43,5,47
-41,5,48
-43,4,47
-45,3,46
-46,3,45
-44,3,45
-43,3,47
-43,4,47
-42,3,47
-42,4,47
-42,4,47
-42,4,47
-41,5,47
-41,5,47
-41,5,48
-40,5,48
-42,6,48
-43,4,46
-44,3,46
-44,3,47
-43,4,47
-45,5,46
-44,6,46
-44,7,46
-43,6,45
-44,5,44
-46,4,44
-47,4,43
-46,5,43
-43,6,47
-43,5,47
-45,5,44
-45,5,43
-46,4,44
-45,5,46
-42,7,47
-42,6,47
-42,3,48
-43,3,48
-42,3,46
-44,3,46
-45,2,46
-44,1,45
-45,-1,44
-45,0,45
-42,1,47
-42,2,47
-44,2,48
-44,2,45
-42,3,46
-41,4,48
-41,3,48
-41,2,48
-40,1,48
-42,1,48
-42,1,47
-41,3,48
-40,4,49
-40,3,48
-42,2,48
-42,1,47
-41,1,47
-42,2,48
-41,2,48
-41,2,48
-42,2,48
-42,2,48
-41,2,48
-42,2,48
-42,1,48
-43,1,46
-43,0,46
-42,0,47
-42,2,48
-42,2,48
-43,2,47
-43,2,47
-42,1,48
-41,1,48
-42,1,48
-43,2,47
-43,2,47
-43,2,47
-42,1,47
-42,1,47
-43,1,47
-43,1,47
-42,1,47
-42,1,47
-42,2,47
-42,2,47
-42,2,47
-42,1,47
-42,1,47
-42,1,48
-43,1,47
-42,1,47
-42,2,47
-42,2,47
-42,2,48
-42,2,47
-42,1,47
-42,1,47
-42,1,47
-43,2,47
-42,2,47
-42,2,47
-42,2,47
-43,2,47
-43,2,47
-42,1,47
-42,1,47
-42,2,47
-42,1,47
-42,2,47
-42,2,47
-42,2,47
-42,2,47
-43,1,47
-43,1,47
-43,1,47
-43,2,47
-43,2,47
-42,2,47
-42,2,47
-43,2,47
-43,1,47
-43,2,47
-42,1,47
-43,2,47
-43,1,47
-43,2,47
-42,2,47
-43,2,47
-43,2,47
-43,2,47
-42,2,47
-42,1,47
-43,2,47
-43,2,47
-43,2,47
-42,1,47
-42,2,47
-43,1,47
-43,2,47
-42,2,47
-42,1,47
-42,2,47
-43,1,47
-43,1,47
-43,1,47
-43,1,47
-43,1,47
-43,1,47
-43,1,47
-43,1,47
-43,1,47
-43,1,47
-42,2,47
-42,1,47
-42,1,47
-43,1,47
-43,1,47
-42,1,47
-43,1,47
-43,2,47
-43,1,47
-43,1,47
-43,1,47
-42,1,48
-43,1,47
-43,1,47
-43,1,47
-42,1,47
-43,1,47
-43,1,47
-43,1,47
-42,1,47
-43,1,47
-43,1,47
-43,1,47
-43,1,47
-42,1,47
-43,1,47
-43,2,47
-43,1,47
-42,1,47
-43,1,47
-43,1,47
-42,1,47
-43,1,47
-42,1,47
-42,1,47
-42,1,47
-43,2,47
-43,2,47
-42,2,47
-43,1,47
-43,2,47
-43,1,47
-43,1,47
-43,2,46
-43,2,47
-43,2,47
-42,2,47
-43,2,47
-43,2,47
-42,2,47
-43,1,47
-43,1,47
-42,2,47
-42,2,47
-43,2,47
-43,2,47
-42,1,47
-43,2,47
-43,2,47
-43,2,47
-42,1,47
-43,1,47
-43,2,47
-43,2,47
-43,2,47
-43,2,47
-43,1,47
-43,2,46
-43,1,46
-43,1,47
-43,1,47
-43,1,47
-43,1,47
-43,2,47
-43,2,47
-43,1,47
-43,2,47
-43,1,47
-43,1,47
-43,1,47
-43,2,47
-43,2,47
-43,1,47
-43,1,47
-43,1,47
-43,1,47
-43,1,47
-43,1,47
-43,1,47
-43,1,47
-43,1,46
-43,2,46
-43,2,47
-43,1,47
-43,1,47
-43,1,47
-43,1,46
-43,1,47
-43,1,47
-43,2,47
-43,2,47
-43,2,47
-43,1,47
-43,1,47
-43,1,47
-43,1,46
-43,1,47
-43,1,47
-43,1,47
-43,1,47
-42,1,47
-43,1,47
-43,1,47
-43,1,47
-43,1,47
-43,1,47
-43,1,47
-43,1,47
-43,1,47
-43,1,46
-43,1,47
-43,1,47
-43,2,47
-43,1,47
-43,2,47
-43,1,47
-43,1,47
-43,1,47
-43,1,47
-43,2,47
-43,2,47
-42,2,47
-43,2,47
-43,2,47
-43,1,47
-43,1,47
-43,1,47
-43,1,47
-43,1,47
-43,2,46
-43,1,47
-43,1,47
-43,1,46
-43,1,47
-43,1,47
-43,2,47
-43,1,47
-43,2,46
-43,1,47
-43,2,47
-43,1,47
-43,1,46
-43,1,46
-43,1,47
-43,1,47
-43,1,47
-43,1,46
-43,2,47
-43,2,47
-43,2,47
-43,1,46
-43,1,46
-43,1,47
-43,1,47
-43,1,46
-43,1,47
-43,1,47
-43,1,47
-43,1,46
-43,2,47
-43,1,47
-42,1,48
-42,0,47
-42,0,47
-44,1,46
-44,1,46
-43,1,47
-43,1,47
-44,1,46
-44,1,46
-43,1,46
-43,2,47
-42,2,47
-42,1,47
-44,1,45
-45,1,45
-44,2,46
-44,3,46
-43,2,46
-43,2,46
-44,2,46
-43,2,46
-43,2,46
-43,2,46
-42,3,46
-42,3,47
-42,2,48
-45,2,47
-45,4,46
-42,5,47
-41,6,47
-43,5,47
-42,4,48
-39,3,50
-40,3,49
-42,3,48
-43,3,48
-42,4,48
-41,5,47
-40,4,48
-38,4,50
-38,3,51
-38,4,50
-39,4,50
-39,4,49
-38,4,49
-38,3,49
-39,3,49
-40,3,50
-41,2,49
-43,4,47
-41,4,49
-39,4,49
-40,3,49
-40,1,49
-40,1,49
-40,0,49
-40,1,49
-41,2,48
-41,3,48
-41,4,48
-40,3,49
-39,2,50
-39,2,50
-40,1,48
-42,1,47
-39,1,50
-38,0,51
-39,2,50
-40,2,49
-39,2,49
-38,1,51
-38,0,52
-38,-1,49
-38,0,49
-38,0,51
-38,1,51
-41,1,48
-43,1,47
-41,1,48
-37,1,50
-34,0,53
-36,-1,53
-42,-1,47
-43,-1,46
-42,-1,47
-40,-1,49
-38,1,52
-37,2,52
-41,2,47
-43,0,45
-42,-3,49
-41,-4,51
-40,0,49
-41,1,48
-40,0,48
-40,-2,49
-40,-2,50
-41,-1,49
-41,0,48
-40,1,47
-40,1,48
-40,0,50
-40,-1,50
-41,-1,49
-40,-1,49
-41,0,48
-41,0,47
-40,-1,49
-39,-1,51
-40,1,49
-41,2,48
-40,0,49
-39,-1,50
-40,-1,49
-40,0,49
-40,1,48
-40,1,50
-40,-1,50
-41,-2,48
-42,-1,47
-41,0,48
-39,0,51
-39,0,50
-41,0,46
-43,-1,46
-43,-1,49
-40,0,50
-40,1,49
-43,0,48
-44,0,46
-42,1,46
-41,1,48
-41,1,49
-40,2,49
-40,2,50
-40,0,50
-41,0,48
-41,0,48
-39,0,49
-39,2,50
-38,2,50
-38,2,50
-40,1,49
-40,2,48
-40,3,49
-37,3,52
-37,3,52
-39,2,49
-39,1,49
-38,0,50
-38,0,50
-40,1,49
-39,1,49
-39,1,50
-40,1,51
-42,3,48
-41,3,48
-37,1,50
-35,1,51
-37,1,51
-38,2,51
-40,3,49
-39,2,49
-38,1,50
-37,1,51
-37,3,52
-38,3,50
-39,3,50
-38,1,50
-37,1,51
-38,2,51
-38,2,51
-37,1,50
-37,1,50
-37,2,51
-38,3,51
-38,2,51
-38,2,51
-39,1,49
-40,1,48
-40,1,48
-39,2,49
-39,2,50
-39,2,50
-40,2,50
-41,2,49
-41,2,48
-41,3,48
-41,2,49
-40,1,49
-40,1,48
-43,1,47
-43,1,46
-43,1,47
-43,1,48
-40,2,48
-40,2,48
-41,2,48
-42,2,48
-41,1,47
-42,1,47
-43,2,48
-42,2,47
-43,2,47
-43,1,46
-43,0,46
-44,0,46
-45,0,45
-45,1,45
-44,1,46
-44,2,46
-44,1,46
-45,0,43
-46,0,44
-45,0,45
-45,1,45
-46,1,45
-46,1,44
-47,1,43
-47,1,43
-46,1,43
-45,1,44
-45,0,45
-45,0,45
-46,0,44
-47,1,44
-47,1,43
-47,1,44
-45,1,44
-44,0,44
-45,0,44
-45,0,44
-45,0,45
-45,0,44
-46,0,44
-45,1,44
-46,1,44
-46,0,44
-45,0,44
-45,0,45
-45,0,44
-46,0,44
-46,0,44
-46,0,44
-46,-1,44
-47,-1,43
-46,-1,43
-46,0,44
-47,1,44
-46,1,44
-46,1,44
-46,1,44
-46,0,44
-46,0,44
-47,0,43
-47,0,43
-47,0,43
-46,0,44
-47,1,43
-47,0,43
-46,0,43
-46,0,43
-46,1,44
-46,0,43
-46,1,44
-46,0,43
-47,1,43
-47,1,43
-46,0,44
-46,0,43
-46,0,43
-46,1,43
-46,1,43
-46,1,43
-46,0,44
-46,1,44
-46,1,43
-46,0,43
-46,1,43
-46,1,44
-46,0,44
-47,0,44
-46,0,43
-46,1,43
-46,0,43
-47,0,43
-47,0,44
-46,1,44
-46,1,43
-46,0,43
-47,0,43
-46,0,43
-46,0,43
-46,0,43
-46,0,43
-46,1,44
-46,1,44
-47,1,44
-47,1,44
-46,0,43
-46,1,43
-46,0,43
-47,0,43
-47,0,43
-47,0,43
-46,0,43
-46,0,43
-46,0,43
-47,0,43
-47,0,43
-47,0,43
-47,1,43
-46,1,43
-47,0,43
-47,0,43
-47,0,43
-47,0,43
-47,0,43
-46,0,44
-46,0,43
-47,0,43
-47,1,43
-46,0,43
-46,0,43
-46,-1,43
-46,0,43
-47,0,43
-47,0,42
-47,0,43
-47,0,43
-47,0,43
-47,0,43
-47,0,43
-47,0,43
-46,0,43
-47,0,42
-46,0,43
-47,0,43
-47,0,43
-47,0,43
-47,1,43
-47,0,43
-47,0,42
-47,0,42
-47,0,43
-47,0,42
-47,0,42
-47,0,43
-47,0,42
-47,0,42
-47,0,43
-47,0,43
-47,0,43
-48,0,43
-48,0,43
-48,1,42
-46,1,43
-46,0,43
-45,0,43
-45,-1,43
-47,-2,42
-48,-2,42
-46,-1,44
-45,0,44
-47,0,43
-47,0,42
-47,0,43
-47,0,43
-46,0,43
-46,0,43
-46,0,43
-46,0,43
-47,-2,42
-47,-2,42
-46,-1,43
-46,-1,43
-47,0,43
-48,0,43
-47,0,44
-47,0,44
-47,0,43
-47,-1,43
-47,-1,43
-47,0,43
-46,0,43
-46,0,44
-46,0,43
-46,0,43
-46,0,44
-46,0,44
-46,0,44
-46,0,44
-46,0,43
-47,0,43
-47,0,43
-45,0,44
-45,0,45
-46,0,43
-47,0,43
-46,0,44
-45,0,45
-45,0,44
-45,0,45
-46,1,44
-47,1,43
-46,0,43
-44,0,45
-45,1,45
-46,1,45
-46,2,44
-46,1,44
-45,1,44
-45,0,44
-46,0,44
-45,0,44
-45,1,44
-44,2,46
-45,2,45
-46,1,44
-46,0,44
-45,0,44
-45,0,44
-47,0,43
-46,1,44
-47,1,45
-46,1,44
-45,1,44
-45,1,44
-45,1,44
-45,1,44
-45,1,44
-46,1,44
-46,1,44
-45,0,45
-45,0,45
-45,1,45
-45,1,44
-45,1,45
-45,1,45
-45,1,45
-45,1,45
-45,1,45
-45,1,44
-46,1,45
-45,2,45
-45,1,45
-45,1,45
-45,1,45
-45,0,45
-45,1,45
-46,1,44
-46,1,44
-45,0,45
-45,0,45
-45,1,44
-45,1,44
-46,1,44
-45,1,45
-44,1,46
-45,1,45
-46,1,44
-46,0,44
-45,0,45
-45,0,44
-45,1,45
-44,1,45
-45,1,45
-45,1,44
-45,1,44
-45,1,44
-45,1,45
-46,2,45
-47,1,44
-45,0,43
-45,0,44
-45,1,45
-45,1,45
-46,2,44
-45,2,45
-45,1,44
-46,1,45
-46,1,44
-46,1,44
-45,1,44
-45,1,44
-45,1,45
-45,1,45
-46,2,44
-46,2,44
-46,2,44
-46,2,44
-46,2,44
-47,1,44
-46,1,44
-45,1,44
-45,1,44
-46,1,44
-46,1,44
-45,1,44
-45,1,44
-45,0,44
-46,0,44
-45,1,44
-45,1,44
-45,1,45
-44,1,45
-44,1,45
-44,1,45
-45,0,45
-45,0,45
-45,1,45
-46,1,45
-46,1,44
-45,1,45
-46,1,44
-46,1,44
-46,1,44
-46,1,44
-46,1,44
-45,1,44
-45,1,44
-46,1,44
-46,1,44
-46,1,44
-46,1,44
-45,1,44
-46,1,44
-45,1,44
-45,1,44
-45,1,44
-45,1,44
-46,1,44
-45,1,44
-45,1,44
-46,1,44
-45,1,45
-45,1,45
-45,1,44
-45,1,44
-46,1,44
-45,1,44
-45,1,45
-45,1,45
-45,1,44
-45,1,44
-45,1,44
-45,1,45
-45,1,45
-45,1,44
-45,1,44
-45,1,45
-45,1,45
-46,1,44
-46,1,44
-45,1,45
-45,1,45
-45,1,45
-45,1,45
-46,1,44
-46,1,44
-46,1,45
-46,1,45
-45,1,45
-45,1,45
-45,0,44
-45,1,44
-45,1,44
-45,1,44
-45,1,45
-45,2,45
-46,1,45
-46,1,44
-46,1,44
-46,1,44
-46,1,44
-45,1,44
-45,0,44
-45,1,44
-46,1,44
-46,2,44
-46,2,44
-45,1,45
-45,1,45
-45,1,44
-45,1,44
-46,1,44
-45,1,44
-46,1,44
-46,1,44
-46,1,44
-46,1,44
-45,1,44
-46,1,44
-46,2,44
-45,2,44
-45,1,44
-45,1,45
-45,1,45
-46,0,44
-45,0,44
-45,0,44
-45,1,44
-46,2,44
-46,2,44
-46,2,44
-46,2,44
-46,1,44
-47,1,44
-46,1,44
-46,1,44
-45,1,44
-45,0,44
-45,1,44
-46,1,45
-46,1,45
-47,2,44
-47,1,44
-45,0,44
-45,0,44
-46,0,44
-45,0,44
-45,1,44
-46,1,44
-46,2,44
-46,2,45
-46,1,44
-45,1,44
-45,1,44
-45,1,44
-46,1,45
-45,1,45
-45,1,44
-46,1,44
-46,1,44
-46,1,44
-46,1,44
-46,1,44
-46,1,45
-45,1,44
-45,1,44
-45,1,44
-46,1,44
-46,1,44
-46,1,44
-46,1,44
-45,1,44
-45,1,44
-45,1,44
-46,1,44
-46,1,44
-46,1,44
-46,1,44
-46,1,44
-46,1,44
-46,1,44
-46,1,44
-45,1,44
-45,1,44
-46,1,44
-46,1,44
-46,1,44
-46,1,44
-46,0,44
-46,1,44
-46,1,44
-45,1,44
-45,1,44
-45,1,45
-46,1,44
-46,1,44
-45,1,44
-45,1,44
-45,1,44
-46,1,44
-46,1,44
-45,1,45
-45,1,45
-45,1,44
-46,1,44
-45,1,44
-45,1,45
-45,1,44
-45,1,44
-45,1,44
-46,1,44
-46,1,44
-46,1,44
-45,1,44
-46,1,44
-46,1,44
-46,1,44
-45,1,45
-46,1,44
-45,1,44
-45,1,44
-45,1,44
-46,1,44
-46,1,44
-46,1,44
-45,1,44
-46,1,44
-46,1,44
-45,1,44
-45,1,44
-46,1,44
-46,1,44
-46,1,44
-45,1,44
-45,1,44
-45,1,44
-45,1,44
-46,1,44
-46,1,44
-45,1,44
-45,1,45
-44,0,45
-44,0,45
-45,0,44
-45,0,44
-46,1,45
-46,2,45
-46,3,43
-47,3,44
-46,1,44
-46,0,44
-46,0,43
-47,0,43
-45,1,44
-45,2,45
-45,2,44
-45,0,44
-44,0,45
-45,0,44
-46,1,44
-46,1,44
-46,2,44
-46,2,44
-46,2,44
-46,2,44
-46,1,43
-45,1,44
-45,1,44
-45,1,44
-45,1,45
-46,1,44
-46,1,44
-45,2,44
-45,2,45
-45,1,45
-45,1,45
-45,1,44
-45,1,44
-45,2,45
-45,2,45
-45,2,44
-46,1,44
-46,1,44
-45,0,45
-44,1,45
-45,1,44
-46,2,44
-45,2,45
-45,1,45
-45,1,46
-45,2,46
-44,2,44
-45,2,45
-43,1,45
-45,1,44
-47,0,43
-47,0,45
-44,1,46
-44,2,44
-46,3,44
-45,3,45
-44,0,46
-46,-1,42
-48,-1,42
-45,0,45
-44,1,46
-44,3,46
-44,3,46
-45,3,45
-45,2,45
-44,0,45
-45,-1,45
-45,0,45
-44,1,45
-45,3,45
-45,3,45
-46,3,45
-47,3,44
-46,1,44
-45,0,45
-45,0,45
-44,0,45
-44,2,45
-45,2,45
-46,1,45
-45,1,45
-45,1,44
-45,1,45
-44,1,45
-44,1,46
-45,2,45
-46,1,44
-46,1,44
-45,1,45
-45,1,45
-44,1,45
-45,2,45
-45,1,45
-45,1,45
-45,1,45
-45,1,45
-45,1,45
-45,1,45
-46,1,44
-45,2,44
-45,2,45
-45,1,45
-45,1,44
-45,1,45
-45,1,44
-45,1,45
-45,1,45
-45,1,45
-45,1,44
-45,1,44
-45,1,45
-45,2,45
-45,2,45
-45,2,44
-45,1,45
-46,2,45
-45,2,45
-45,1,45
-45,1,45
-45,1,44
-45,1,44
-45,1,45
-45,1,45
-45,2,45
-45,2,45
-45,2,45
-45,2,45
-45,1,45
-45,2,44
-45,1,45
-45,1,45
-45,1,45
-45,2,45
-45,2,45
-45,1,45
-45,1,45
-45,2,45
-45,2,45
-45,1,44
-45,1,45
-45,1,45
-45,1,44
-45,1,45
-45,2,45
-45,1,45
-45,1,45
-45,1,45
-45,1,45
-45,1,45
-45,1,45
-45,1,45
-45,2,45
-45,2,45
-45,2,45
-45,1,45
-45,2,45
-45,2,45
-45,1,45
-45,1,45
-45,1,44
-45,2,44
-45,2,45
-45,2,45
-45,2,45
-45,2,45
-45,2,45
-45,2,45
-45,2,45
-45,2,45
-45,2,45
-45,2,45
-45,2,45
-45,2,45
-45,2,45
-45,2,44
-45,2,44
-45,2,45
-45,2,45
-45,1,45
-45,2,45
-45,2,45
-45,2,45
-45,1,45
-44,1,45
-45,1,45
-45,2,44
-45,2,45
-45,2,45
-45,2,45
-45,2,44
-45,1,44
-45,2,44
-45,1,44
-45,2,44
-45,2,45
-45,2,45
-45,1,45
-44,1,45
-45,1,45
-45,1,45
-45,2,45
-45,2,44
-45,2,45
-45,1,45
-45,1,44
-46,1,44
-46,1,44
-45,1,45
-44,2,45
-45,2,45
-45,1,45
-45,1,44
-46,2,44
-45,1,45
-44,1,45
-46,1,44
-46,1,44
-45,1,45
-45,1,45
-45,2,45
-45,1,45
-45,1,45
-46,1,44
-45,1,45
-45,1,45
-45,1,45
-45,1,44
-45,1,45
-45,1,45
-45,2,45
-45,2,45
-45,2,45
-45,1,45
-45,1,44
-45,2,45
-45,1,45
-45,1,45
-45,1,45
-45,1,45
-45,1,44
-45,1,44
-45,1,45
-45,1,45
-45,1,45
-45,1,45
-45,2,45
-45,2,45
-45,1,45
-45,1,45
-45,1,45
-45,1,45
-45,1,45
-45,1,45
-45,1,45
-45,2,45
-45,1,45
-45,1,45
-45,1,45
-45,1,45
-45,1,45
-45,1,45
-45,1,45
-45,1,45
-45,2,45
-45,2,45
-45,2,44
-44,2,45
-45,2,44
-45,2,45
-45,2,45
-45,3,46
-45,2,45
-45,2,45
-44,2,45
-45,2,44
-45,2,45
-44,3,46
-44,3,46
-44,3,46
-45,3,45
-44,2,46
-43,2,46
-44,2,45
-44,3,45
-44,3,46
-45,3,47
-44,0,45
-43,0,45
-45,2,45
-47,3,45
-44,2,45
-43,1,47
-43,1,46
-45,0,46
-44,0,46
-43,4,45
-43,5,44
-46,3,47
-45,1,48
-44,0,44
-44,1,43
-43,3,46
-43,3,47
-45,0,46
-45,-1,46
-45,1,44
-45,1,44
-45,2,45
-44,2,46
-44,1,46
-46,1,45
-45,2,44
-44,2,45
-43,0,46
-45,-1,45
-45,-1,44
-46,0,44
-45,2,45
-48,2,43
-43,2,49
-47,3,46
-50,2,42
-44,2,42
-43,2,44
-46,0,45
-47,-1,44
-46,-2,42
-46,-1,43
-45,2,44
-46,2,45
-46,2,45
-46,2,44
-46,3,44
-46,3,44
-45,1,45
-45,1,45
-46,0,43
-47,0,42
-47,0,43
-45,0,44
-46,1,44
-47,1,43
-46,1,44
-46,1,44
-46,1,44
-46,1,44
-46,1,43
-47,1,44
-47,1,43
-47,1,43
-46,0,43
-46,1,44
-46,1,44
-46,1,44
-46,1,44
-46,1,43
-47,1,43
-47,1,44
-46,1,44
-46,1,44
-46,1,44
-46,1,44
-45,1,44
-46,1,44
-46,1,44
-46,1,44
-46,1,44
-46,1,44
-46,1,44
-46,1,43
-47,2,43
-46,1,44
-46,1,44
-46,1,44
-46,1,44
-46,1,43
-46,1,44
-46,1,44
-45,1,44
-46,1,44
-46,1,44
-46,1,44
-46,1,44
-46,1,44
-45,1,44
-46,1,44
-46,1,44
-45,1,44
-45,1,44
-46,1,44
-46,1,44
-46,1,44
-46,1,44
-46,1,44
-46,1,44
-46,1,44
-46,1,44
-46,1,44
-46,1,44
-46,1,44
-46,1,44
-45,1,44
-46,1,44
-46,1,44
-46,1,44
-46,1,44
-46,1,44
-45,1,44
-46,2,44
-45,2,45
-45,0,44
-45,0,44
-46,-1,44
-46,0,44
-46,2,44
-46,3,44
-46,2,44
-46,1,44
-47,0,43
-46,0,44
-46,1,44
-46,2,44
-46,1,43
-46,1,44
-45,0,44
-45,0,44
-46,0,44
-46,1,44
-46,1,44
-47,1,43
-47,1,43
-46,1,43
-46,1,44
-46,0,43
-46,0,43
-46,0,44
-46,1,44
-46,2,44
-46,2,44
-46,2,44
-46,2,44
-46,2,44
-46,2,44
-46,1,44
-47,1,43
-46,1,43
-46,1,44
-46,1,44
-46,1,43
-47,1,43
-46,1,44
-46,1,44
-46,1,43
-47,0,43
-47,0,43
-47,0,43
-47,1,43
-47,1,43
-46,1,43
-46,1,43
-47,1,43
-46,1,43
-46,1,43
-46,1,44
-47,1,43
-47,1,43
-46,1,44
-46,1,44
-46,1,44
-46,1,44
-46,1,44
-46,1,43
-46,1,43
-46,1,43
-46,1,44
-46,1,44
-46,1,43
-46,1,44
-46,1,43
-46,1,44
-46,1,44
-46,1,44
-46,1,44
-46,1,44
-46,1,44
-46,1,43
-46,1,44
-46,1,44
-46,1,43
-46,1,43
-46,1,44
-46,1,44
-46,1,43
-46,1,44
-46,1,43
-46,1,44
-46,1,44
-46,1,43
-46,1,44
-46,1,43
-46,1,43
-46,1,43
-46,1,44
-46,1,44
-46,1,43
-46,1,44
-46,1,44
-46,1,44
-46,0,44
-46,1,44
-46,1,44
-46,1,43
-46,1,44
-46,1,44
-46,1,44
-46,1,44
-46,1,44
-46,1,43
-46,1,44
-46,1,44
-46,0,43
-46,1,44
-46,1,44
-46,1,44
-46,1,44
-46,1,44
-46,0,44
-46,1,44
-46,1,43
-46,1,44
-46,1,44
-46,1,44
-46,0,44
-46,1,44
-46,1,44
-46,1,44
-46,1,44
-46,1,44
-46,1,43
-46,1,44
-46,1,44
-46,1,44
-46,0,44
-46,1,43
-46,0,43
-46,1,44
-46,1,44
-46,1,44
-46,1,43
-46,1,44
-46,1,44
-46,1,43
-46,1,44
-46,0,44
-46,1,44
-46,1,43
-46,0,43
-46,0,44
-46,0,44
-46,1,44
-46,1,44
-46,1,44
-46,0,44
-46,1,43
-46,1,43
-46,1,44
-46,1,44
-46,1,44
-46,1,43
-46,1,43
-46,1,44
-46,1,44
-46,1,43
-46,1,44
-46,1,44
-46,1,44
-47,2,44
-46,1,44
-45,1,43
-46,0,42
-47,-1,43
-48,0,44
-47,2,44
-45,4,44
-45,3,44
-45,0,44
-46,-2,44
-48,-2,42
-48,0,42
-46,2,43
-45,3,44
-45,2,44
-45,1,45
-46,0,44
-45,0,44
-46,0,44
-46,0,43
-47,0,43
-46,1,43
-45,0,44
-46,0,44
-46,0,44
-46,2,44
-46,3,44
-46,3,44
-44,1,45
-43,-1,46
-44,-1,46
-48,1,44
-48,1,42
-46,2,43
-45,1,45
-44,0,46
-44,0,46
-46,1,44
-46,1,43
-46,1,44
-45,1,45
-45,1,45
-45,2,45
-45,2,45
-44,1,45
-44,1,46
-44,1,46
-45,1,46
-44,0,44
-44,0,44
-43,-1,46
-44,-1,47
-44,0,46
-45,1,45
-45,1,45
-45,1,45
-45,1,46
-44,1,46
-45,1,45
-44,0,45
-44,0,46
-44,0,46
-45,0,45
-44,0,45
-44,1,45
-43,1,46
-42,0,46
-44,-2,46
-44,-3,46
-45,0,46
-45,2,45
-45,4,45
-44,3,46
-43,1,47
-43,0,47
-43,0,46
-43,0,46
-44,0,45
-44,0,45
-44,0,47
-44,1,47
-44,3,46
-44,3,46
-43,2,47
-43,1,47
-44,0,46
-44,0,46
-44,0,46
-44,1,45
-44,1,46
-43,0,46
-43,0,46
-45,-1,45
-44,-1,45
-44,0,46
-45,1,46
-44,3,46
-44,4,46
-43,3,47
-43,2,47
-43,0,47
-43,0,46
-43,0,45
-43,0,45
-44,0,46
-44,0,47
-44,2,47
-45,3,46
-44,3,46
-43,2,46
-43,1,47
-43,0,46
-44,0,45
-44,1,45
-44,1,45
-44,0,46
-45,0,46
-45,1,45
-46,2,44
-45,2,44
-45,2,46
-44,1,46
-44,0,45
-44,0,45
-44,0,44
-45,-1,44
-45,-1,45
-45,0,45
-46,0,45
-45,2,44
-46,2,44
-45,2,45
-45,2,45
-45,1,45
-45,1,45
-45,0,44
-45,0,45
-44,0,45
-44,-1,45
-45,-1,45
-45,-1,45
-45,0,45
-46,2,45
-46,3,45
-45,2,45
-45,1,45
-45,1,45
-46,0,45
-45,0,44
-45,0,44
-44,-1,45
-45,-1,44
-46,-1,44
-47,0,44
-46,2,44
-45,3,45
-45,3,45
-44,2,45
-45,0,44
-46,-2,44
-46,-2,44
-46,0,43
-47,1,43
-47,2,44
-45,2,45
-46,1,44
-46,1,44
-46,1,43
-45,1,44
-45,0,44
-45,0,44
-47,0,43
-46,0,44
-47,0,42
-48,1,43
-46,1,43
-45,1,43
-46,0,44
-47,0,43
-47,0,42
-47,0,42
-46,0,43
-46,0,44
-46,0,44
-47,0,43
-47,0,43
-46,0,44
-45,0,44
-46,0,44
-46,0,44
-46,0,43
-47,0,43
-47,0,43
-46,0,44
-46,0,44
-47,1,44
-46,1,43
-46,1,44
-46,0,44
-46,0,43
-47,0,43
-47,0,43
-47,0,44
-46,0,43
-46,0,44
-47,0,43
-47,0,43
-47,0,43
-46,0,43
-47,0,43
-46,0,43
-46,0,43
-46,0,44
-46,0,43
-46,0,43
-46,0,43
-46,0,44
-46,0,43
-46,0,44
-47,0,43
-46,0,43
-46,0,43
-46,0,44
-46,0,44
-46,0,43
-47,0,43
-46,0,44
-46,0,44
-46,0,44
-46,0,43
-46,0,43
-46,0,43
-47,0,44
-46,0,44
-46,0,44
-46,0,44
-46,0,44
-46,0,43
-47,0,43
-46,0,44
-46,0,43
-46,0,43
-46,0,44
-46,0,43
-46,0,43
-46,0,44
-46,0,43
-46,1,43
-46,0,44
-46,0,44
-46,0,43
-46,0,43
-46,0,43
-46,0,44
-46,0,43
-46,0,43
-46,0,43
-46,0,43
-46,0,44
-46,0,43
-46,0,43
-46,0,43
-46,0,43
-46,0,43
-46,0,43
-46,0,43
-46,0,43
-46,0,43
-46,0,43
-46,0,43
-46,0,43
-46,0,43
-47,0,43
-47,0,43
-46,0,43
-46,0,44
-46,0,43
-46,0,43
-47,0,42
-47,0,43
-46,0,44
-46,0,44
-46,0,43
-46,0,43
-46,-1,43
-46,0,43
-46,0,44
-46,0,43
-46,0,43
-47,0,43
-47,0,43
-46,0,43
-46,0,43
-46,0,43
-46,0,44
-46,0,44
-47,0,43
-46,0,43
-47,0,43
-46,0,44
-46,0,43
-47,0,43
-46,0,43
-46,0,44
-47,0,43
-47,1,43
-47,1,43
-46,0,44
-47,0,43
-47,0,43
-47,0,43
-46,0,43
-46,0,44
-47,0,44
-47,0,43
-46,0,43
-46,0,43
-46,0,44
-46,0,44
-47,0,43
-47,0,43
-46,0,43
-46,0,43
-46,0,43
-46,0,44
-46,0,44
-47,0,43
-46,0,43
-47,0,43
-47,0,44
-46,0,44
-46,0,43
-46,0,43
-46,0,43
-46,0,44
-46,0,44
-46,0,44
-46,0,44
-47,0,43
-46,0,44
-46,0,44
-46,0,44
-46,0,43
-46,0,44
-46,0,44
-46,0,44
-46,0,44
-46,0,43
-46,0,44
-46,0,43
-46,0,44
-46,0,43
-46,0,44
-46,0,43
-46,0,43
-47,0,44
-47,0,44
-46,0,44
-46,0,44
-46,0,43
-46,0,43
-46,0,44
-46,0,44
-47,0,43
-46,0,43
-46,0,44
-46,0,44
-46,0,43
-46,0,43
-46,0,43
-46,0,44
-47,0,44
-46,0,44
-46,0,43
-46,0,43
-46,0,44
-46,0,44
-46,0,43
-46,0,44
-46,0,44
-46,0,44
-46,0,43
-46,0,43
-46,0,43
-46,0,44
-46,0,44
-46,1,44
-46,0,44
-46,0,43
-46,0,43
-46,0,44
-46,0,43
-46,0,43
-46,0,43
-46,0,43
-46,0,44
-47,1,44
-45,1,43
-45,0,43
-46,-2,45
-47,-1,45
-47,1,43
-47,1,42
-47,1,43
-47,1,44
-47,1,44
-47,0,43
-46,0,43
-46,0,44
-46,0,43
-46,0,44
-46,0,44
-46,1,44
-46,0,44
-45,0,44
-46,0,43
-46,0,43
-47,0,43
-47,1,43
-47,0,44
-46,0,43
-46,0,43
-46,0,43
-46,0,43
-46,-1,44
-46,-1,44
-46,0,44
-47,1,44
-47,1,43
-46,1,44
-46,0,44
-46,0,44
-46,0,43
-47,0,43
-47,0,44
-46,0,43
-46,0,44
-46,0,44
-46,0,44
-46,0,44
-46,0,44
-46,0,44
-46,0,44
-46,0,43
-46,0,43
-46,0,44
-46,0,44
-46,0,44
-46,0,43
-46,0,44
-46,0,44
-46,0,44
-46,0,44
-46,0,44
-46,0,44
-46,0,43
-46,0,43
-46,0,44
-46,0,43
-46,0,44
-46,0,44
-46,0,44
-46,0,44
-46,0,43
-46,0,43
-46,0,44
-46,0,44
-46,0,44
-46,0,44
-46,0,43
-47,1,43
-46,0,43
-46,0,44
-46,0,44
-46,1,43
-46,0,43
-46,0,44
-46,0,44
-46,0,44
-46,0,43
-46,0,43
-46,0,44
-46,0,44
-46,0,44
-46,0,44
-46,0,43
-46,0,44
-46,0,43
-46,0,43
-46,1,44
-47,1,44
-47,0,44
-45,0,44
-46,1,43
-46,1,43
-46,0,44
-46,0,44
-46,1,43
-46,1,44
-46,0,44
-46,0,44
-46,0,43
-46,0,43
-46,0,44
-46,0,44
-46,0,44
-46,0,44
-46,0,44
-46,0,44
-46,0,44
-46,0,43
-46,0,44
-47,0,43
-46,0,43
-46,0,43
-46,0,44
-46,0,43
-46,0,44
-46,0,44
-46,0,44
-45,0,44
-46,0,44
-46,0,44
-46,0,44
-46,0,43
-46,0,43
-47,1,44
-46,0,44
-46,0,44
-46,1,44
-46,1,43
-47,0,43
-47,0,43
-46,0,44
-46,0,44
-46,0,44
-46,0,44
-46,0,43
-46,1,44
-45,0,44
-45,0,44
-46,0,44
-46,0,44
-46,0,44
-46,0,44
-46,1,44
-46,1,44
-46,1,44
-46,1,44
-46,1,44
-46,1,44
-46,0,44
-46,0,44
-45,0,44
-45,0,44
-45,0,44
-45,0,44
-46,0,44
-46,1,44
-46,2,44
-46,1,44
-46,1,44
-47,0,43
-46,0,44
-46,0,44
-46,-1,43
-46,-1,44
-45,-1,44
-46,1,44
-46,1,44
-46,2,44
-46,1,44
-46,1,44
-46,0,44
-47,0,43
-46,0,43
-45,-1,43
-46,1,44
-46,0,44
-46,0,44
-46,0,44
-46,0,44
-46,0,43
-47,1,44
-46,1,43
-46,1,44
-47,1,44
-47,0,43
-46,0,44
-46,0,43
-46,0,43
-46,0,44
-46,0,44
-46,0,44
-46,0,43
-46,0,43
-46,0,43
-47,1,45
-46,1,46
-47,1,42
-47,0,42
-46,1,44
-46,0,44
-46,0,43
-45,0,44
-45,0,44
-46,-1,44
-46,-1,44
-46,0,44
-47,1,43
-46,1,44
-45,1,45
-46,1,44
-46,0,44
-46,0,44
-46,0,44
-46,0,44
-45,0,44
-45,0,44
-45,0,44
-45,0,44
-45,0,44
-45,1,45
-45,1,45
-46,1,43
-46,1,43
-46,0,44
-46,0,44
-46,0,44
-45,0,44
-45,0,44
-45,0,44
-45,1,45
-45,1,44
-46,1,44
-46,1,44
-46,1,44
-46,1,44
-45,1,44
-45,1,45
-46,1,44
-46,1,44
-45,1,44
-45,1,45
-46,1,44
-45,1,44
-46,1,44
-46,1,44
-46,1,44
-45,1,44
-46,1,44
-46,1,43
-46,1,44
-46,1,44
-47,1,44
-47,1,44
-46,1,44
-46,1,44
-46,1,44
-46,1,44
-46,0,44
-46,0,44
-45,0,44
-46,0,44
-46,0,44
-46,0,44
-46,1,44
-46,1,44
-46,1,44
-46,1,44
-46,1,44
-45,1,44
-44,0,44
-46,1,44
-45,1,45
-45,0,44
-47,0,43
-45,0,44
-44,0,45
-46,2,45
-45,3,45
-44,2,45
-45,2,44
-45,3,46
-44,2,46
-46,2,44
-45,1,43
-45,-1,44
-47,0,45
-46,3,45
-45,4,45
-44,5,46
-44,6,46
-45,5,46
-44,3,46
-46,2,45
-44,3,45
-42,4,46
-43,3,45
-43,3,46
-42,4,49
-41,4,48
-43,3,46
-44,3,45
-43,5,48
-42,5,48
-42,4,47
-43,3,46
-43,3,47
-43,3,47
-42,3,48
-42,3,47
-42,3,47
-42,3,48
-43,2,48
-44,2,46
-45,2,44
-44,2,45
-42,3,47
-43,3,46
-45,2,45
-45,2,44
-44,1,44
-47,2,44
-46,1,44
-46,3,45
-45,3,45
-45,2,44
-46,2,44
-47,0,43
-46,0,44
-46,0,44
-46,1,44
-46,2,44
-45,2,44
-46,2,44
-45,1,45
-45,0,45
-46,0,44
-46,1,44
-46,2,44
-46,3,43
-45,2,44
-45,1,44
-46,1,43
-46,2,43
-47,1,43
-47,1,43
-48,1,42
-48,0,42
-47,0,42
-47,0,43
-47,0,43
-47,0,43
-46,1,43
-46,1,43
-46,1,43
-46,1,43
-47,0,42
-47,0,42
-47,0,43
-46,0,43
-47,0,43
-47,0,43
-47,1,43
-47,1,43
-46,1,44
-47,1,43
-46,1,43
-46,1,43
-47,1,43
-47,1,43
-47,0,43
-46,0,43
-47,1,43
-47,1,43
-46,1,43
-46,1,43
-46,1,43
-47,1,43
-46,1,43
-46,1,43
-46,1,43
-46,1,43
-46,1,43
-46,1,43
-47,1,43
-46,1,43
-46,1,43
-46,1,43
-46,1,43
-46,1,43
-46,0,43
-46,1,44
-47,1,43
-46,1,43
-46,1,43
-47,1,43
-46,1,43
-46,1,44
-47,1,43
-47,1,43
-46,1,43
-46,1,43
-46,1,43
-47,1,43
-46,1,44
-46,1,44
-47,1,43
-47,1,43
-46,1,43
-46,1,44
-47,1,43
-46,1,43
-46,1,43
-47,1,43
-47,1,43
-46,1,43
-46,1,43
-46,1,43
-46,1,43
-46,1,43
-46,1,43
-46,1,43
-46,1,44
-46,1,44
-46,1,43
-46,1,43
-46,1,43
-46,1,44
-46,1,43
-46,1,43
-46,1,43
-47,1,44
-46,1,43
-46,1,43
-46,1,43
-46,1,43
-46,1,43
-47,1,43
-46,1,43
-46,1,43
-47,1,44
-46,1,43
-46,1,43
-46,1,43
-46,1,44
-46,1,44
-46,1,43
-47,1,43
-46,1,43
-46,1,43
-46,1,43
-46,1,43
-46,1,43
-46,1,43
-46,1,43
-47,1,44
-47,1,43
-46,1,43
-47,1,43
-47,1,43
-46,1,43
-46,1,43
-46,1,43
-46,1,44
-46,1,44
-46,1,44
-46,1,43
-46,1,44
-46,1,44
-46,2,43
-46,1,43
-46,1,44
-46,2,44
-46,2,44
-46,2,43
-46,2,43
-46,2,43
-47,2,44
-46,1,44
-46,1,44
-46,1,43
-46,1,43
-47,1,43
-46,2,44
-46,2,44
-46,1,43
-47,1,43
-46,1,43
-46,1,43
-47,1,43
-47,1,43
-47,1,43
-46,1,44
-47,1,43
-46,1,43
-46,1,43
-46,1,44
-46,1,44
-47,1,43
-47,1,43
-46,1,43
-46,2,43
-46,1,44
-46,1,43
-46,1,43
-47,1,43
-46,1,43
-46,1,43
-46,1,43
-47,1,43
-47,1,43
-46,2,44
-46,2,44
-47,1,44
-47,1,43
-47,2,42
-47,2,42
-46,2,44
-46,1,45
-47,1,43
-47,0,42
-48,0,42
-48,1,42
-47,1,43
-46,1,43
-46,1,44
-46,0,43
-47,0,42
-47,0,42
-47,1,43
-47,2,43
-46,2,43
-47,2,42
-48,1,42
-48,0,41
-48,0,41
-48,-1,41
-49,-1,41
-49,-1,41
-50,0,41
-50,0,41
-47,0,43
-47,0,43
-48,0,41
-48,0,42
-47,0,42
-47,0,42
-47,1,42
-47,1,43
-47,1,43
-47,1,43
-47,1,43
-47,0,43
-48,1,42
-48,1,42
-47,1,42
-47,0,42
-47,1,43
-47,1,43
-48,1,42
-48,1,42
-47,1,42
-47,1,42
-47,1,43
-47,1,42
-48,1,42
-47,1,42
-47,0,42
-47,0,42
-48,0,42
-48,0,41
-47,1,42
-47,1,42
-48,0,42
-48,0,42
-48,1,42
-48,0,42
-47,0,42
-47,0,42
-47,1,42
-48,1,42
-48,1,42
-48,1,42
-48,1,41
-47,0,42
-47,1,42
-48,1,42
-47,0,42
-47,1,42
-47,1,42
-47,1,42
-47,1,42
-47,1,42
-47,1,42
-47,1,42
-47,1,42
-47,1,42
-47,1,42
-47,2,42
-47,1,42
-47,1,43
-47,1,42
-48,1,42
-47,1,42
-47,1,43
-47,1,42
-47,1,42
-48,1,43
-47,0,42
-47,0,42
-48,1,42
-48,1,42
-48,1,42
-47,1,42
-47,1,42
-47,1,42
-47,1,42
-47,1,42
-47,1,42
-47,1,42
-47,1,42
-47,1,42
-47,1,42
-47,1,42
-47,1,42
-47,1,42
-47,1,43
-47,1,42
-47,1,42
-47,1,42
-47,0,42
-47,0,42
-47,1,42
-48,1,42
-47,1,43
-47,1,43
-47,1,43
-47,1,43
-47,1,42
-47,1,42
-47,1,43
-47,0,43
-47,0,43
-47,0,42
-47,1,43
-47,1,43
-47,1,43
-46,1,43
-47,1,43
-47,2,44
-47,2,43
-48,2,41
-46,1,41
-44,0,45
-44,-1,45
-48,0,42
-49,0,41
-48,0,40
-48,1,40
-47,0,41
-48,0,42
-51,1,43
-51,1,42
-47,1,41
-44,2,41
-48,4,42
-50,4,42
-45,4,44
-45,4,44
-46,3,44
-47,3,43
-49,3,41
-47,3,41
-47,3,41
-47,3,42
-46,3,44
-46,2,44
-47,3,43
-49,3,41
-48,3,41
-47,2,43
-46,2,43
-48,2,42
-48,2,42
-47,2,42
-47,2,42
-48,3,42
-47,3,43
-46,4,43
-46,3,44
-46,3,43
-47,3,42
-47,3,42
-48,3,42
-47,2,43
-47,2,43
-47,2,42
-47,2,43
-47,3,43
-47,3,42
-47,3,42
-46,3,43
-47,3,43
-47,3,42
-47,3,42
-46,3,43
-46,3,43
-47,3,43
-48,2,42
-47,3,42
-47,3,42
-47,2,42
-48,3,42
-47,3,43
-46,3,43
-48,2,41
-48,2,41
-48,1,42
-48,2,42
-48,2,42
-48,3,42
-48,2,41
-48,1,41
-49,2,41
-46,3,42
-45,4,44
-47,2,42
-48,1,41
-50,-1,41
-49,0,41
-50,3,41
-49,3,41
-46,5,43
-46,4,43
-48,1,42
-48,0,41
-48,0,42
-48,0,41
-48,0,42
-48,0,43
-53,-1,38
-42,0,41
-57,3,46
-45,1,43
-43,3,36
-48,1,47
-50,1,47
-49,0,37
-50,1,36
-48,2,42
-49,1,44
-50,0,41
-48,1,39
-48,2,40
-49,2,42
-49,2,42
-48,1,42
-48,1,41
-49,1,40
-49,0,41
-48,1,41
-48,1,41
-48,1,41
-48,1,41
-48,2,41
-48,2,43
-45,1,48
-49,5,35
-61,-1,18
-52,1,40
-44,-1,48
-44,0,49
-49,1,40
-50,3,38
-50,3,42
-49,3,42
-48,1,41
-48,0,41
-47,1,42
-53,3,38
-48,1,46
-47,0,48
-48,1,37
-51,1,34
-48,0,42
-48,0,43
-50,0,41
-47,0,41
-48,1,41
-50,1,41
-49,0,41
-48,0,41
-49,0,41
-49,0,40
-49,0,40
-49,0,41
-48,0,41
-49,0,41
-49,0,41
-49,1,41
-49,1,41
-48,1,41
-48,1,41
-47,0,41
-48,0,41
-49,0,41
-49,0,41
-48,0,41
-48,0,41
-48,1,41
-47,0,41
-48,0,41
-48,0,42
-48,1,42
-49,1,42
-48,2,42
-48,2,42
-48,1,41
-48,0,42
-48,0,41
-48,-1,41
-48,0,41
-49,0,41
-49,1,41
-49,2,41
-48,2,42
-48,1,41
-49,1,41
-48,0,41
-48,0,41
-49,0,41
-49,0,41
-48,1,41
-48,1,42
-48,1,41
-48,0,41
-48,0,41
-48,1,41
-48,1,41
-48,1,41
-48,0,41
-49,0,41
-48,0,41
-48,1,41
-48,1,42
-48,1,42
-48,1,42
-48,0,41
-48,0,41
-48,0,42
-48,1,41
-48,1,41
-48,0,41
-48,0,42
-48,0,42
-48,0,41
-48,1,42
-48,1,42
-48,1,42
-47,1,42
-48,1,42
-48,1,42
-49,0,41
-48,1,41
-48,1,42
-48,1,42
-48,0,41
-48,1,41
-49,1,41
-49,1,41
-48,0,41
-47,0,42
-48,1,42
-48,0,41
-49,1,41
-48,1,41
-48,1,42
-48,1,42
-48,1,41
-48,0,41
-48,0,41
-48,0,42
-48,1,41
-48,1,41
-48,1,41
-48,1,42
-48,1,42
-48,1,41
-48,1,41
-48,1,41
-48,1,42
-48,1,41
-48,1,41
-48,1,42
-48,1,42
-48,1,41
-48,1,42
-48,1,41
-48,1,41
-48,1,41
-48,1,42
-48,1,42
-48,1,41
-48,1,41
-49,1,41
-48,1,42
-47,1,42
-48,1,41
-48,1,41
-48,1,41
-48,1,42
-48,1,42
-48,1,42
-48,1,41
-48,1,42
-48,1,42
-47,1,42
-48,1,42
-48,1,41
-48,1,42
-48,1,42
-48,1,42
-48,1,42
-48,1,42
-48,1,42
-48,1,42
-48,1,42
-48,1,42
-47,1,42
-47,1,42
-48,0,42
-48,1,42
-48,0,41
-48,1,42
-47,1,42
-47,1,42
-48,1,42
-48,1,42
-48,1,42
-47,1,42
-47,1,42
-48,1,42
-48,0,42
-48,0,41
-48,0,42
-47,1,42
-48,1,42
-48,1,42
-48,1,42
-47,0,42
-48,1,42
-48,1,42
-48,1,42
-48,0,42
-48,1,42
-48,0,42
-47,1,42
-48,1,42
-48,1,42
-48,1,42
-48,1,42
-48,1,41
-48,1,42
-48,1,42
-48,1,42
-47,1,42
-47,1,42
-48,1,41
-48,1,42
-48,1,42
-47,1,42
-48,1,42
-48,1,42
-48,1,42
-47,1,42
-47,1,42
-48,1,42
-48,1,42
-48,1,42
-48,1,42
-48,1,42
-47,1,42
-48,1,42
-48,1,42
-48,1,42
-48,1,42
-48,1,42
-48,1,42
-48,1,42
-48,1,42
-48,1,42
-48,1,42
-47,1,42
-47,1,42
-48,1,42
-48,1,42
-47,1,42
-48,1,42
-47,1,42
-47,1,42
-47,1,42
-48,1,42
-47,1,42
-47,1,42
-47,1,42
-47,1,42
-47,0,42
-47,0,42
-48,1,42
-48,2,42
-47,2,42
-47,1,42
-48,1,42
-48,1,42
-48,1,42
-48,1,41
-48,1,42
-48,1,42
-48,1,42
-47,1,42
-47,1,42
-47,1,42
-47,1,42
-47,1,42
-48,1,42
-48,1,42
-47,1,42
-47,1,42
-47,1,42
-47,1,42
-47,1,42
-47,1,42
-48,1,42
-48,1,42
-47,1,42
-48,1,42
-47,1,42
-48,1,42
-48,0,42
-47,1,42
-47,1,42
-47,1,42
-47,1,42
-48,1,42
-48,1,42
-47,1,42
-48,1,42
-48,1,42
-48,1,42
-48,1,42
-47,0,42
-48,1,42
-48,1,42
-48,1,42
-47,1,42
-47,1,42
-47,1,42
-47,1,42
-47,0,42
-47,0,42
-47,1,42
-48,1,42
-49,2,41
-48,2,41
-48,1,42
-48,1,42
-48,0,42
-48,0,41
-48,0,41
-47,0,42
-47,1,42
-47,1,42
-48,0,42
-48,1,42
-47,1,42
-48,1,42
-48,1,42
-48,1,42
-48,0,42
-48,1,42
-48,1,42
-48,1,42
-47,1,42
-48,1,42
-48,1,42
-48,1,42
-48,1,42
-48,1,42
-48,1,42
-48,1,42
-48,1,42
-48,1,42
-48,1,42
-47,1,42
-48,1,41
-48,1,42
-48,1,42
-47,1,42
-48,1,42
-47,1,42
-47,1,42
-47,1,42
-47,1,42
-48,1,42
-48,1,42
-47,2,42
-48,1,42
-48,1,42
-48,1,42
-48,1,42
-48,1,42
-48,1,42
-47,1,42
-47,1,42
-47,1,42
-47,1,42
-47,2,42
-47,2,42
-47,1,42
-47,1,42
-48,1,41
-47,1,42
-47,1,42
-47,2,42
-47,1,43
-47,2,43
-47,2,42
-47,1,42
-47,1,42
-47,1,42
-47,1,42
-47,1,42
-47,1,42
-47,1,42
-47,1,42
-47,1,42
-47,1,42
-47,1,43
-47,1,42
-47,1,42
-47,1,42
-47,1,42
-47,1,42
-47,1,42
-47,1,42
-47,2,43
-48,1,42
-47,1,42
-47,1,42
-47,1,42
-47,1,43
-47,1,42
-47,1,42
-47,1,42
-47,1,42
-47,1,42
-47,1,42
-47,1,42
-47,1,42
-47,1,42
-48,1,42
-47,1,42
-47,1,42
-47,1,42
-47,1,42
-47,1,42
-47,2,42
-48,1,42
-47,1,42
-47,1,42
-47,1,42
-47,1,42
-47,1,42
-47,1,42
-48,1,42
-47,1,42
-48,1,42
-47,1,42
-47,1,42
-47,1,42
-47,1,42
-48,1,42
-48,1,42
-47,1,43
-48,1,42
-47,1,42
-47,1,42
-47,1,43
-47,1,43
-47,1,42
-47,1,42
-47,1,43
-47,1,42
-47,1,42
-47,1,42
-47,1,42
-47,1,42
-47,1,42
-47,1,42
-47,1,42
-47,1,42
-47,1,42
-47,1,42
-47,1,42
-47,2,42
-47,1,42
-47,1,43
-47,1,42
-47,1,42
-47,1,42
-47,1,43
-47,1,42
-47,1,42
-47,1,42
-47,1,43
-47,1,42
-48,1,42
-47,1,42
-47,1,43
-47,1,42
-47,1,42
-48,1,42
-48,1,42
-47,1,43
-47,1,42
-47,1,42
-47,1,43
-47,1,43
-47,1,42
-47,2,43
-47,2,42
-47,1,42
-48,1,42
-47,1,42
-47,1,43
-47,1,42
-47,1,42
-47,1,43
-47,1,42
-47,1,42
-47,1,42
-47,1,42
-48,1,42
-47,1,42
-47,1,42
-47,1,42
-48,1,42
-47,1,42
-47,1,42
-47,1,42
-47,1,42
-47,1,42
-47,1,42
-47,1,42
-48,1,42
-47,1,42
-47,1,42
-47,1,42
-47,1,42
-47,1,43
-47,1,42
-47,1,42
-47,1,42
-47,1,43
-47,1,42
-47,1,42
-47,1,42
-47,1,42
-47,1,42
-47,1,42
-47,1,42
-47,1,42
-47,1,42
-47,1,42
-47,1,42
-47,1,42
-47,1,42
-47,1,42
-47,1,42
-47,1,42
-47,1,42
-47,1,42
-47,1,42
-47,1,42
-47,1,42
-47,1,42
-47,1,42
-47,1,42
-47,1,42
-47,1,42
-47,1,42
-47,1,42
-47,1,42
-47,1,42
-47,1,42
-47,1,42
-47,1,42
-47,1,43
-47,1,42
-47,1,42
-47,1,42
-47,1,42
-47,1,42
-47,1,42
-47,1,42
-47,1,42
-47,2,43
-47,1,42
-47,1,42
-47,1,42
-47,1,42
-47,1,42
-47,2,42
-47,1,42
-47,1,42
-47,1,42
-47,1,42
-47,1,43
-47,1,42
-47,1,42
-47,1,42
-47,1,42
-47,1,42
-47,1,42
-47,1,42
-47,1,42
-47,2,42
-47,1,42
-47,1,42
-47,1,42
-47,1,42
-47,1,43
-47,1,42
-47,1,42
-47,1,42
-47,1,42
-47,1,42
-47,1,42
-47,1,42
-47,1,42
-47,1,42
-47,1,42
-47,1,42
-47,1,42
-47,1,42
-47,1,42
-47,1,42
-47,1,42
-47,2,42
-47,1,42
-47,1,42
-47,1,42
-48,1,42
-47,1,42
-47,1,42
-47,1,42
-48,2,42
-47,1,42
-47,1,42
-47,2,42
-47,1,42
-47,1,42
-47,1,42
-47,1,42
-47,1,42
-47,1,42
-47,1,42
-47,1,42
-47,1,42
-47,1,42
-47,1,42
-47,1,42
-47,1,42
-47,1,42
-47,1,42
-48,1,42
-47,1,42
-47,1,42
-47,1,43
-47,1,42
-47,1,43
-47,1,43
-47,1,43
-47,1,43
-47,2,43
-47,2,43
-47,1,42
-47,1,42
-48,1,42
-48,1,42
-47,1,42
-48,1,43
-47,1,42
-47,1,42
-47,1,42
-47,1,43
-47,1,42
-47,1,42
-47,1,43
-47,1,43
-47,1,43
-47,1,43
-47,1,43
-47,1,43
-47,2,42
-47,1,43
-47,2,43
-47,1,42
-47,1,42
-47,1,42
-47,1,42
-47,2,42
-47,2,42
-47,1,42
-47,1,42
-48,1,42
-48,1,42
-47,1,42
-47,1,42
-47,1,42
-47,1,42
-48,1,42
-47,1,42
-47,1,43
-47,1,42
-47,1,42
-47,1,42
-47,1,42
-47,1,42
-47,1,42
-47,1,42
-48,1,42
-47,1,42
-47,1,42
-47,2,42
-47,2,42
-48,2,42
-47,2,42
-47,2,42
-47,2,42
-47,2,42
-47,2,42
-47,2,42
-47,2,43
-47,2,42
-47,1,42
-47,2,42
-47,2,42
-47,1,42
-47,1,42
-47,1,42
-47,1,43
-47,2,42
-47,2,42
-47,2,42
-47,2,42
-47,2,42
-47,2,42
-47,2,42
-47,2,42
-47,2,42
-47,1,42
-47,2,42
-47,2,42
-47,2,42
-47,2,42
-47,2,42
-47,2,42
-47,1,42
-47,1,42
-47,1,43
-47,1,42
-47,2,42
-47,2,42
-47,2,43
-47,1,43
-47,1,42
-47,1,42
-47,2,42
-47,1,42
-47,1,43
-47,1,42
-47,2,42
-47,1,42
-47,2,42
-47,1,42
-47,1,42
-47,1,42
-47,1,42
-47,2,43
-47,1,42
-47,1,42
-47,1,42
-47,1,42
-47,2,42
-47,1,42
-47,1,42
-47,1,42
-47,1,42
-47,2,42
-47,2,42
-47,2,42
-47,1,43
-47,1,42
-47,1,42
-47,2,42
-47,1,42
-47,2,43
-47,2,43
-47,2,42
-47,2,42
-47,2,42
-47,2,42
-47,2,43
-47,2,42
-47,2,43
-47,2,42
-47,2,42
-47,2,43
-47,2,42
-47,2,42
-47,2,43
-47,2,42
-47,2,42
-47,2,43
-47,2,43
-47,2,43
-47,2,42
-47,2,42
-47,2,43
-47,2,42
-47,2,42
-47,1,43
-47,2,43
-47,2,42
-47,2,42
-47,2,43
-47,2,43
-47,2,42
-47,2,43
-47,2,42
-47,2,43
-47,2,42
-47,2,42
-47,2,43
-47,2,43
-47,2,43
-47,2,42
-47,1,43
-47,1,43
-47,1,42
-47,2,43
-47,2,43
-47,2,42
-47,1,42
-47,2,42
-47,2,42
-47,1,43
-47,1,42
-47,2,42
-47,2,42
-47,1,43
-47,1,42
-47,1,42
-47,1,43
-47,2,42
-47,1,42
-47,2,43
-47,2,43
-47,2,43
-47,2,42
-47,2,42
-47,2,43
-47,2,43
-47,1,43
-47,1,42
-47,2,43
-48,2,42
-47,1,42
-48,1,42
-48,1,42
-47,2,42
-47,3,42
-47,3,42
-48,3,42
-48,3,42
-48,1,42
-48,0,42
-48,0,42
-49,1,42
-47,1,41
-47,0,41
-48,0,41
-47,0,42
-47,0,42
-47,0,42
-47,0,42
-47,0,42
-47,0,42
-48,0,41
-49,1,41
-49,1,41
-49,1,41
-48,0,41
-49,0,41
-49,0,41
-49,1,41
-49,1,40
-49,1,41
-49,1,41
-49,2,41
-48,1,41
-49,1,41
-48,0,41
-48,-1,41
-48,0,41
-48,0,41
-48,0,41
-48,0,41
-49,0,41
-49,0,41
-49,0,41
-49,1,41
-48,1,41
-49,1,41
-48,1,41
-48,1,41
-48,0,41
-48,0,41
-48,0,41
-48,-1,41
-48,-1,41
-48,0,41
-48,1,42
-48,1,42
-48,1,42
-48,1,41
-48,0,41
-48,0,41
-48,0,41
-48,0,41
-48,0,42
-48,0,41
-48,0,41
-48,1,41
-48,1,42
-48,1,41
-48,1,41
-48,1,41
-48,0,41
-48,0,41
-48,0,42
-48,0,41
-48,1,41
-48,1,41
-48,1,41
-49,1,41
-48,1,41
-48,0,41
-48,0,42
-49,0,41
-48,0,41
-48,1,42
-48,1,41
-48,1,42
-48,1,41
-48,1,41
-48,1,42
-48,1,41
-48,1,41
-48,1,41
-48,0,41
-48,1,42
-48,1,42
-48,1,42
-48,1,41
-48,1,41
-48,1,41
-48,1,41
-48,0,41
-48,1,41
-48,1,41
-48,1,41
-48,1,41
-48,0,41
-48,0,41
-48,0,41
-49,1,42
-48,1,42
-49,1,41
-48,1,41
-48,0,41
-48,0,41
-48,0,41
-48,0,41
-48,0,42
-48,1,41
-48,1,42
-48,1,42
-48,1,42
-48,1,42
-48,1,42
-48,1,42
-48,1,42
-48,1,42
-48,1,42
-48,1,41
-48,0,41
-48,0,42
-48,1,42
-48,1,42
-48,1,42
-48,0,42
-48,1,42
-48,1,42
-48,1,42
-48,1,42
-48,1,42
-48,1,42
-48,1,42
-48,1,41
-48,1,41
-48,1,42
-48,1,42
-48,1,41
-48,1,41
-48,1,42
-47,1,42
-48,1,42
-48,1,42
-48,1,42
-48,1,42
-48,1,42
-48,1,42
-48,1,42
-48,1,42
-48,1,42
-47,1,42
-48,1,42
-48,1,42
-48,1,42
-48,1,42
-48,1,42
-48,1,42
-48,1,42
-48,1,42
-48,1,42
-48,1,42
-48,1,42
-48,1,42
-48,1,42
-48,1,42
-48,1,42
-48,1,42
-48,1,42
-48,1,42
-48,1,42
-48,1,42
-48,1,42
-48,1,42
-48,1,42
-48,1,42
-47,1,42
-47,1,42
-47,1,42
-48,1,42
-48,2,42
-47,2,43
-47,1,42
-48,1,42
-48,1,42
-48,1,42
-48,1,42
-47,1,42
-48,1,41
-48,2,42
-47,1,42
-47,1,42
-47,1,42
-47,1,42
-47,1,42
-48,1,42
-47,1,42
-48,1,42
-48,1,42
-48,1,42
-48,1,42
-48,1,42
-48,1,42
-48,1,42
-47,1,42
-48,1,42
-48,1,42
-47,1,42
-48,1,42
-48,1,42
-48,1,42
-48,1,42
-47,1,42
-48,1,42
-48,1,42
-47,1,42
-48,1,42
-48,1,42
-47,1,42
-48,1,42
-48,1,42
-48,1,42
-48,1,42
-47,1,42
-47,1,42
-47,1,42
-47,1,42
-47,1,42
-46,1,42
-47,1,42
-48,1,43
-47,1,43
-48,3,42
-48,2,41
-48,1,41
-48,1,42
-48,0,42
-48,0,42
-47,1,43
-46,2,43
-47,2,43
-47,1,42
-47,1,42
-47,1,42
-48,1,42
-48,2,42
-48,1,42
-48,1,42
-48,1,42
-47,1,42
-47,1,42
-47,1,42
-48,2,42
-47,2,42
-47,2,42
-47,2,42
-48,1,42
-48,1,42
-48,1,42
-48,1,42
-48,1,42
-47,2,43
-47,2,43
-46,1,42
-46,1,43
-46,0,43
-47,1,43
-47,1,42
-47,2,42
-48,2,42
-49,2,41
-48,1,41
-50,1,41
-50,1,40
-49,1,42
-48,1,42
-47,1,42
-47,1,42
-46,1,43
-46,1,43
-47,0,42
-47,1,43
-47,2,43
-47,2,42
-48,1,41
-48,1,42
-48,0,42
-48,0,42
-47,1,42
-46,1,42
-46,1,43
-48,2,42
-48,2,43
-46,1,43
-47,1,42
-47,1,42
-48,1,43
-47,1,43
-47,1,42
-48,1,41
-48,1,42
-47,1,44
-47,2,43
-47,2,42
-47,1,42
-47,1,43
-47,1,42
-47,1,42
-47,2,42
-47,1,43
-47,1,43
-47,1,43
-47,1,42
-47,1,43
-47,2,43
-47,2,42
-48,2,41
-48,1,41
-48,1,42
-48,1,42
-47,1,42
-47,1,42
-47,1,42
-47,1,43
-47,1,43
-47,1,42
-47,2,42
-47,1,42
-48,1,41
-47,0,42
-47,1,42
-47,1,42
-47,1,43
-47,2,43
-48,2,42
-47,2,42
-47,2,42
-48,1,42
-48,1,42
-48,1,42
-47,1,42
-47,1,42
-47,1,42
-47,2,42
-47,2,42
-47,2,42
-48,2,42
-47,1,42
-47,1,42
-48,1,42
-48,1,42
-48,1,42
-47,1,42
-47,1,42
-47,1,42
-48,1,42
-48,1,42
-47,1,42
-47,1,42
-47,1,42
-47,1,42
-48,1,42
-47,1,42
-47,1,42
-47,2,42
-47,2,42
-47,1,42
-47,1,42
-47,1,42
-48,1,42
-47,1,42
-47,1,42
-47,1,42
-47,1,42
-47,1,42
-47,1,42
-47,1,43
-47,1,42
-47,1,42
-48,1,42
-47,1,42
-47,1,42
-47,1,42
-48,1,42
-48,1,42
-47,1,42
-47,1,42
-47,1,42
-47,1,42
-47,1,42
-47,1,42
-48,1,42
-48,1,42
-48,1,42
-48,1,42
-47,1,42
-47,1,42
-47,1,42
-48,1,42
-48,2,42
-47,2,42
-47,1,42
-47,1,42
-47,0,42
-47,0,42
-47,0,42
-48,1,42
-48,2,42
-47,2,43
-47,2,43
-47,1,42
-47,1,42
-47,1,42
-47,1,42
-47,1,42
-47,1,42
-48,1,43
-47,2,43
-47,1,42
-47,2,43
-47,2,43
-47,2,43
-45,1,43
-46,1,43
-46,1,44
-46,1,44
-47,3,43
-46,2,42
-48,1,42
-49,1,42
-49,1,42
-49,1,41
-48,1,41
-48,1,42
-48,1,42
-46,1,43
-46,1,43
-46,1,43
-46,1,43
-46,2,43
-47,1,43
-47,1,42
-48,1,42
-48,1,42
-48,1,42
-48,1,42
-48,1,41
-48,1,42
-47,1,43
-47,1,43
-46,1,43
-46,1,42
-47,1,42
-46,1,43
-47,1,43
-47,2,42
-48,2,42
-48,1,42
-48,1,42
-48,1,42
-48,1,43
-47,1,42
-47,1,42
-47,1,42
-46,1,43
-46,0,43
-47,1,43
-47,1,43
-47,2,42
-47,2,42
-48,1,42
-48,1,42
-48,1,42
-48,1,42
-47,1,42
-47,1,42
-47,1,43
-47,1,42
-47,1,42
-47,1,43
-47,1,43
-47,1,43
-47,1,43
-47,1,42
-48,1,42
-48,1,42
-47,1,42
-47,1,43
-47,1,42
-47,1,42
-47,1,42
-47,2,42
-47,2,43
-47,1,42
-48,1,42
-47,1,42
-47,1,42
-47,1,42
-47,1,42
-47,1,42
-47,1,42
-47,1,43
-47,1,42
-47,1,42
-47,1,42
-47,1,42
-47,1,42
-47,1,42
-47,1,42
-47,1,42
-47,1,42
-47,1,43
-47,1,42
-47,1,42
-47,2,42
-47,1,42
-47,1,42
-47,1,42
-47,2,42
-47,2,43
-47,1,42
-47,1,42
-47,1,42
-47,1,43
-47,1,43
-47,1,43
-47,1,42
-47,1,42
-47,1,42
-47,1,43
-47,1,42
-47,1,42
-47,1,42
-47,1,42
-47,1,42
-47,1,43
-47,1,43
-47,1,42
-47,1,43
-47,1,42
-47,1,42
-47,1,43
-47,1,43
-47,1,42
-47,1,42
-47,2,42
-47,1,43
-47,1,42
-47,1,43
-47,1,42
-47,1,43
-47,1,42
-47,1,43
-47,1,43
-47,1,42
-47,1,42
-47,1,43
-47,1,42
-47,1,42
-47,1,42
-47,1,42
-47,1,42
-47,1,42
-47,1,42
-47,1,42
-47,1,42
-47,1,43
-47,1,42
-47,1,43
-47,1,42
-47,1,43
-47,1,43
-47,1,42
-47,1,42
-47,1,42
-47,1,42
-47,1,43
-47,1,43
-47,1,42
-47,1,42
-47,1,42
-47,1,43
-47,1,42
-47,1,42
-47,1,42
-47,1,42
-47,1,42
-47,1,43
-47,1,42
-47,1,43
-47,1,43
-47,2,42
-47,2,42
-47,1,43
-47,1,43
-47,2,42
-47,1,42
-47,1,42
-46,2,45
-46,1,45
-47,3,43
-49,3,40
-47,1,40
-45,1,44
-46,-1,45
-49,-2,44
-49,1,41
-48,3,42
-47,5,43
-47,5,44
-45,3,43
-47,1,42
-49,-3,41
-48,-4,41
-47,0,41
-45,4,44
-45,4,45
-46,2,43
-47,1,43
-48,0,42
-47,0,42
-46,1,43
-46,2,44
-47,3,44
-46,2,44
-45,3,45
-46,1,43
-45,-1,43
-46,-2,42
-49,-1,42
-48,0,43
-47,2,44
-47,3,44
-46,4,43
-47,3,42
-46,-1,42
-47,-2,42
-47,0,43
-46,1,44
-45,2,45
-45,3,44
-44,1,45
-45,1,46
-45,1,44
-46,2,43
-45,3,43
-47,1,45
-47,0,45
-46,0,43
-46,-1,42
-46,0,43
-46,0,44
-45,2,45
-45,3,46
-46,3,45
-46,3,44
-46,2,43
-45,1,43
-46,1,45
-45,1,45
-46,0,43
-48,1,42
-47,1,43
-46,2,44
-46,2,44
-46,2,44
-46,1,44
-46,1,43
-47,0,43
-47,1,43
-46,0,42
-47,1,43
-47,1,43
-47,1,43
-47,2,43
-47,1,43
-47,1,43
-46,1,44
-46,1,44
-46,0,43
-46,0,43
-46,2,43
-46,1,43
-46,2,44
-46,2,44
-46,2,43
-47,1,43
-46,1,43
-51,3,43
-44,1,45
-46,0,43
-46,0,42
-48,3,42
-48,3,44
-45,2,45
-46,0,43
-44,1,44
-47,1,43
-47,1,43
-47,1,43
-46,2,43
-46,2,44
-46,1,43
-47,1,43
-47,1,43
-46,1,43
-46,1,44
-47,1,43
-47,0,42
-47,1,43
-46,1,44
-46,1,43
-46,1,43
-46,1,43
-46,1,44
-47,1,43
-46,0,43
-47,1,44
-46,1,44
-47,0,41
-45,2,45
-45,2,45
-46,2,44
-47,2,43
-47,2,43
-46,1,43
-46,1,43
-46,1,44
-46,1,43
-46,1,43
-45,1,43
-46,1,44
-47,1,44
-47,2,43
-47,2,43
-47,2,43
-47,1,43
-47,1,43
-46,0,43
-46,1,43
-46,1,43
-46,2,43
-47,2,43
-47,2,43
-47,2,43
-46,1,43
-45,1,43
-46,1,43
-46,0,43
-47,0,43
-47,0,43
-47,1,42
-47,3,43
-45,3,44
-46,3,45
-47,2,44
-47,1,43
-47,1,42
-47,1,42
-46,2,44
-47,2,43
-47,2,43
-47,1,42
-47,1,43
-47,2,43
-47,2,43
-47,2,43
-47,2,43
-46,2,43
-47,1,43
-47,0,43
-47,1,43
-47,1,43
-47,2,43
-46,2,43
-46,2,43
-47,1,43
-47,1,42
-47,1,42
-47,1,42
-49,1,42
-47,1,42
-48,2,43
-47,3,43
-46,3,43
-46,2,42
-46,0,43
-47,0,42
-48,0,42
-49,0,42
-48,2,42
-47,2,42
-47,2,42
-47,1,42
-48,0,42
-48,0,41
-48,0,42
-48,1,42
-48,2,42
-47,1,42
-47,1,42
-47,1,42
-47,0,42
-47,1,42
-46,1,43
-47,1,43
-47,1,42
-47,0,42
-47,1,42
-47,1,42
-47,1,42
-47,1,42
-47,1,43
-47,1,43
-48,1,42
-48,1,41
-48,2,42
-47,1,43
-47,1,43
-46,0,42
-46,0,42
-47,0,42
-47,0,43
-48,0,42
-48,1,43
-48,3,43
-48,4,42
-46,2,42
-45,1,44
-46,1,44
-46,1,43
-46,0,43
-46,-2,43
-47,-2,44
-48,1,43
-48,3,42
-45,5,43
-45,4,44
-48,3,43
-49,2,43
-47,0,42
-46,0,43
-45,0,43
-46,1,44
-47,2,43
-47,3,43
-47,3,43
-47,2,44
-47,1,43
-47,1,43
-46,1,43
-46,1,43
-47,1,43
-47,2,44
-47,3,43
-47,3,43
-47,2,43
-47,1,43
-47,1,42
-46,1,43
-46,1,43
-47,2,44
-47,2,43
-46,3,44
-46,3,44
-46,2,43
-46,2,43
-47,2,43
-46,1,43
-45,2,44
-45,2,44
-45,3,44
-45,3,44
-45,2,44
-45,1,44
-46,1,44
-47,1,43
-47,2,43
-45,3,44
-45,3,44
-46,2,44
-46,2,44
-46,2,44
-46,2,44
-46,1,43
-46,1,43
-47,1,43
-47,0,43
-47,1,43
-46,2,43
-46,2,44
-46,2,44
-46,2,44
-46,2,44
-46,2,44
-46,2,44
-46,1,43
-45,1,43
-46,1,44
-47,1,44
-46,2,43
-47,1,43
-47,1,43
-47,1,43
-47,2,43
-47,1,43
-47,2,43
-46,2,44
-46,2,44
-45,1,43
-45,1,44
-45,1,45
-47,1,44
-46,2,43
-46,1,44
-46,1,44
-46,1,44
-46,2,44
-46,2,44
-46,2,43
-45,2,44
-46,2,45
-47,1,44
-46,2,43
-46,2,44
-45,2,44
-45,1,45
-46,1,44
-46,1,43
-46,1,43
-46,2,44
-46,2,45
-47,2,44
-47,2,43
-46,2,43
-46,2,44
-46,2,45
-46,2,44
-46,2,43
-46,2,44
-46,2,44
-46,1,44
-45,1,44
-46,2,44
-46,2,44
-46,2,44
-46,2,44
-46,2,44
-46,2,45
-46,3,44
-46,2,44
-45,2,44
-46,2,44
-45,2,45
-45,1,45
-45,0,44
-45,1,44
-46,1,45
-45,1,45
-46,3,45
-47,3,43
-46,3,43
-46,2,43
-46,0,44
-47,1,44
-47,1,43
-47,1,42
-47,1,43
-46,2,44
-45,2,44
-45,1,44
-46,2,44
-46,1,44
-46,2,44
-46,2,44
-46,2,43
-46,2,43
-47,1,43
-46,0,44
-46,1,44
-46,1,44
-46,2,44
-46,2,44
-46,1,44
-46,1,43
-46,1,43
-46,1,44
-45,1,44
-46,2,44
-46,1,44
-46,1,44
-46,1,44
-46,1,44
-46,1,44
-46,2,44
-46,2,44
-46,1,44
-46,1,43
-46,1,43
-46,1,44
-46,1,44
-46,1,44
-46,2,44
-46,2,44
-45,2,44
-46,1,44
-46,1,44
-45,1,44
-45,1,44
-46,1,44
-46,1,44
-45,2,44
-45,2,45
-46,2,44
-45,2,44
-45,2,45
-45,2,45
-45,2,44
-46,2,44
-46,2,44
-46,2,44
-46,2,44
-45,2,45
-45,2,45
-45,2,44
-45,2,44
-46,2,44
-46,2,44
-46,2,44
-45,2,44
-45,3,44
-45,3,45
-45,2,45
-45,2,44
-45,2,44
-45,2,44
-45,1,45
-45,1,45
-45,1,45
-45,2,45
-45,2,45
-45,3,44
-45,3,45
-46,3,45
-47,3,44
-46,2,43
-47,2,43
-46,2,44
-46,2,44
-46,1,44
-45,1,44
-45,2,45
-45,2,45
-45,2,44
-44,1,44
-45,1,45
-45,0,44
-46,2,45
-46,3,45
-47,4,43
-47,3,43
-47,2,43
-46,1,43
-47,-1,43
-46,-1,44
-44,1,45
-44,2,46
-44,2,46
-44,2,45
-45,2,44
-45,2,45
-45,2,45
-45,2,44
-46,2,45
-46,1,44
-46,1,44
-46,1,44
-45,1,44
-45,2,45
-45,2,45
-45,1,45
-45,1,45
-44,1,45
-45,1,45
-44,1,45
-44,1,46
-45,2,45
-45,3,45
-45,3,44
-46,2,44
-45,1,45
-45,1,45
-45,1,45
-45,1,45
-45,1,44
-45,1,45
-44,1,45
-44,2,46
-44,2,46
-45,2,45
-45,1,45
-45,1,45
-45,2,45
-45,2,45
-45,2,45
-44,2,45
-44,2,46
-45,1,45
-45,1,45
-45,2,45
-45,2,45
-45,2,45
-45,2,45
-45,2,45
-45,2,45
-45,2,45
-44,2,45
-45,2,45
-47,2,43
-46,2,43
-46,2,45
-46,2,45
-46,2,44
-46,2,44
-45,1,44
-45,1,44
-47,1,43
-46,1,44
-46,2,44
-45,2,44
-45,2,45
-45,2,45
-45,2,45
-45,2,45
-45,1,45
-45,2,45
-45,2,45
-45,2,45
-45,2,45
-44,2,45
-45,2,45
-45,2,45
-45,1,45
-45,2,45
-45,2,45
-45,2,45
-44,2,45
-45,2,45
-44,2,45
-45,2,45
-45,2,45
-45,2,45
-45,2,45
-45,2,45
-45,2,45
-45,2,45
-45,2,45
-45,2,45
-45,2,45
-45,2,45
-45,2,45
-45,2,45
-45,3,45
-45,2,44
-46,2,45
-45,2,45
-45,3,45
-45,3,45
-45,3,45
-45,2,45
-45,3,45
-45,2,45
-45,3,44
-46,3,44
-45,3,45
-45,2,45
-45,2,44
-45,2,45
-45,2,45
-45,2,45
-45,3,45
-45,3,45
-45,3,45
-45,2,45
-45,2,45
-45,2,45
-45,2,45
-44,3,45
-44,3,45
-44,2,45
-44,2,45
-45,2,45
-45,3,45
-45,3,45
-44,3,45
-44,2,45
-44,2,45
-45,2,44
-45,2,44
-46,2,45
-46,2,44
-45,2,45
-45,2,45
-44,2,45
-45,2,45
-44,2,45
-45,2,44
-45,2,45
-45,2,46
-45,2,45
-44,2,45
-45,2,45
-45,2,45
-45,2,45
-45,2,45
-45,2,45
-45,3,45
-45,2,45
-45,2,45
-45,2,45
-45,2,45
-45,2,45
-45,2,45
-45,2,45
-45,3,45
-45,3,44
-45,3,45
-45,3,45
-45,3,45
-45,2,45
-45,2,45
-45,3,45
-45,3,45
-45,3,45
-45,2,45
-45,3,45
-45,3,45
-45,2,45
-45,2,44
-45,3,45
-45,3,45
-45,2,45
-45,2,44
-45,2,44
-45,2,45
-45,2,45
-45,2,45
-45,2,44
-45,2,45
-45,2,45
-45,2,45
-45,3,45
-45,2,45
-45,2,45
-45,2,45
-45,2,44
-45,2,45
-45,2,45
-45,2,44
-45,3,45
-45,2,45
-45,2,45
-45,2,45
-45,2,44
-45,2,45
-45,2,45
-45,2,44
-45,3,45
-45,2,45
-45,2,45
-45,2,44
-45,2,44
-45,2,44
-45,2,45
-45,2,45
-45,2,44
-45,3,45
-45,2,45
-45,2,45
-45,2,45
-45,2,44
-45,2,45
-45,2,45
-45,2,45
-45,2,45
-45,2,45
-45,2,44
-45,2,45
-45,2,45
-45,2,45
-45,2,45
-45,2,45
-45,2,45
-45,2,45
-45,2,45
-45,2,44
-45,2,45
-45,2,45
-45,2,45
-45,2,44
-45,2,45
-45,2,45
-45,2,45
-45,2,45
-45,2,45
-45,2,44
-45,2,45
-45,2,45
-45,2,45
-45,2,44
-45,2,45
-45,2,45
-45,2,45
-45,2,45
-45,2,45
-45,2,44
-45,2,45
-45,2,45
-45,2,45
-45,2,44
-45,2,45
-45,2,45
-45,2,45
-45,2,45
-45,2,45
-45,2,45
-45,2,44
-45,2,44
-45,2,44
-45,2,45
-45,2,44
-45,2,44
-45,2,45
-45,2,44
-45,2,44
-45,2,44
-45,2,45
-45,2,45
-45,2,44
-45,2,44
-46,2,44
-45,2,44
-45,2,44
-45,2,44
-45,2,45
-45,2,44
-45,2,45
-45,2,44
-45,2,44
-45,2,44
-45,2,44
-45,2,44
-45,2,45
-46,2,44
-45,2,44
-45,2,44
-45,2,44
-45,2,44
-45,2,44
-46,2,44
-45,2,44
-45,2,44
-45,2,45
-45,2,44
-45,2,44
-45,2,45
-45,2,44
-45,2,44
-45,2,44
-45,2,44
-45,2,44
-45,3,45
-45,3,45
-45,2,44
-45,2,44
-46,3,44
-45,2,44
-45,2,45
-45,3,44
-46,2,45
-46,2,45
-45,2,44
-45,2,44
-45,3,44
-46,3,44
-45,2,44
-45,2,44
-46,2,44
-45,2,44
-45,2,44
-45,2,44
-45,2,45
-45,2,44
-45,2,44
-45,2,44
-45,2,44
-46,2,44
-45,2,44
-45,2,45
-45,2,44
-45,2,44
-45,2,44
-45,2,44
-45,2,44
-45,2,44
-45,2,44
-45,2,44
-45,2,44
-45,2,44
-46,2,45
-45,2,45
-45,2,44
-45,3,44
-45,2,44
-45,2,45
-45,2,44
-45,2,44
-45,2,45
-45,2,44
-45,2,44
-46,2,44
-45,2,45
-45,2,44
-45,2,44
-45,2,45
-46,2,44
-45,2,44
-45,2,45
-45,2,45
-45,2,44
-45,2,44
-45,2,44
-45,2,45
-45,2,44
-45,2,44
-45,2,44
-45,2,44
-45,3,45
-45,2,45
-45,2,44
-45,2,44
-45,3,44
-45,2,45
-45,2,44
-45,2,44
-45,2,44
-45,2,44
-46,2,44
-45,2,44
-45,3,44
-45,2,44
-45,3,44
-46,3,44
-46,2,44
-46,2,44
-45,2,44
-45,2,45
-45,3,45
-46,2,44
-46,3,44
-45,2,44
-45,2,44
-46,2,44
-45,2,44
-46,2,44
-46,2,44
-45,2,44
-45,2,44
-46,2,44
-45,2,44
-45,2,44
-45,2,44
-45,2,44
-45,2,44
-45,2,44
-45,2,44
-46,2,44
-45,3,44
-45,3,45
-46,3,44
-45,2,44
-45,2,44
-45,2,44
-45,2,44
-46,2,44
-45,2,44
-45,2,44
-45,2,44
-45,2,45
-45,2,45
-45,2,44
-45,2,44
-45,2,45
-45,2,45
-45,2,44
-45,2,44
-45,2,45
-45,2,45
-45,2,45
-45,2,45
-45,2,45
-45,2,44
-45,2,44
-45,2,45
-45,2,45
-45,2,45
-45,2,45
-45,2,44
-45,2,44
-45,2,44
-45,2,45
-45,2,45
-45,2,44
-45,3,44
-45,2,44
-45,2,45
-45,2,44
-45,2,44
-45,2,44
-45,2,44
-45,2,44
-45,2,45
-45,2,45
-45,2,44
-45,2,44
-45,3,45
-45,2,44
-45,2,45
-45,2,45
-45,2,44
-45,2,44
-45,2,45
-45,2,45
-45,2,44
-45,2,44
-45,2,44
-45,2,45
-45,2,44
-45,2,44
-45,2,44
-45,3,45
-46,3,45
-48,3,45
-47,2,44
-43,2,41
-44,1,41
-44,1,46
-45,1,46
-46,1,45
-46,2,43
-45,3,44
-45,2,45
-45,2,45
-45,2,44
-46,1,43
-46,1,43
-46,2,43
-46,3,43
-44,4,46
-44,3,47
-45,3,45
-45,1,43
-46,1,43
-44,0,46
-44,1,46
-47,2,44
-46,2,43
-45,2,45
-44,2,45
-44,2,46
-44,2,46
-44,2,44
-45,2,44
-45,2,45
-45,2,45
-45,2,45
-45,2,45
-45,2,45
-45,2,45
-45,2,45
-45,2,45
-45,2,44
-45,2,45
-45,2,45
-45,3,45
-45,3,44
-45,3,45
-45,2,45
-45,3,44
-45,2,44
-45,2,44
-45,2,45
-45,2,44
-46,2,45
-45,2,45
-45,3,45
-45,3,45
-45,3,45
-45,2,45
-45,2,45
-45,2,44
-45,2,44
-45,2,44
-45,2,44
-45,2,45
-46,3,44
-45,3,44
-42,3,50
-26,1,52
-60,0,31
-48,3,40
-48,3,48
-46,1,45
-40,3,45
-40,4,45
-45,4,48
-45,3,47
-48,0,41
-47,1,43
-45,3,45
-45,2,45
-46,2,44
-46,2,44
-46,2,44
-46,2,44
-44,2,45
-44,2,45
-44,2,45
-45,2,45
-45,2,44
-45,3,45
-44,3,45
-45,2,45
-45,2,45
-45,2,45
-45,2,45
-44,2,45
-45,2,45
-45,2,45
-45,2,45
-45,2,45
-45,2,45
-45,2,45
-45,2,45
-45,2,45
-45,2,45
-45,2,45
-45,2,45
-45,2,44
-45,2,45
-45,2,45
-45,2,45
-45,2,45
-45,2,44
-45,2,45
-45,2,45
-45,2,45
-45,2,44
-45,2,44
-45,2,44
-45,3,45
-45,2,45
-45,3,45
-45,3,45
-45,3,44
-45,3,44
-45,3,45
-45,2,44
-45,2,45
-45,3,44
-45,3,45
-45,3,45
-45,3,45
-45,3,44
-45,3,44
-45,2,44
-45,2,45
-45,2,45
-45,3,45
-45,3,45
-45,3,45
-45,3,45
-45,2,45
-45,2,45
-45,2,45
-45,2,45
-45,3,45
-45,3,45
-45,2,45
-45,3,45
-45,3,45
-45,2,45
-45,2,45
-45,2,45
-45,2,45
-45,2,45
-45,2,45
-45,2,45
-44,2,45
-44,2,44
-46,3,45
-45,3,45
-45,2,44
-45,2,44
-44,2,45
-45,3,45
-45,3,45
-45,3,45
-45,3,45
-45,3,45
-46,3,44
-46,3,45
-45,3,45
-44,3,44
-45,3,44
-45,3,44
-45,3,45
-45,3,45
-45,3,45
-45,3,45
-45,2,45
-45,2,44
-45,3,44
-45,3,45
-45,3,45
-45,3,45
-45,3,44
-45,3,45
-45,3,44
-45,3,44
-45,3,45
-45,3,44
-45,2,45
-45,3,45
-45,3,45
-45,3,45
-45,3,45
-45,3,45
-45,3,45
-45,3,45
-45,2,44
-45,2,45
-45,2,44
-45,3,45
-45,3,45
-45,3,45
-45,3,44
-44,3,45
-45,2,45
-45,3,45
-45,3,45
-45,3,45
-46,3,44
-45,3,45
-45,3,45
-45,3,44
-45,3,44
-45,3,45
-46,3,45
-45,2,45
-45,3,45
-45,3,45
-45,3,45
-45,3,45
-45,3,45
-45,2,45
-45,2,45
-45,2,45
-45,3,44
-45,2,45
-45,2,45
-44,2,44
-45,3,45
-45,3,45
-46,3,43
-46,5,46
-42,5,47
-42,5,47
-45,2,43
-45,0,44
-46,1,46
-45,2,45
-46,4,43
-45,4,44
-41,2,48
-42,1,48
-45,1,43
-46,1,42
-47,3,45
-46,3,46
-44,2,44
-44,1,43
-45,2,46
-45,2,46
-44,2,45
-44,2,44
-44,1,45
-44,1,46
-44,2,46
-45,2,45
-45,3,45
-45,3,45
-45,3,46
-45,4,46
-45,3,45
-44,2,45
-45,2,46
-43,2,45
-44,3,45
-46,2,42
-40,3,48
-46,3,47
-47,2,45
-43,3,44
-43,4,43
-44,5,47
-45,2,46
-45,1,45
-45,2,44
-45,3,44
-45,3,44
-46,4,45
-44,3,46
-43,4,47
-45,5,46
-45,4,45
-43,4,45
-41,3,45
-42,2,47
-46,2,45
-46,1,44
-45,2,44
-44,3,46
-45,4,46
-46,5,44
-44,3,45
-42,1,47
-43,1,46
-45,2,44
-45,3,46
-43,3,47
-46,2,43
-46,2,44
-44,1,46
-44,2,46
-46,3,44
-47,3,43
-47,4,44
-46,5,45
-43,5,46
-42,4,46
-45,1,44
-47,-1,43
-46,-2,42
-47,-1,41
-51,0,41
-50,1,42
-47,3,44
-48,3,44
-47,3,42
-48,4,42
-45,3,45
-43,3,46
-44,1,45
-48,-1,41
-51,-1,39
-49,-1,42
-46,0,44
-44,2,45
-44,2,45
-45,1,44
-45,1,43
-45,0,44
-46,0,42
-46,-2,42
-45,-1,44
-45,0,44
-47,1,44
-49,2,44
-49,3,44
-49,5,44
-47,4,44
-46,3,43
-45,2,44
-44,1,44
-45,0,43
-47,0,42
-47,0,43
-47,1,43
-47,2,42
-47,2,42
-48,2,42
-48,3,43
-45,2,44
-46,1,42
-49,0,40
-49,0,41
-47,2,43
-45,2,44
-47,2,42
-48,1,41
-49,1,42
-49,1,42
-47,2,42
-47,2,42
-47,1,42
-47,1,42
-48,1,43
-49,2,43
-48,3,42
-47,3,42
-47,2,42
-47,2,42
-47,1,42
-47,1,43
-47,2,43
-48,2,42
-48,2,42
-47,1,43
-47,1,42
-48,1,42
-47,2,43
-47,1,43
-48,2,42
-47,2,42
-47,1,42
-48,0,41
-49,1,42
-47,2,43
-47,3,43
-47,3,41
-47,3,41
-48,3,43
-47,2,42
-48,2,43
-47,2,43
-46,3,42
-47,2,41
-48,1,43
-50,2,41
-50,2,41
-48,3,41
-48,3,41
-48,1,42
-48,1,42
-48,2,41
-50,3,39
-48,3,41
-46,3,42
-47,4,43
-48,4,43
-47,3,43
-47,3,42
-49,2,40
-49,2,41
-48,2,41
-49,2,41
-47,3,43
-46,4,44
-46,4,43
-47,3,43
-47,3,42
-49,2,41
-48,2,41
-47,2,42
-46,3,44
-47,5,44
-47,5,43
-50,3,40
-49,2,40
-47,2,42
-47,3,43
-47,4,42
-48,4,42
-46,3,43
-48,3,42
-49,1,41
-48,1,41
-47,3,43
-46,3,43
-48,4,40
-49,3,41
-47,1,44
-46,3,43
-47,4,42
-49,4,40
-48,3,42
-45,-2,44
-45,-2,44
-49,0,39
-50,1,37
-50,3,39
-49,1,42
-48,1,45
-49,3,42
-51,4,38
-51,2,38
-48,-2,41
-48,-3,41
-51,-1,39
-51,0,39
-49,2,40
-48,2,41
-47,1,42
-49,1,43
-48,2,41
-49,3,40
-49,3,40
-47,2,43
-47,2,43
-47,2,43
-47,3,42
-48,3,41
-47,2,41
-47,1,42
-46,0,42
-47,0,41
-48,1,42
-50,2,41
-50,2,41
-48,3,41
-48,3,42
-47,3,42
-46,1,42
-48,2,41
-49,3,43
-49,5,42
-48,6,42
-45,7,43
-45,4,43
-48,2,43
-49,2,42
-49,2,41
-48,5,41
-47,5,43
-44,5,45
-45,4,44
-47,2,42
-49,2,41
-48,3,42
-47,4,42
-46,4,43
-46,5,43
-46,6,44
-46,6,43
-48,5,43
-47,6,45
-43,8,50
-39,7,52
-52,3,42
-53,3,43
-39,1,50
-50,-2,39
-54,-4,38
-53,-5,37
-49,-4,38
-49,-2,36
-50,-4,33
-42,-4,35
-42,-4,37
-38,-2,41
-42,-1,38
-48,3,39
-50,3,42
-54,0,48
-50,-2,51
-38,-2,40
-45,0,40
-49,2,47
-44,0,49
-38,2,53
-35,4,53
-30,5,52
-28,3,55
-27,4,58
-28,9,59
-26,3,59
-29,4,55
-26,4,54
-26,3,54
-21,7,58
-20,9,64
-14,8,65
-16,6,56
-18,9,59
-19,11,60
-17,10,59
-16,13,61
-19,13,59
-17,12,59
-16,13,60
-16,11,59
-17,11,59
-16,12,60
-17,13,59
-16,13,60
-16,13,59
-16,14,60
-15,13,60
-16,12,59
-17,12,59
-17,12,59
-16,14,59
-16,14,59
-17,14,59
-17,13,59
-15,14,60
-16,14,60
-17,13,58
-17,14,59
-17,14,59
-16,14,59
-17,13,59
-17,13,59
-17,14,59
-17,14,59
-17,14,59
-17,13,59
-17,14,59
-18,14,59
-18,14,59
-17,14,59
-18,14,59
-18,14,58
-18,13,58
-17,14,59
-18,14,59
-18,14,59
-18,14,59
-18,14,58
-18,14,58
-18,13,59
-18,14,59
-17,14,59
-18,14,59
-18,14,58
-18,14,59
-18,13,59
-19,14,58
-17,14,59
-17,14,59
-19,14,58
-18,14,59
-18,14,59
-18,14,58
-18,14,59
-18,14,59
-17,14,59
-19,14,59
-18,14,59
-18,14,58
-19,14,58
-18,14,59
-19,14,58
-18,14,59
-18,14,58
-18,14,58
-18,14,58
-18,14,59
-18,14,59
-19,14,58
-19,14,59
-18,14,59
-19,14,58
-18,14,59
-18,14,59
-18,14,58
-18,14,58
-17,14,59
-18,14,59
-19,14,59
-17,14,59
-17,14,59
-19,15,58
-19,14,58
-19,14,58
-18,14,59
-19,14,58
-18,15,59
-17,14,59
-20,15,57
-18,14,59
-18,14,58
-19,15,58
-18,14,58
-18,15,59
-19,15,59
-18,14,59
-19,15,58
-17,14,59
-16,14,59
-19,14,57
-18,15,58
-18,16,60
-18,15,57
-18,15,57
-18,14,59
-19,15,58
-19,16,59
-18,15,59
-18,15,58
-18,16,59
-18,15,58
-17,15,58
-18,15,59
-18,14,57
-18,16,60
-18,16,60
-19,16,59
