1478932501.000000, 1478932501.000000, 1478932501.000000
32.000000, 32.000000, 32.000000
-2,50,58
2,46,72
-5,36,73
-11,19,69
-23,10,59
-36,-5,48
-42,-10,47
-35,-19,40
-24,-20,39
-14,-30,18
-28,-28,4
-68,-22,-21
-73,-21,-21
-63,-24,-11
-53,-24,15
-60,-28,22
-65,-37,19
-64,-39,15
-52,-41,12
-41,-40,12
-29,-46,15
-29,-47,18
-21,-50,8
-20,-52,-2
-28,-45,1
-28,-43,5
-22,-47,5
-28,-48,1
-29,-51,0
-29,-52,3
-33,-53,8
-28,-56,7
-26,-57,0
-29,-58,-3
-33,-56,1
-31,-53,7
-32,-57,1
-39,-58,0
-35,-56,6
-32,-57,2
-36,-57,-4
-34,-60,-2
-33,-59,0
-34,-57,-2
-33,-57,-1
-30,-54,2
-31,-55,1
-34,-56,2
-33,-55,6
-35,-53,6
-37,-54,4
-34,-54,8
-30,-54,9
-29,-58,5
-30,-58,7
-28,-56,12
-29,-60,7
-28,-58,5
-28,-54,8
-29,-53,8
-30,-54,8
-30,-54,8
-31,-55,12
-34,-57,10
-37,-58,11
-43,-60,12
-39,-68,5
-33,-64,-1
-24,-64,14
-17,-62,12
-26,-58,-3
-28,-55,-8
-18,-46,8
-23,-45,6
-32,-49,0
-28,-46,10
-34,-48,11
-44,-51,1
-38,-52,5
-35,-54,7
-35,-53,2
-36,-51,3
-48,-45,7
-29,-44,9
-16,-45,4
-7,-42,11
-14,-36,13
-24,-41,13
-33,-42,15
-39,-37,15
-49,-42,18
-66,-38,25
-71,-33,22
-76,-39,27
-70,-38,31
-60,-31,31
-56,-29,25
-53,-25,13
-48,-23,11
-40,-17,10
-40,-14,10
-35,-11,10
-40,-9,12
-53,-2,20
-63,-5,28
-82,-9,46
-116,-8,63
-81,-11,62
-18,-1,36
2,17,43
-30,16,58
-49,18,68
-41,15,63
-33,11,53
-26,9,48
-26,8,50
-27,10,52
-31,11,51
-38,12,51
-38,13,53
-33,14,54
-29,15,54
-30,16,53
-32,17,53
-34,18,52
-35,18,52
-34,19,54
-33,19,55
-32,18,54
-31,16,51
-30,16,51
-29,17,53
-29,19,53
-29,20,54
-29,20,54
-30,19,54
-30,18,53
-30,18,52
-30,18,53
-28,18,54
-28,19,54
-28,21,53
-29,22,53
-28,22,52
-28,20,52
-26,18,53
-26,18,54
-26,20,55
-26,22,55
-28,23,54
-28,23,53
-26,23,53
-26,23,53
-24,22,54
-22,21,56
-22,21,56
-22,22,55
-24,23,55
-26,25,55
-25,24,55
-24,25,58
-23,27,62
-29,25,60
-27,24,60
-25,16,59
-25,16,58
-17,17,58
-17,18,56
-10,18,53
-4,19,53
2,19,52
1,21,50
-9,26,48
-9,28,47
1,31,52
0,35,56
-14,41,61
-46,41,56
-54,39,57
-32,33,60
-22,28,56
-10,17,54
-7,15,56
-3,15,51
-6,14,53
-8,14,62
-5,12,59
-13,12,60
-16,12,60
-12,13,61
-8,14,62
-8,14,61
-4,13,60
-1,13,61
-1,14,61
-6,15,61
-6,15,62
-5,13,62
-6,12,60
-8,11,60
-4,11,62
-5,12,62
-7,13,62
-7,13,62
-7,13,61
-6,13,59
-8,12,61
-6,12,62
-6,12,61
-6,12,61
-5,12,61
-4,13,62
-6,12,62
-6,11,61
-6,10,62
-6,9,62
-7,9,60
-6,10,61
-5,12,62
-5,13,62
-4,13,62
-5,11,61
-8,9,59
-4,8,62
-3,9,63
-6,13,62
-7,14,61
-4,14,62
-4,14,63
36,2,97
-28,3,50
-3,8,62
-6,9,61
-7,8,65
-5,2,55
3,7,65
-7,9,57
-4,12,61
-7,14,61
-8,13,62
-9,12,62
-12,9,62
-12,8,62
-9,8,61
-8,8,60
-6,10,61
-5,11,62
-6,11,62
-9,11,60
-9,11,61
-9,11,62
-10,10,63
-11,10,62
-10,9,62
-10,8,62
-9,8,62
-8,9,61
-8,9,60
-11,10,59
-10,10,60
-9,10,60
-9,11,62
-9,10,63
-9,10,62
-7,10,62
-6,10,62
-8,10,61
-8,9,61
-9,9,61
-10,9,61
-10,9,61
-10,10,61
-10,10,61
-9,11,62
-9,11,61
-7,12,62
-7,12,62
-10,13,61
-10,12,61
-11,10,62
-12,9,62
-14,8,62
-13,9,61
-12,10,60
-12,10,59
-11,11,61
-11,11,63
-11,11,62
-13,10,61
-14,10,61
-14,9,60
-15,8,59
-15,7,59
-15,7,60
-15,8,61
-14,8,61
-16,8,61
-16,8,60
-17,8,59
-16,8,60
-15,9,60
-16,9,60
-17,10,60
-17,9,60
-16,8,60
-16,8,60
-17,7,59
-17,8,59
-16,9,60
-17,10,60
-17,10,60
-16,11,61
-17,10,60
-17,10,60
-17,10,60
-17,9,60
-17,9,60
-18,9,59
-17,9,59
-17,9,59
-18,10,60
-18,11,61
-18,10,61
-18,9,60
-18,9,60
-17,7,60
-18,7,59
-18,9,59
-19,10,59
-20,10,59
-20,10,59
-19,8,59
-19,8,61
-18,6,60
-17,6,61
-20,5,59
-22,6,58
-23,6,59
-23,5,60
-23,5,60
-23,5,60
-22,4,61
-24,2,59
-25,1,58
-26,-1,56
-24,-1,56
-24,0,55
-24,0,55
-25,1,58
-25,1,58
-28,1,56
-28,1,56
-29,0,56
-30,-1,57
-31,-2,55
-29,-2,55
-27,-1,56
-28,-1,57
-28,0,56
-28,0,55
-29,-1,56
-29,-1,56
-30,-1,56
-29,-2,55
-30,-2,57
-29,-4,56
-28,-4,55
-29,-3,56
-29,-1,56
-29,1,57
-28,2,57
-29,1,57
-29,0,57
-29,-2,56
-29,-3,56
-30,-4,57
-30,-4,56
-29,-2,54
-29,-1,55
-30,0,56
-30,0,56
-30,-1,55
-28,-3,56
-27,-5,56
-28,-5,56
-29,-4,57
-29,-1,57
-29,0,56
-30,-1,54
-30,-1,54
-29,-1,56
-29,-1,56
-27,-1,57
-28,0,57
-28,0,57
-28,0,56
-29,-1,56
-29,-1,56
-29,0,56
-29,0,57
-29,0,57
-29,0,56
-28,0,57
-28,0,57
-29,0,56
-29,0,56
-28,-1,56
-28,0,56
-28,0,57
-28,-1,57
-28,-1,57
-28,-1,56
-28,-1,57
-28,-1,56
-28,0,56
-28,0,57
-28,0,57
-28,0,58
-28,-1,57
-28,-2,54
-28,-2,55
-24,-3,59
-29,-2,56
-27,0,57
-29,0,58
-30,1,55
-31,0,56
-31,-3,52
-34,-3,53
-39,-4,53
-41,-4,47
-42,-4,46
-40,-3,48
-39,-4,49
-38,-3,49
-40,-3,49
-40,-2,48
-40,-2,49
-41,-1,51
-40,-2,50
-38,-3,47
-37,-2,46
-40,-2,51
-40,-3,52
-38,-2,50
-39,-2,49
-39,-2,50
-39,-2,51
-38,-2,49
-40,-2,48
-42,-2,47
-41,-1,48
-37,-1,50
-35,-1,56
-31,-1,58
-31,-1,56
-33,-1,54
-34,0,54
-35,0,53
-36,-1,50
-37,-1,51
-37,-2,51
-36,-1,52
-32,-2,54
-32,-2,55
-33,-1,54
-34,-1,53
-33,-1,53
-33,0,54
-34,0,54
-32,0,56
-34,-1,54
-34,-1,53
-34,0,52
-34,-1,52
-37,0,53
-29,-2,59
-29,-1,56
-25,-1,54
-32,0,55
-37,0,54
-40,0,51
-38,-2,44
-38,-1,47
-35,-1,57
-34,-1,57
-33,-2,54
-34,-2,52
-34,0,55
-33,0,57
-30,0,54
-30,0,53
-34,0,54
-34,0,54
-33,-2,53
-33,-1,53
-33,-3,54
-33,-3,53
-34,-1,51
-33,0,55
-35,4,55
-35,6,57
-34,5,56
-33,2,53
-33,1,52
-32,0,54
-33,1,56
-33,1,56
-33,1,54
-32,0,53
-31,0,53
-36,1,53
-34,1,53
-34,1,54
-33,1,54
-32,1,54
-32,1,54
-32,1,55
-37,1,54
-31,0,56
-33,0,54
-32,0,52
-33,2,55
-38,2,54
-29,1,55
-33,0,54
-31,0,52
-33,0,55
-35,1,53
-33,2,55
-36,1,55
-33,1,54
-33,2,52
-32,2,54
-34,2,53
-33,1,55
-33,-1,55
-32,-1,54
-32,-1,55
-33,-1,53
-33,0,53
-34,0,53
-32,0,56
-34,1,55
-32,1,53
-32,1,53
-33,1,56
-32,0,54
-33,0,54
-33,0,54
-32,1,54
-33,1,54
-33,1,54
-33,1,54
-33,1,54
-33,0,54
-33,0,54
-33,1,54
-33,1,54
-33,1,54
-33,1,54
-33,1,54
-33,1,54
-32,1,54
-33,1,53
-35,2,55
-34,2,55
-34,2,53
-34,1,53
-33,1,54
-33,1,54
-33,1,54
-33,1,53
-33,1,53
-33,0,53
-33,0,55
-33,0,54
-33,0,54
-33,0,54
-32,0,54
-33,1,54
-33,1,54
-33,1,54
-33,0,54
-33,0,53
-33,0,54
-33,0,53
-33,0,54
-34,0,54
-34,0,54
-34,0,53
-34,1,54
-31,0,52
-32,2,56
-33,2,57
-31,1,56
-31,1,54
-33,1,54
-33,1,55
-34,0,53
-32,0,52
-34,0,53
-33,1,54
-32,0,54
-32,1,53
-33,0,54
-34,1,55
-33,0,54
-33,1,53
-33,1,55
-33,0,54
-33,0,53
-34,1,54
-33,1,54
-33,0,54
-33,1,54
-33,0,54
-33,0,54
-34,1,54
-33,1,54
-33,2,54
-33,2,54
-33,1,54
-33,0,54
-34,0,54
-33,1,54
-33,1,54
-33,1,54
-34,1,54
-34,1,55
-33,0,54
-33,0,53
-34,0,53
-33,0,53
-33,0,55
-33,0,54
-35,0,52
-35,0,52
-34,1,53
-33,3,55
-33,2,55
-33,1,54
-33,0,53
-33,0,54
-34,0,54
-34,0,54
-34,0,54
-33,1,54
-33,1,54
-33,1,54
-33,1,54
-33,2,54
-33,3,54
-32,2,54
-32,0,54
-33,2,54
-32,2,55
-35,2,55
-34,2,55
-34,1,53
-34,0,51
-34,1,51
-35,1,55
-35,2,55
-35,2,55
-36,2,54
-36,1,56
-38,1,56
-38,0,53
-36,-1,50
-31,1,50
-26,1,49
-16,2,41
-23,3,56
-35,1,66
-36,1,63
-41,0,57
-40,0,55
-33,1,51
-33,2,50
-34,3,55
-32,2,54
-33,1,52
-28,0,52
-21,-1,45
-31,4,60
-43,3,64
-36,2,63
-34,0,54
-36,0,48
-31,0,49
-34,2,54
-37,2,58
-34,1,57
-33,1,54
-31,0,52
-22,-2,43
-39,3,52
-42,2,66
-33,1,62
-34,1,57
-30,-1,49
-19,-2,39
-42,4,58
-33,3,67
-34,2,62
-31,-1,50
-26,-1,44
-29,1,50
-30,1,54
-29,1,56
-30,1,57
-37,3,58
-35,2,54
-32,2,55
-33,2,56
-31,1,54
-21,1,46
-45,2,56
-34,3,59
-32,1,57
-32,1,54
-28,0,49
-32,1,51
-37,2,62
-32,1,59
-30,1,51
-28,1,49
-25,1,51
-30,6,52
-49,5,71
-33,2,62
-34,2,57
-30,1,45
-32,2,45
-33,1,56
-33,0,56
-36,0,55
-36,0,56
-35,0,52
-33,-1,51
-31,0,51
-30,0,51
-26,0,50
-26,0,46
-35,4,74
-36,1,66
-34,2,53
-32,2,51
-29,2,50
-28,2,54
-35,1,56
-37,1,56
-36,1,54
-31,1,51
-31,0,51
-35,1,51
-37,3,53
-21,2,63
-47,4,61
-35,3,53
-37,0,52
-29,0,50
-29,0,49
-34,1,52
-36,1,59
-45,-2,54
-30,1,55
-32,-1,53
-27,-2,48
-35,-3,46
-35,0,52
-40,1,59
-37,1,57
-35,4,54
-29,3,50
-33,1,50
-33,-1,55
-36,-1,55
-44,-1,57
-38,0,55
-33,1,56
-28,0,52
-34,0,47
-37,2,51
-28,0,60
-38,-3,50
-34,0,53
-32,0,52
-34,0,54
-38,-1,55
-29,-2,42
-33,2,45
-33,1,69
-32,1,68
-34,0,52
-36,0,52
-27,-3,50
-30,-3,46
-30,-3,41
-27,-2,50
-42,3,70
-39,2,64
-35,0,56
-32,0,46
-37,1,47
-34,0,53
-32,-2,51
-33,1,55
-33,0,62
-39,-1,54
-38,-1,49
-32,1,51
-25,-2,47
-33,-1,53
-31,3,58
-35,2,56
-33,-1,51
-41,0,55
-32,0,55
-31,0,52
-34,2,57
-34,0,55
-34,0,51
-34,1,49
-25,-2,44
-38,4,56
-37,2,64
-39,0,55
-31,-1,45
-35,-1,55
-34,1,60
-32,0,58
-27,-1,47
-27,-1,46
-22,-1,41
-34,2,56
-45,3,73
-43,3,62
-33,-1,49
-30,0,45
-25,-3,43
-27,0,50
-27,-4,48
-37,5,63
-41,4,63
-35,1,53
-30,-1,46
-31,1,49
-30,1,58
-36,2,58
-35,2,56
-36,0,60
-36,0,54
-35,-2,46
-33,-3,44
-27,-2,44
-35,2,53
-30,0,53
-47,4,63
-36,2,63
-35,2,57
-36,0,48
-33,-1,46
-31,-2,52
-32,-3,54
-35,-3,52
-37,-2,53
-39,-1,55
-34,-2,49
-35,-1,50
-33,0,53
-35,2,56
-30,-2,47
-36,2,49
-34,2,60
-34,2,58
-32,0,52
-34,1,53
-32,0,54
-34,0,53
-36,0,50
-34,0,54
-36,0,52
-37,0,52
-25,0,57
-28,-1,53
-31,0,54
-28,1,54
-32,3,57
-33,4,56
-34,2,53
-32,2,56
-31,3,56
-30,-1,54
-31,0,55
-32,1,54
-32,2,54
-30,2,55
-31,2,55
-32,1,55
-32,1,55
-31,1,56
-32,1,55
-34,2,53
-33,2,53
-31,3,56
-30,2,56
-31,1,55
-32,1,54
-32,1,55
-32,1,55
-31,2,55
-31,1,54
-31,2,54
-30,1,55
-32,1,55
-29,1,57
-30,2,57
-34,3,54
-34,3,53
-32,2,55
-31,1,56
-30,-1,55
-31,-1,55
-32,0,54
-33,0,54
-30,1,55
-30,1,55
-31,1,55
-33,1,54
-32,1,54
-31,1,53
-32,1,54
-30,2,55
-32,3,55
-32,2,54
-32,2,55
-32,2,56
-32,3,55
-30,2,56
-30,2,56
-31,2,56
-31,2,55
-32,3,56
-33,4,54
-32,3,53
-30,2,54
-29,1,56
-30,1,56
-32,2,55
-32,3,55
-30,3,55
-30,2,55
-31,2,55
-32,1,55
-30,2,55
-31,2,55
-31,2,55
-32,2,54
-31,2,56
-31,3,55
-31,3,55
-31,2,54
-31,2,54
-31,1,55
-32,1,54
-30,2,57
-35,3,55
-30,4,56
-30,3,55
-29,2,54
-30,1,55
-33,1,56
-33,1,55
-32,3,55
-31,3,55
-31,3,55
-31,3,56
-31,2,54
-31,2,54
-29,3,54
-29,3,55
-33,2,55
-33,2,57
-33,2,56
-31,2,55
-30,2,55
-32,3,56
-32,3,56
-31,2,54
-30,2,53
-29,3,54
-30,3,55
-32,2,56
-33,2,56
-31,2,55
-31,2,54
-28,4,57
-32,4,55
-31,3,55
-31,2,54
-31,2,55
-31,2,55
-31,1,55
-31,1,55
-32,2,56
-31,2,55
-29,3,55
-29,4,55
-29,4,55
-30,3,56
-33,3,56
-32,2,55
-34,2,53
-28,2,57
-32,2,56
-32,3,54
-32,3,53
-29,2,56
-31,2,57
-32,2,55
-29,3,56
-34,3,54
-30,2,55
-31,1,56
-30,1,56
-31,1,53
-32,2,55
-36,2,53
-31,3,55
-30,2,55
-30,1,55
-31,1,55
-34,1,55
-33,2,54
-31,2,54
-31,2,55
-31,1,55
-32,1,55
-33,1,53
-32,1,54
-32,2,55
-30,2,56
-32,1,55
-31,2,56
-31,2,55
-31,2,54
-32,2,54
-33,1,54
-32,1,55
-31,1,55
-31,1,54
-32,2,54
-32,2,55
-31,2,55
-33,2,54
-32,2,54
-33,2,54
-31,1,56
-31,1,56
-28,2,57
-35,1,53
-31,1,55
-29,2,57
-34,1,53
-30,2,55
-26,2,60
-36,1,52
-28,2,55
-31,2,55
-31,2,53
-29,3,55
-29,2,57
-34,0,54
-33,1,54
-34,2,54
-33,3,54
-31,3,55
-30,3,56
-32,2,55
-32,2,54
-33,2,54
-34,2,53
-32,3,55
-28,2,57
-36,2,52
-32,3,54
-30,4,56
-34,3,54
-31,2,54
-31,2,55
-31,2,55
-32,2,55
-32,3,54
-32,3,54
-31,3,55
-30,2,56
-33,3,54
-32,3,54
-31,2,55
-31,2,55
-36,2,51
-27,3,58
-33,4,54
-31,4,53
-30,4,54
-31,3,56
-31,3,55
-33,3,54
-33,3,54
-33,3,54
-33,4,54
-32,4,54
-32,4,55
-33,3,55
-33,4,55
-34,4,53
-35,4,54
-31,5,58
-34,3,57
-35,2,55
-35,1,53
-34,0,52
-33,0,51
-33,0,51
-34,0,51
-34,0,53
-35,1,55
-36,1,54
-36,1,53
-36,1,52
-36,1,52
-36,1,51
-35,0,50
-36,-1,50
-36,-2,51
-37,-2,51
-39,-4,52
-40,-3,53
-38,-1,52
-37,0,51
-36,2,48
-36,2,48
-39,0,51
-39,1,52
-39,0,52
-39,-2,51
-37,-3,51
-36,-2,51
-36,-2,51
-37,-1,51
-37,-1,51
-37,-1,49
-38,-1,49
-40,-1,50
-40,-1,51
-38,0,50
-38,0,51
-36,0,50
-36,0,50
-36,1,52
-36,2,53
-37,2,53
-38,1,53
-38,-1,51
-38,-2,50
-38,-2,49
-38,-1,50
-38,-1,50
-37,0,51
-37,0,52
-37,0,51
-38,-1,50
-38,-2,50
-38,-2,50
-38,-1,51
-38,-1,51
-37,0,51
-37,0,52
-37,0,51
-37,-1,51
-38,-2,50
-38,-1,50
-38,-2,50
-38,-2,50
-37,-1,51
-38,-1,51
-38,-1,51
-38,-1,51
-38,-1,50
-38,-1,50
-38,-1,50
-38,-1,51
-38,-1,51
-38,-1,51
-38,-1,51
-38,-1,51
-38,-1,51
-38,-1,50
-38,-1,51
-37,-1,51
-37,-1,51
-37,-1,52
-38,-1,52
-38,-1,51
-38,-1,51
-37,-1,50
-37,-1,51
-37,0,51
-37,-1,51
-38,-1,51
-38,-1,51
-37,-2,51
-38,-2,51
-37,-2,51
-37,-1,51
-37,-1,51
-37,-1,51
-38,-1,51
-37,-2,52
-37,-2,52
-37,-2,51
-38,-3,51
-37,-4,51
-37,-4,50
-38,-3,50
-38,-3,50
-39,-3,50
-39,-3,51
-38,-3,51
-37,-3,51
-36,-3,51
-35,-3,50
-36,-1,50
-36,-1,51
-37,-2,51
-37,-1,50
-37,0,50
-39,-3,55
-40,-5,55
-38,-5,52
-35,-4,50
-40,-3,53
-42,-3,54
-40,-2,50
-38,-1,49
-37,-3,48
-37,-4,47
-40,-4,48
-40,-4,50
-38,-4,50
-38,-4,51
-37,-3,50
-37,-2,50
-36,-2,51
-36,-1,50
-40,-4,51
-40,-4,50
-40,-6,49
-38,-7,50
-38,-7,52
-36,-3,50
-36,-3,52
-37,-1,52
-35,0,52
-37,1,49
-38,0,50
-40,-3,52
-40,-3,53
-38,-4,53
-37,-4,53
-36,-4,52
-37,-4,51
-35,-2,49
-35,-3,50
-35,-3,50
-35,-4,50
-37,-5,50
-38,-5,51
-37,-5,52
-37,-5,52
-37,-4,53
-36,-3,52
-36,-3,52
-35,-1,51
-35,0,51
-36,0,52
-36,0,52
-36,0,53
-36,-1,54
-35,-1,53
-35,-1,54
-34,0,53
-34,0,53
-35,-1,54
-35,-1,54
-35,-1,53
-35,-1,53
-35,0,53
-34,0,53
-35,0,53
-35,-1,52
-35,-1,54
-35,-1,54
-35,-1,53
-35,-1,52
-35,-2,52
-34,-1,52
-34,-1,52
-35,-1,53
-35,-1,54
-35,-1,53
-35,-1,53
-35,-1,53
-35,-1,53
-35,-1,53
-35,-1,53
-34,0,53
-35,0,53
-35,0,53
-35,0,53
-35,0,53
-35,0,53
-35,0,52
-35,0,52
-35,0,53
-35,0,53
-35,0,53
-35,0,53
-35,0,53
-35,0,53
-35,0,52
-35,0,53
-35,0,53
-35,0,53
-35,0,53
-35,0,52
-35,-1,53
-34,0,53
-34,0,54
-35,0,54
-35,0,53
-35,0,53
-35,0,52
-35,0,53
-35,0,53
-35,-1,53
-35,-1,53
-35,0,53
-34,0,53
-35,1,53
-35,0,53
-35,0,53
-35,0,53
-35,0,53
-35,0,53
-35,-1,53
-35,0,53
-35,-1,53
-34,0,52
-34,0,53
-34,0,53
-35,0,53
-34,0,54
-35,-1,54
-34,0,53
-35,0,53
-35,0,53
-35,0,53
-35,0,53
-35,0,53
-34,-1,53
-34,-1,53
-35,-1,53
-35,0,53
-35,0,53
-35,0,53
-35,0,53
-34,-1,53
-34,0,54
-34,0,54
-35,0,54
-35,0,53
-35,-1,53
-34,0,52
-34,0,52
-34,0,53
-34,0,53
-34,-1,54
-34,-1,54
-34,0,53
-34,0,53
-35,0,53
-35,0,53
-34,0,53
-35,0,53
-34,-1,53
-34,0,53
-34,0,53
-35,0,53
-35,-1,53
-35,0,53
-34,0,53
-34,-1,54
-34,-1,54
-34,-1,53
-35,-1,53
-34,0,52
-34,0,52
-34,-1,53
-34,-1,53
-35,-1,53
-35,-1,53
-34,-1,53
-35,0,53
-35,0,53
-35,0,53
-34,0,53
-34,0,53
-34,-1,53
-34,0,53
-35,-1,53
-34,-1,53
-35,0,52
-34,0,53
-34,0,54
-35,0,54
-35,0,54
-35,0,53
-35,0,53
-34,0,53
-34,-1,53
-34,-1,54
-34,-1,54
-35,-1,53
-35,-1,53
-35,-1,53
-35,0,53
-34,0,53
-34,-1,53
-34,-1,53
-34,-1,53
-34,-1,54
-34,-2,53
-34,-2,53
-34,-2,53
-35,-2,53
-35,-2,52
-35,-2,53
-35,-2,53
-34,-1,53
-34,-1,53
-34,-1,53
-34,-1,53
-34,-1,54
-34,-2,54
-35,-2,53
-35,-2,53
-35,-2,53
-35,-1,53
-35,-1,53
-35,-1,53
-34,-1,54
-34,-1,53
-34,-1,53
-34,-1,53
-35,-1,54
-35,-1,53
-34,-1,53
-35,-1,52
-34,-1,53
-34,-1,53
-34,-1,54
-34,-1,54
-34,-2,53
-34,-1,53
-35,-1,53
-35,-1,53
-35,-1,53
-35,-2,53
-34,-1,53
-34,-1,54
-34,-1,53
-34,-1,53
-35,-1,53
-35,-2,53
-34,-2,53
-34,-2,53
-34,-1,53
-34,-1,53
-34,-1,53
-34,-1,54
-35,-1,54
-34,-1,53
-34,-1,53
-34,-1,53
-34,-1,53
-35,-1,53
-35,-1,53
-35,-1,53
-34,-1,53
-34,-1,53
-34,-1,53
-34,-1,53
-35,-1,53
-34,-1,53
-34,-1,53
-34,-1,53
-34,-1,53
-34,-1,54
-34,-1,54
-35,-1,53
-35,-1,53
-34,-1,53
-35,-1,53
-34,-1,53
-34,-1,53
-34,-1,54
-34,-1,54
-34,-1,53
-35,-1,53
-34,-1,53
-34,-1,53
-34,-1,53
-34,-1,54
-34,-1,54
-34,-1,54
-34,-1,53
-34,-1,53
-34,-1,53
-34,-1,53
-34,-1,53
-34,-1,53
-34,-1,53
-34,0,53
-34,-1,53
-34,-1,54
-34,-1,53
-34,-1,53
-34,-1,53
-34,-1,52
-34,-1,53
-34,-1,54
-34,-1,53
-34,-1,53
-35,-1,54
-34,-1,53
-34,-1,53
-34,-1,53
-34,-1,53
-34,-1,53
-34,-1,53
-34,-1,53
-34,-1,53
-34,-1,53
-34,-1,52
-34,-1,53
-34,-1,53
-34,-1,54
-34,-1,54
-34,-1,54
-34,-1,53
-34,-1,53
-35,-1,53
-34,-1,53
-34,-1,53
-34,-1,54
-34,-1,53
-34,-1,54
-35,-1,54
-34,-1,53
-34,-1,53
-34,-1,53
-34,-1,53
-34,-1,54
-34,-1,54
-34,-1,54
-34,-1,54
-34,-1,53
-34,-1,53
-34,-1,53
-34,-1,53
-34,-1,53
-34,-1,54
-34,-1,53
-34,-1,54
-34,-1,53
-35,-1,53
-34,-1,53
-34,-1,53
-34,-1,53
-34,-1,53
-34,-1,54
-34,-1,54
-34,-1,53
-34,-1,53
-34,-1,53
-34,-1,53
-34,-1,53
-34,-1,54
-34,-1,53
-34,-1,53
-34,-1,54
-35,-1,53
-34,-1,53
-34,-1,53
-34,-1,53
-34,-1,53
-34,-1,54
-34,-1,54
-34,-2,54
-34,-2,53
-34,-1,53
-34,-1,53
-34,-1,53
-34,-1,53
-34,-1,53
-34,-1,53
-34,-1,54
-34,-1,54
-34,-1,54
-34,-1,53
-34,-1,53
-34,-1,53
-34,-1,53
-34,-1,53
-34,-1,54
-34,-2,53
-34,-2,53
-35,-1,53
-35,-1,53
-34,-1,53
-34,-1,53
-34,-1,54
-34,-1,53
-34,-1,54
-34,-1,54
-35,-1,53
-35,-1,53
-34,-2,53
-34,-1,53
-34,-1,53
-34,-1,53
-34,-1,54
-34,-1,54
-34,-2,54
-34,-2,53
-34,-1,53
-34,-1,53
-34,-1,53
-34,0,53
-34,-1,53
-34,-1,54
-34,-1,54
-34,-1,53
-34,-1,54
-35,-1,53
-34,-1,53
-34,-1,53
-34,0,53
-34,-1,54
-34,-1,54
-34,-1,54
-35,-1,53
-34,-1,53
-34,-1,53
-34,-1,53
-34,-1,53
-34,-1,54
-34,-1,53
-34,-1,53
-34,-1,54
-34,-1,54
-34,-1,53
-34,-1,53
-34,-1,53
-34,-1,53
-34,-1,54
-34,-1,54
-34,-1,54
-34,-1,53
-34,-1,53
-34,-1,52
-34,-2,53
-33,-2,53
-35,-2,54
-35,-1,54
-36,0,53
-36,2,52
-35,1,52
-35,1,53
-34,-1,54
-34,-1,54
-34,-1,54
-34,-1,53
-35,-1,52
-35,-1,52
-35,0,53
-35,0,54
-34,-1,54
-34,0,54
-34,0,53
-34,0,53
-34,0,53
-35,0,53
-35,0,54
-35,0,53
-35,0,53
-35,-1,53
-35,-1,53
-34,-2,53
-33,-2,53
-34,-1,53
-34,-1,53
-35,-1,53
-35,-1,53
-35,-1,53
-34,-1,53
-34,-1,53
-34,-1,54
-34,-1,54
-35,-1,53
-35,-1,53
-34,-1,53
-34,-1,53
-34,0,53
-34,0,54
-34,-1,53
-34,-1,53
-34,-2,53
-34,-2,53
-34,-2,53
-34,-2,53
-34,-1,53
-34,-1,53
-34,-1,53
-34,-1,53
-34,-1,54
-34,-1,54
-34,-1,54
-34,-1,54
-34,-1,53
-35,-1,53
-34,-1,53
-34,-1,53
-34,-1,53
-34,-1,54
-34,-1,53
-34,-1,53
-35,-1,53
-34,0,53
-34,0,54
-34,-1,55
-34,0,54
-34,-1,54
-34,-1,53
-35,-3,52
-36,-4,52
-38,-6,52
-39,-4,52
-37,-4,52
-36,-2,53
-35,0,52
-35,1,52
-36,-1,51
-38,-3,52
-38,-4,52
-37,-6,52
-37,-6,52
-36,-7,51
-36,-7,50
-35,-7,50
-36,-8,50
-38,-7,51
-38,-8,51
-39,-8,50
-38,-8,49
-38,-8,48
-38,-8,48
-38,-8,49
-38,-8,49
-36,-9,51
-37,-10,51
-38,-8,51
-39,-7,50
-39,-7,49
-40,-7,49
-41,-6,48
-42,-5,48
-42,-5,48
-43,-5,48
-42,-6,48
-40,-8,48
-39,-9,48
-38,-11,48
-38,-11,49
-38,-10,49
-38,-9,49
-40,-8,49
-40,-8,50
-39,-9,50
-38,-9,50
-39,-9,50
-40,-8,51
-42,-9,51
-45,-8,53
-49,-7,52
-49,-7,52
-50,-10,47
-51,-13,45
-52,-19,40
-52,-21,40
-51,-22,38
-51,-23,32
-52,-25,30
-52,-24,26
-56,-22,24
-59,-20,18
-60,-21,16
-60,-24,9
-61,-26,5
-55,-32,5
-47,-31,3
-49,-37,9
-47,-41,11
-37,-44,10
-41,-45,4
-43,-45,-4
-41,-45,-2
-42,-45,1
-42,-46,0
-46,-46,-1
-46,-46,1
-46,-44,2
-49,-41,4
-49,-40,6
-49,-41,4
-48,-41,3
-48,-40,4
-47,-40,5
-48,-38,5
-50,-37,5
-49,-37,7
-48,-38,8
-48,-39,7
-50,-39,7
-54,-35,7
-54,-35,7
-54,-31,10
-54,-30,10
-54,-29,12
-54,-29,12
-53,-31,13
-54,-31,13
-54,-33,15
-53,-33,16
-53,-34,14
-52,-38,13
-52,-37,14
-51,-36,14
-52,-37,13
-52,-38,10
-51,-37,12
-51,-37,11
-52,-37,9
-54,-36,9
-54,-36,10
-52,-35,13
-52,-35,14
-54,-35,13
-54,-34,12
-53,-34,13
-53,-33,14
-52,-32,16
-52,-33,16
-53,-34,14
-53,-33,16
-54,-35,14
-52,-35,15
-52,-33,18
-52,-35,15
-52,-35,16
-51,-33,18
-54,-34,18
-54,-34,15
-54,-33,16
-48,-34,23
-52,-35,23
-52,-37,15
-48,-35,17
-49,-35,22
-46,-34,25
-43,-32,28
-44,-32,29
-50,-31,24
-50,-32,21
-50,-32,20
-46,-32,25
-50,-33,27
-50,-34,24
-45,-34,29
-46,-35,28
-53,-34,29
-50,-36,22
-48,-37,22
-50,-35,22
-51,-35,21
-47,-34,23
-45,-34,23
-42,-35,25
-44,-35,25
-46,-35,25
-47,-35,23
-52,-30,29
-50,-31,29
-47,-32,25
-46,-32,26
-47,-32,24
-49,-33,26
-50,-34,26
-54,-34,26
-52,-35,27
-54,-35,25
-53,-34,19
-45,-33,21
-45,-31,21
-46,-24,27
-46,-17,35
-34,1,55
-36,-1,52
-15,-10,61
-11,-14,61
-21,-18,51
-24,-24,44
-26,-19,34
-23,-22,30
-31,-25,30
-37,-21,34
-46,-19,28
-54,-12,31
-63,-2,36
-59,4,39
-47,18,48
-39,27,55
-13,40,67
-16,42,68
-18,49,78
-11,44,63
-9,43,62
-3,43,63
0,42,60
-1,39,54
0,38,52
3,37,53
4,38,54
2,38,52
2,39,55
4,38,54
5,37,52
3,38,53
0,39,55
-1,46,65
-5,48,68
-11,49,66
-15,47,69
-20,45,75
-28,39,72
-36,27,70
-46,19,66
-46,8,57
-46,3,57
-42,-6,47
-44,-10,37
-31,-11,38
-20,-14,34
-16,-15,35
-14,-18,35
-10,-19,36
-8,-19,45
-10,-22,43
-7,-17,48
-11,-18,48
-25,-24,48
-29,-28,47
-28,-37,47
-31,-40,43
-40,-30,43
-27,-30,46
-32,-20,33
-22,-9,42
-25,-12,57
-33,-16,60
-36,-16,56
-42,-19,47
-40,-22,46
-35,-21,59
-31,-23,65
-29,-28,68
-28,-29,61
-32,-36,39
-41,-34,31
-39,-36,15
-40,-36,11
-52,-28,10
-49,-26,5
-38,-23,-8
-51,-17,-7
-55,-12,6
-50,-12,10
-63,2,22
-60,7,18
-66,10,29
-73,14,36
-55,16,47
-57,19,54
-77,18,63
-72,19,56
-51,27,51
-44,24,40
-45,23,35
-37,19,43
-37,19,48
-40,17,47
-40,18,45
-34,19,45
-33,20,49
-37,23,52
-37,24,53
-24,28,55
-28,28,55
-28,27,50
-29,24,47
-31,22,49
-31,20,48
-29,21,49
-29,22,48
-31,31,49
-32,33,49
-23,37,56
-28,38,53
-37,32,52
-42,25,48
-49,23,42
-44,21,24
-40,21,19
-51,24,26
-51,26,24
-53,27,26
-52,25,24
-60,21,11
-58,18,4
-58,20,-1
-57,19,-7
-59,19,-16
-49,16,-17
-44,19,-18
-49,21,-22
-57,28,-39
-57,29,-46
-52,36,-47
-51,43,-43
-43,48,-42
-46,44,-53
-44,46,-48
-46,41,-35
-46,36,-31
-43,26,-25
-37,23,-22
-53,12,-29
-49,12,-22
-49,14,-21
-57,18,-26
-61,28,-31
-60,32,-33
-49,33,-27
-45,31,-26
-48,30,-28
-44,30,-29
-52,29,-27
-51,30,-23
-48,33,-28
-51,35,-21
-51,35,-17
-51,32,-16
-55,27,-20
-54,28,-18
-52,30,-22
-55,30,-22
-50,29,-16
-52,28,-15
-56,28,-17
-59,29,-18
-55,30,-18
-53,32,-13
-54,32,-13
-57,33,-14
-54,36,-13
-53,36,-12
-61,35,-15
-55,32,-8
-58,31,-7
-47,28,-9
-59,28,-15
-73,31,-22
-54,32,-31
-45,26,4
-36,25,29
-38,27,36
-42,30,38
-36,36,49
-27,36,53
-39,36,54
-36,29,47
-35,26,41
-40,29,50
-33,29,50
-21,29,45
-30,33,39
-24,29,65
-17,28,61
-22,26,49
-20,24,49
-18,22,52
-21,20,54
-28,21,50
-27,22,53
-31,23,53
-31,25,54
-39,32,56
-36,33,56
-14,31,50
-15,30,47
-21,20,43
-18,15,56
-17,17,55
-37,23,43
-26,28,54
-27,29,64
-22,28,55
-20,23,51
-19,22,52
-24,24,52
-26,25,51
-24,24,53
-23,25,54
-22,25,54
-23,24,53
-23,25,55
-23,25,56
-24,25,53
-24,25,53
-24,25,53
-23,25,53
-24,24,54
-24,24,54
-23,24,52
-25,25,54
-25,25,54
-24,24,54
-24,24,54
-24,24,54
-24,24,53
-24,24,53
-25,25,52
-25,24,53
-25,24,54
-24,24,54
-25,24,54
-25,25,52
-25,24,52
-25,24,53
-26,24,52
-25,24,53
-25,24,52
-25,24,53
-26,24,54
-26,24,54
-25,24,53
-25,25,52
-25,24,53
-25,24,53
-26,24,53
-26,25,53
-24,25,53
-25,24,53
-26,24,54
-26,24,53
-25,25,51
-25,24,53
-26,24,54
-25,24,55
-25,23,53
-25,23,53
-28,26,49
-29,26,49
-31,25,52
-28,24,55
-24,22,54
-26,22,52
-26,21,51
-24,22,51
-24,21,53
-27,21,55
-27,23,57
-25,25,56
-29,26,58
-29,26,59
-27,24,59
-29,21,56
-31,20,54
-33,22,56
-33,21,56
-37,17,51
-39,16,51
-35,14,56
-32,12,55
-34,11,54
-35,9,54
-34,2,56
-34,-1,58
-38,-5,58
-40,-8,58
-40,-11,59
-42,-12,57
-43,-17,52
-41,-19,54
-36,-21,53
-32,-25,46
-29,-29,47
-19,-31,50
-19,-32,48
-22,-31,46
-22,-30,46
-18,-25,46
-20,-22,47
-21,-19,48
-16,-19,49
-10,-19,50
-11,-20,51
-12,-24,52
-12,-26,52
-14,-33,50
-15,-39,51
-14,-45,52
-13,-46,49
-12,-44,51
-12,-44,50
-11,-41,49
-26,-24,59
-26,-15,62
-30,10,65
-45,14,59
-28,22,52
-20,19,48
-7,11,52
6,-2,55
17,-25,54
9,-29,54
4,-27,64
4,-24,66
-4,-22,63
-12,-25,57
-18,-24,48
-12,-25,52
19,-21,63
19,-24,61
13,-21,64
3,-20,63
-19,-16,55
-18,-19,59
-18,-19,65
-23,-23,67
-26,-23,61
-26,-29,59
-23,-30,61
-25,-30,58
-31,-28,53
-33,-28,50
-39,-28,40
-29,-27,32
-32,-28,29
-33,-27,30
-17,-22,39
0,-18,66
-14,-16,61
-23,-19,59
-20,-18,55
-21,-25,58
-17,-23,64
-26,-29,52
-34,-30,46
-29,-27,43
-33,-23,46
-36,-24,53
-37,-24,51
-35,-25,48
-41,-22,45
-42,-20,45
-36,-21,38
-41,-22,35
-43,-31,25
-38,-30,24
-52,-37,10
-50,-37,15
-53,-30,22
-56,-28,30
-53,-28,33
-55,-26,29
-64,-25,25
-70,-26,21
-60,-32,23
-53,-30,31
-55,-35,30
-53,-35,23
-46,-33,30
-37,-35,32
-32,-30,40
-32,-29,40
-31,-25,48
-23,-25,53
-23,-24,47
-38,-29,13
-41,-33,9
-58,-36,14
-48,-37,13
-52,-33,16
-55,-34,21
-59,-28,30
-60,-30,27
-51,-31,31
-60,-25,29
-54,-28,26
-47,-26,33
-55,-34,29
-42,-34,27
-47,-33,29
-43,-30,36
-46,-28,36
-51,-30,34
-48,-29,31
-53,-29,29
-51,-32,26
-52,-35,23
-42,-31,25
-51,-30,28
-47,-32,29
-44,-31,29
-48,-31,29
-51,-33,18
-53,-33,11
-53,-31,16
-53,-30,16
-54,-25,15
-57,-27,11
-61,-38,10
-52,-39,15
-33,-30,47
-42,-18,56
-52,-24,35
-51,-21,33
-52,-23,26
-55,-26,25
-56,-28,22
-57,-28,21
-44,-24,34
-52,-33,30
-48,-34,31
-54,-28,37
-57,-26,45
-41,-34,54
-39,-32,49
-27,-31,38
-39,-27,30
-45,-28,17
-40,-26,21
-38,-22,31
-38,-20,37
-26,-17,44
-21,-10,52
-24,-3,60
-28,0,59
-20,14,61
-16,20,62
-24,29,63
-39,35,65
-25,29,65
-23,23,57
-39,17,48
-36,7,52
-33,4,48
-44,1,38
-47,1,35
-50,4,43
-58,2,37
-57,3,32
-57,4,40
-53,3,40
-53,3,35
-50,6,42
-46,6,46
-43,7,46
-43,8,44
-48,6,40
-47,6,42
-50,4,41
-53,2,39
-50,2,43
-46,2,45
-45,5,47
-48,4,44
-47,5,43
-46,5,44
-47,5,46
-43,4,44
-43,4,46
-43,3,45
-46,3,43
-43,4,44
-41,4,45
-48,8,40
-51,4,39
-50,4,42
-50,3,43
-43,3,47
-43,4,47
-46,4,47
-46,3,45
-46,1,40
-48,-2,40
-35,2,46
-43,4,48
-48,4,45
-47,4,43
-40,3,43
-44,3,42
-45,4,42
-49,3,47
-45,4,53
-44,8,56
-46,12,56
-29,13,57
-27,16,60
-33,14,59
-34,12,58
-29,8,50
-31,4,50
-30,-1,51
-28,-3,51
-25,-14,52
-25,-15,50
-24,-18,48
-23,-24,48
-27,-25,46
-28,-23,47
-27,-27,47
-29,-28,48
-39,-34,46
-44,-33,38
-47,-36,32
-48,-46,19
-53,-44,17
-54,-45,4
-55,-49,0
-52,-43,6
-50,-44,6
-47,-42,14
-49,-41,15
-50,-43,10
-48,-41,10
-46,-41,7
-45,-41,4
-47,-42,-1
-47,-41,0
-44,-38,4
-43,-37,6
-38,-36,9
-35,-33,11
-41,-30,9
-51,-33,1
-62,-36,-5
-50,-37,1
-46,-35,12
-50,-27,28
-36,-26,39
5,-25,80
4,-29,97
3,-17,83
-26,-26,55
-10,-22,46
-9,-21,52
-17,-20,62
-14,-21,64
-10,-21,57
-11,-21,56
-13,-22,59
-14,-21,59
-12,-22,57
-12,-21,58
-13,-21,59
-13,-21,58
-13,-22,58
-14,-20,59
-14,-21,58
-13,-20,58
-13,-19,58
-12,-18,58
-13,-19,57
-12,-20,59
-12,-20,59
-12,-22,57
-13,-22,56
-14,-22,57
-14,-22,57
-14,-22,58
-14,-20,58
-14,-19,58
-14,-19,58
-13,-20,58
-13,-20,59
-14,-21,58
-13,-21,58
-13,-19,58
-13,-20,58
-14,-20,58
-14,-20,58
-13,-19,58
-13,-20,58
-13,-20,58
-13,-20,58
-14,-20,58
-13,-19,58
-13,-19,58
-13,-20,58
-13,-20,58
-13,-20,58
-13,-19,58
-13,-20,58
-13,-19,59
-13,-20,58
-13,-19,58
-13,-19,58
-13,-19,59
-13,-19,58
-13,-20,58
-13,-19,58
-13,-19,58
-13,-19,58
-12,-19,59
-13,-19,58
-13,-19,59
-13,-19,58
-13,-19,58
-13,-19,59
-13,-19,58
-13,-19,58
-13,-20,58
-13,-19,58
-13,-19,58
-13,-19,58
-13,-19,58
-13,-19,58
-13,-19,58
-12,-19,58
-13,-19,59
-13,-19,58
-13,-19,58
-13,-19,59
-13,-20,58
-13,-19,59
-13,-19,58
-13,-19,58
-13,-19,59
-13,-19,58
-13,-19,58
-13,-19,58
-13,-19,58
-13,-19,58
-13,-19,58
-13,-19,58
-13,-19,58
-13,-19,59
-13,-19,58
-13,-19,58
-13,-19,58
-13,-19,58
-14,-19,59
-13,-19,59
-13,-19,58
-13,-19,58
-13,-19,58
-13,-19,58
-13,-19,58
-13,-19,58
-13,-19,58
-13,-19,58
-13,-19,59
-13,-19,59
-9,-19,63
-11,-21,63
-13,-20,78
-13,-18,83
-26,-17,76
-34,-20,61
-47,-29,27
-54,-28,7
-50,-30,-12
-51,-29,-15
-47,-28,0
-33,-33,6
-39,-41,3
-44,-42,4
-41,-44,5
-42,-44,4
-47,-42,4
-47,-42,4
-50,-43,-1
-51,-43,-2
-55,-42,2
-54,-42,0
-53,-42,0
-52,-39,2
-47,-37,3
-41,-35,4
-41,-35,4
-44,-37,5
-42,-39,6
-46,-41,10
-50,-43,10
-52,-46,10
-53,-45,10
-51,-45,9
-48,-45,9
-47,-42,6
-46,-40,7
-44,-38,8
-44,-37,7
-43,-35,7
-44,-35,6
-51,-35,4
-50,-34,4
-51,-31,6
-52,-27,4
-51,-25,7
-59,-30,8
-68,-30,5
-76,-29,7
-71,-31,5
-50,-34,-2
-38,-34,11
-54,-23,86
-39,-27,98
-54,-30,12
-50,-31,-1
-59,-31,-3
-71,-32,-11
-62,-37,-11
-57,-37,1
-55,-20,54
-43,-22,80
-57,-29,18
-58,-30,11
-60,-28,10
-59,-27,11
-52,-29,10
-57,-26,10
-60,-26,8
-60,-28,10
-57,-28,13
-56,-27,16
-56,-27,17
-55,-28,18
-54,-28,18
-54,-28,19
-55,-28,19
-54,-27,20
-53,-28,21
-49,-29,24
-48,-29,25
-56,-28,24
-55,-30,24
-45,-29,28
-39,-30,31
-23,-28,36
-12,-25,42
2,-22,59
9,-20,65
3,-18,65
-4,-19,59
-6,-19,60
-2,-17,65
4,-17,63
5,-15,64
4,-14,68
2,-12,65
3,-13,62
0,-12,61
-2,-12,60
-1,-14,58
1,-16,58
1,-15,62
2,-16,64
3,-17,60
3,-16,60
1,-17,61
0,-17,61
0,-16,61
0,-16,61
0,-16,61
1,-16,60
1,-16,60
1,-16,60
1,-16,60
1,-17,61
1,-17,61
0,-17,60
0,-16,60
1,-16,60
1,-16,60
1,-16,59
2,-16,59
1,-17,61
1,-17,61
0,-17,61
1,-18,61
0,-17,61
0,-17,60
1,-18,57
1,-19,57
1,-16,59
-1,-16,58
0,-17,62
1,-18,62
2,-19,60
2,-23,56
2,-23,56
1,-21,56
-2,-21,56
-5,-20,61
-3,-21,63
-3,-25,60
-3,-27,59
-3,-26,58
-4,-25,57
-5,-24,59
-4,-24,58
0,-24,57
-1,-25,58
-2,-25,58
-1,-25,59
-4,-27,58
-5,-26,57
-3,-25,57
-1,-25,58
-6,-26,56
-4,-25,59
-3,-25,58
-4,-26,57
-5,-25,57
-4,-25,57
-3,-25,58
-5,-24,58
-4,-24,58
-3,-25,58
-3,-25,58
-4,-24,58
-4,-24,58
-4,-24,57
-3,-24,57
-4,-25,57
-4,-25,58
-4,-25,58
-4,-24,58
-3,-24,58
-3,-24,58
-4,-25,58
-5,-25,58
-4,-24,58
-4,-24,58
-4,-23,58
-4,-23,57
-4,-23,57
-4,-23,58
-4,-24,58
-5,-24,58
-4,-24,58
-4,-23,58
-3,-24,58
-5,-24,58
-4,-24,58
-3,-25,58
-3,-24,58
-4,-23,57
-5,-23,57
-4,-24,58
-4,-24,58
-4,-24,58
-5,-24,58
-4,-24,58
-4,-25,58
-4,-24,58
-4,-24,58
-5,-24,57
-4,-24,58
-4,-25,58
-5,-25,58
-5,-25,58
-4,-25,58
-4,-25,58
-5,-25,57
-5,-25,58
-5,-25,57
-5,-25,57
-4,-25,58
-4,-25,58
-5,-25,57
-4,-25,58
-5,-25,57
-5,-25,57
-5,-25,57
-5,-24,58
-5,-25,58
-5,-25,57
-4,-24,58
-4,-24,58
-5,-25,57
-5,-25,58
-5,-25,58
-4,-25,58
-5,-25,58
-5,-25,58
-5,-25,58
-5,-24,59
-5,-24,60
-6,-26,55
-6,-25,53
-3,-24,54
-6,-24,60
-5,-26,62
-5,-25,59
-4,-25,55
-5,-24,56
-7,-25,58
-6,-25,58
-4,-25,57
-5,-25,58
-6,-25,57
-6,-25,58
-5,-25,57
-5,-25,58
-6,-25,57
-5,-25,57
-5,-25,57
-5,-25,58
-6,-25,57
-5,-25,57
-5,-25,57
-5,-25,57
-5,-25,57
-6,-25,57
-6,-25,57
-5,-25,58
-6,-25,57
-6,-25,58
-6,-24,57
-5,-25,58
-5,-25,57
-6,-24,58
-6,-25,57
-5,-25,57
-6,-25,57
-6,-25,57
-5,-25,58
-5,-25,58
-6,-25,57
-6,-24,57
-6,-24,57
-6,-24,57
-6,-25,58
-5,-24,58
-5,-24,57
-5,-24,57
-6,-25,58
-6,-25,58
-5,-24,57
-5,-24,57
-6,-24,58
-5,-25,58
-5,-24,58
-6,-24,58
-5,-24,58
-5,-25,57
-6,-24,58
-6,-24,58
-5,-24,57
-6,-25,57
-5,-24,58
-6,-24,58
-6,-23,58
-5,-19,61
-13,-6,65
-18,2,68
-15,2,64
-7,-3,55
-3,-7,54
4,-10,49
4,-12,47
0,-20,48
-2,-20,51
-6,-20,51
-8,-23,52
-22,-16,62
-26,-16,67
-25,-15,66
-24,-13,64
-19,-10,66
-16,-10,63
-8,-8,55
-6,-5,58
-8,-2,59
-15,3,55
-17,4,49
-21,0,60
-27,0,80
-41,3,89
-51,8,67
-43,16,55
-36,17,57
-28,21,54
-27,22,49
-29,21,48
-32,20,52
-37,16,59
-37,14,61
-32,11,58
-32,10,55
-35,10,48
-35,10,46
-34,14,43
-34,17,43
-38,21,43
-42,22,45
-43,21,46
-45,19,46
-44,17,46
-43,16,46
-43,15,45
-39,14,45
-38,15,44
-43,16,39
-43,14,38
-40,13,41
-38,18,43
-40,25,48
-35,28,49
-31,31,44
-30,34,48
-33,38,56
-36,37,56
-35,24,49
-34,22,47
-35,22,48
-35,22,47
-34,25,45
-33,27,48
-34,27,48
-33,24,47
-34,24,48
-35,25,48
-36,26,46
-35,26,50
-34,26,48
-35,25,45
-35,25,46
-36,25,47
-36,25,47
-34,25,46
-34,25,46
-36,25,47
-36,25,47
-35,25,46
-35,25,46
-36,26,47
-36,26,47
-35,25,46
-35,25,46
-36,25,46
-36,25,46
-36,25,46
-36,25,46
-36,26,46
-36,25,46
-35,25,46
-36,25,47
-36,25,46
-36,25,45
-36,26,46
-36,25,46
-36,25,46
-36,25,46
-36,25,46
-36,25,46
-36,26,46
-36,25,46
-36,25,46
-36,25,46
-36,25,46
-36,25,46
-36,25,46
-36,25,46
-36,25,46
-36,25,46
-36,25,46
-36,25,46
-37,25,46
-36,25,46
-36,26,45
-36,25,46
-36,25,47
-35,25,47
-36,25,46
-37,25,46
-36,25,46
-36,25,46
-36,25,47
-36,25,46
-36,25,46
-37,25,46
-36,25,45
-36,25,46
-37,24,46
-36,25,47
-36,25,46
-36,25,46
-37,25,46
-37,25,46
-36,25,46
-36,25,46
-36,25,46
-36,25,46
-37,25,46
-36,25,46
-36,25,46
-36,25,46
-36,25,46
-37,25,46
-37,25,46
-36,25,46
-36,25,46
-36,25,46
-37,25,46
-36,25,46
-37,25,46
-36,25,46
-36,25,46
-37,25,46
-36,25,46
-36,25,46
-37,25,46
-36,25,46
-37,25,46
-37,25,46
-36,25,46
-36,25,46
-37,25,45
-36,25,45
-37,25,46
-37,25,46
-36,25,46
-37,25,46
-37,25,46
-37,25,46
-36,25,46
-37,25,46
-36,25,46
-36,25,46
-36,25,46
-37,25,46
-37,25,46
-36,25,46
-36,25,46
-37,25,46
-37,25,46
-36,25,46
-37,25,46
-36,25,46
-37,25,46
-37,25,45
-36,25,46
-36,25,46
-36,25,46
-37,25,46
-37,25,45
-37,25,46
-36,25,46
-36,25,46
-36,25,46
-37,25,46
-36,25,46
-36,25,46
-36,25,45
-37,25,46
-37,25,45
-37,25,45
-37,24,46
-37,24,46
-36,25,46
-36,25,46
-38,24,45
-37,24,45
-38,25,45
-37,25,45
-37,25,46
-37,25,46
-37,25,46
-36,25,46
-37,25,46
-37,25,46
-37,25,45
-36,25,46
-37,25,46
-37,25,46
-37,25,45
-37,25,46
-37,25,46
-37,25,46
-37,25,46
-37,25,46
-37,25,46
-37,25,45
-37,25,45
-37,25,46
-37,25,46
-36,25,46
-37,25,46
-37,25,45
-37,25,45
-37,25,46
-37,25,46
-37,25,46
-37,24,45
-37,25,46
-37,25,46
-37,25,45
-37,25,45
-37,25,46
-36,25,46
-37,25,45
-38,25,45
-38,25,45
-36,25,46
-36,25,46
-37,25,46
-37,25,46
-37,25,45
-37,25,45
-37,25,46
-37,25,46
-37,25,46
-37,25,46
-38,25,45
-37,25,46
-37,25,46
-37,25,46
-37,25,46
-37,25,46
-37,25,45
-37,25,45
-36,25,46
-37,25,46
-37,25,46
-37,25,45
-37,25,46
-37,25,46
-37,25,45
-37,25,46
-37,25,46
-37,25,45
-37,25,45
-37,25,46
-37,25,45
-37,25,46
-37,25,46
-37,25,46
-37,25,45
-37,25,45
-37,25,45
-37,25,46
-37,25,46
-37,25,46
-37,25,45
-37,25,46
-37,24,46
-37,24,46
-36,25,46
-36,25,46
-38,25,45
-39,25,45
-38,24,45
-37,25,45
-35,26,47
-36,26,47
-35,26,46
-36,26,46
-36,26,46
-37,26,47
-41,25,48
-39,25,49
-34,24,48
-33,23,48
-32,23,49
-31,23,51
-30,23,50
-30,24,49
-32,24,51
-31,22,53
-26,22,53
-30,24,56
-29,23,57
-23,21,58
-20,19,57
-18,15,56
-18,13,57
-16,11,58
-15,10,58
-17,9,57
-18,10,57
-17,10,57
-17,11,57
-19,12,59
-19,12,60
-18,14,60
-19,13,59
-17,12,58
-17,10,58
-16,8,57
-16,7,57
-17,7,56
-20,7,60
-21,8,60
-21,9,57
-21,10,58
-22,11,60
-22,12,59
-21,12,58
-21,11,59
-21,10,58
-21,10,57
-22,10,57
-23,10,57
-22,12,57
-22,13,57
-22,14,58
-23,14,59
-23,13,58
-24,13,58
-23,11,58
-24,11,58
-25,11,57
-25,11,56
-26,12,57
-26,12,56
-25,12,55
-25,12,56
-26,12,56
-26,14,55
-26,14,55
-29,14,55
-30,14,55
-30,15,54
-29,15,54
-30,15,54
-31,15,54
-29,14,53
-29,15,54
-30,16,55
-30,16,55
-28,15,55
-28,16,55
-29,15,56
-28,15,56
-28,14,55
-28,13,55
-27,12,55
-26,14,54
-25,15,54
-26,16,56
-27,16,56
-27,15,56
-27,15,56
-29,14,56
-29,14,55
-29,13,54
-29,13,54
-30,13,53
-29,14,54
-27,15,54
-27,15,54
-28,15,55
-28,15,55
-27,14,55
-27,13,55
-28,13,55
-29,14,55
-28,15,53
-29,15,54
-29,14,54
-26,13,53
-27,13,53
-28,15,57
-27,15,58
-27,15,58
-27,14,57
-29,15,56
-29,16,54
-29,17,52
-29,17,53
-29,18,53
-29,18,53
-30,17,54
-30,18,55
-30,17,54
-30,17,54
-29,17,54
-29,18,54
-29,18,54
-29,18,54
-30,18,53
-30,17,54
-29,17,54
-29,17,54
-29,18,54
-29,18,53
-28,18,53
-29,18,54
-29,18,54
-30,17,53
-30,17,53
-29,18,54
-29,18,54
-29,18,53
-29,18,53
-29,18,53
-29,18,53
-29,18,53
-29,18,53
-30,18,53
-30,18,53
-29,18,53
-29,18,53
-28,18,53
-29,18,53
-28,18,54
-27,19,54
-28,20,54
-29,21,54
-28,22,55
-28,23,54
-28,24,55
-25,24,56
-22,23,56
-17,21,57
-15,20,58
-10,18,58
-7,17,59
-8,18,57
-10,18,58
-12,17,56
-13,16,57
-13,17,59
-13,17,58
-12,18,59
-13,19,60
-11,20,59
-12,20,59
-13,21,60
-14,20,59
-14,19,58
-15,21,58
-16,22,58
-14,23,57
-12,23,58
-12,20,58
-11,19,58
-11,18,60
-11,17,60
-12,18,59
-14,19,59
-14,20,58
-13,21,57
-14,21,58
-14,21,58
-14,21,58
-13,20,58
-14,20,59
-14,20,58
-14,20,58
-14,20,58
-14,20,59
-14,20,59
-14,20,58
-14,21,58
-14,21,58
-14,20,58
-14,20,58
-14,20,58
-14,20,58
-15,21,58
-14,21,58
-14,21,58
-15,21,57
-14,21,57
-14,20,56
-13,22,58
-13,22,59
-13,22,59
-12,22,59
-13,20,59
-13,19,58
-13,18,57
-13,19,58
-13,20,59
-13,21,58
-14,21,58
-15,21,59
-15,21,59
-16,20,59
-16,19,59
-17,18,58
-18,18,58
-20,16,60
-19,15,59
-18,15,56
-16,15,55
-13,18,53
-12,20,54
-14,23,57
-16,22,60
-17,19,60
-16,18,60
-20,16,60
-21,15,60
-21,15,58
-22,16,57
-22,18,56
-22,19,55
-23,20,55
-25,20,56
-26,19,56
-26,16,55
-25,15,55
-25,15,55
-25,16,55
-24,17,54
-25,17,54
-26,17,55
-26,17,55
-28,16,56
-29,16,56
-29,16,55
-29,17,55
-29,16,55
-29,16,54
-28,16,54
-28,16,54
-29,16,54
-29,16,54
-29,16,53
-30,16,54
-31,16,54
-31,17,53
-30,17,53
-32,17,53
-31,16,53
-29,15,53
-29,15,53
-29,15,54
-30,16,54
-31,16,54
-31,16,54
-31,16,53
-31,16,52
-31,16,52
-31,16,53
-30,15,54
-30,15,55
-29,15,54
-29,15,54
-30,16,54
-30,16,54
-31,15,53
-30,15,53
-31,15,53
-30,15,53
-29,15,54
-29,15,54
-30,15,54
-29,15,54
-30,15,54
-30,15,54
-30,15,54
-29,15,54
-29,15,54
-29,14,54
-29,15,54
-29,15,54
-30,15,54
-30,15,54
-30,14,54
-30,14,54
-30,15,54
-30,14,54
-30,14,54
-30,15,53
-30,14,54
-30,14,54
-29,14,54
-29,15,54
-30,15,54
-30,14,54
-31,15,53
-31,15,53
-31,16,53
-31,16,53
-31,16,53
-31,16,53
-30,15,53
-30,15,52
-30,16,53
-31,16,53
-31,17,53
-32,17,53
-32,18,53
-32,18,53
-32,18,52
-31,18,53
-31,18,53
-31,18,53
-31,18,53
-31,18,53
-31,18,53
-31,18,53
-31,18,53
-30,18,53
-31,18,53
-31,17,53
-31,17,53
-30,18,52
-31,18,52
-31,17,52
-31,17,52
-31,17,53
-31,17,53
-31,17,53
-30,17,53
-30,17,52
-31,17,53
-31,17,53
-31,17,53
-31,17,52
-31,17,53
-31,17,53
-31,17,53
-31,17,53
-31,17,52
-30,17,52
-31,17,52
-31,17,52
-31,17,53
-31,17,53
-31,17,52
-31,17,53
-31,17,52
-30,17,53
-31,17,53
-31,17,53
-31,17,53
-31,17,53
-31,18,53
-31,18,53
-31,17,53
-31,17,53
-31,17,53
-31,18,52
-31,18,52
-31,18,53
-31,18,53
-31,18,53
-31,17,52
-30,17,52
-31,17,52
-31,17,52
-31,18,52
-31,18,53
-30,18,53
-31,18,53
-31,18,53
-31,17,52
-31,18,52
-31,18,53
-31,18,53
-30,18,53
-30,18,53
-30,18,53
-31,18,53
-31,18,53
-31,18,53
-31,18,53
-30,18,53
-30,18,52
-30,18,53
-30,18,53
-31,18,53
-31,18,53
-31,18,52
-30,18,52
-30,18,53
-30,18,53
-30,18,53
-30,18,53
-31,18,53
-30,18,52
-30,18,53
-30,18,53
-30,18,53
-30,18,52
-30,18,53
-30,18,53
-30,18,53
-30,18,52
-31,18,52
-31,18,53
-30,18,53
-30,18,53
-30,18,54
-31,18,54
-31,19,54
-32,20,54
-32,19,54
-31,18,52
-30,17,52
-28,16,52
-27,16,53
-27,16,55
-27,16,55
-28,16,55
-28,15,56
-27,14,54
-27,15,54
-26,15,55
-26,16,55
-25,17,55
-26,17,55
-25,17,56
-25,16,56
-26,15,57
-26,13,58
-26,13,57
-25,12,56
-25,13,55
-25,14,54
-26,14,54
-25,14,55
-25,14,55
-26,14,56
-26,14,56
-26,13,57
-26,13,57
-26,13,56
-26,13,56
-26,14,55
-27,14,55
-27,14,55
-27,14,55
-27,14,55
-26,14,56
-26,14,56
-27,14,56
-27,14,56
-26,14,56
-26,14,56
-26,14,56
-27,14,56
-27,14,55
-27,14,56
-27,14,56
-27,14,56
-27,14,56
-26,13,55
-26,12,54
-26,12,54
-26,12,54
-27,13,54
-29,14,55
-30,14,54
-31,14,55
-30,13,54
-30,14,53
-29,15,54
-28,16,54
-28,17,54
-29,17,54
-32,18,55
-33,19,55
-32,18,54
-31,17,54
-31,18,54
-29,18,54
-28,18,54
-29,17,53
-29,18,55
-29,18,56
-32,19,59
-35,21,60
-37,28,64
-40,34,66
-36,42,73
-34,43,71
-23,48,65
-20,45,62
-19,39,59
-5,30,56
-3,28,57
0,26,59
-4,25,60
-6,20,57
-2,17,55
-8,13,58
-15,10,57
-18,-1,56
-11,-8,53
6,-17,43
4,-19,42
6,-20,55
9,-18,58
-6,-11,58
-13,-10,57
-10,-5,64
-5,-2,64
-12,2,65
-19,0,62
-26,0,53
-24,12,54
-22,18,57
-25,29,57
-37,36,59
-9,29,48
11,7,55
16,-19,77
20,-20,82
30,-9,50
29,-2,45
3,13,41
0,12,61
-5,3,80
1,-2,74
5,-8,71
11,-2,71
0,-7,70
3,-12,72
8,-15,65
-4,-15,59
-17,-22,59
-7,-20,62
-23,-27,51
-10,-26,53
-11,-24,51
-15,-33,47
-10,-27,53
-31,-23,54
-37,-29,48
-37,-28,47
-38,-31,48
-20,-30,56
-21,-28,55
-47,-34,23
-36,-32,34
-46,-31,38
-58,-39,26
-28,-16,75
-65,-75,-18
-40,-36,18
-45,-39,29
-43,-44,24
-38,-45,24
-68,-65,10
-68,-64,22
-76,-53,45
-77,-48,47
-74,-47,54
-68,-29,53
-69,-27,53
-65,-22,48
-58,-20,43
-48,-15,32
-44,-11,26
-39,7,16
-32,17,12
-30,39,3
-45,42,0
-41,46,9
-20,47,9
-36,52,7
-41,45,12
-17,31,16
-12,31,14
-54,37,25
-51,33,31
-39,31,30
-53,37,36
-50,40,46
-45,41,42
-42,39,43
-40,30,42
-39,27,40
-43,21,35
-44,18,34
-53,20,36
-69,32,39
-89,58,44
-91,67,46
-69,70,41
-59,69,39
-45,64,37
-40,55,34
-29,45,31
-23,38,28
-19,24,23
-20,22,25
-16,20,22
-11,17,19
-17,14,25
-21,15,30
-20,12,35
-22,11,41
-26,13,46
-45,26,57
-46,26,59
-52,29,59
-55,28,60
-52,22,57
-46,20,53
-45,16,50
-41,13,49
-37,11,47
-37,11,47
-42,14,51
-43,16,51
-42,18,50
-40,18,49
-45,18,47
-47,24,52
-48,29,52
-49,30,52
-48,33,52
-39,32,48
-35,29,44
-30,23,39
-31,21,37
-35,19,35
-36,19,37
-36,19,40
-38,19,43
-44,23,49
-48,24,48
-51,20,49
-50,19,51
-45,17,51
-44,15,50
-41,12,46
-39,10,45
-36,8,45
-36,14,51
-34,17,50
-35,20,50
-35,27,59
-34,25,58
-18,26,58
-7,26,60
1,23,63
-4,23,61
-8,22,63
-13,17,61
-9,13,58
-7,12,54
4,12,60
4,19,65
-3,21,66
-11,18,66
-13,15,65
-5,13,57
-4,12,60
0,9,60
-5,6,60
3,8,62
2,4,56
-12,-4,54
-12,-7,57
-7,-7,59
-11,-5,63
-18,-2,67
-4,-2,59
-10,-1,59
-6,-6,61
-12,-7,54
-19,-9,61
-35,-12,65
-33,-22,66
-21,-22,66
-3,-14,47
1,-15,45
22,-12,56
18,-10,57
8,-15,78
19,-17,85
-1,-18,66
-16,-20,48
-47,-29,24
-53,-31,30
-24,-31,47
-27,-32,36
-53,-31,18
-51,-31,18
-56,-28,16
-79,-17,33
-73,-15,30
-66,-15,18
-62,-16,22
-47,-12,47
-34,-14,45
-40,-19,37
-43,-15,53
-47,-13,51
-42,-9,47
-49,-9,44
-45,-8,48
-30,-12,48
-43,-11,39
-37,-13,52
-34,-13,51
-42,-16,35
-53,-17,34
-48,-19,44
-51,-23,29
-51,-30,18
-47,-28,18
-48,-32,4
-69,-26,8
-68,-22,17
-48,-26,32
-51,-26,34
-51,-15,45
-50,-13,46
-45,-16,49
-40,-18,51
-45,-18,52
-48,-16,44
-58,-7,40
-54,-11,40
-46,-16,22
-53,-18,15
-61,-23,12
-52,-25,18
-60,-29,20
-70,-29,4
-31,-22,28
-44,-20,29
-71,-23,27
-29,-23,43
-24,-16,52
-36,-18,48
-47,-19,43
-32,-14,54
-36,-15,54
-21,-16,67
-22,-15,61
-35,-15,50
-26,-17,53
2,-20,61
-5,-20,49
-15,-18,58
-8,-18,64
-4,-19,54
-6,-21,58
1,-19,69
9,-21,75
12,-22,63
6,-21,61
5,-21,63
9,-18,63
-8,-22,40
-6,-19,40
-16,-17,45
-30,-17,35
-45,-19,28
-53,-19,27
-55,-20,26
-57,-20,21
-63,-21,20
-63,-22,27
-59,-22,28
-60,-21,28
-61,-21,27
-60,-20,26
-60,-19,25
-61,-17,23
-60,-16,23
-59,-15,22
-58,-14,21
-56,-13,21
-55,-13,20
-56,-14,18
-54,-14,19
-46,-14,22
-35,-14,22
-48,-12,-15
-72,-9,-40
-74,-8,-43
-70,-4,-40
-68,-5,-37
-67,-7,-29
-63,-8,-25
-60,-9,-20
-60,-9,-18
-59,-7,-14
-59,-6,-13
-61,-5,-12
-62,-5,-10
-62,-2,-7
-61,-2,-5
-63,-2,-4
-64,-2,-4
-64,0,-5
-63,-1,-5
-63,-2,-4
-64,-2,-3
-60,-3,0
-52,-2,5
-42,-2,-6
-59,-4,-50
-72,-3,-64
-69,-3,-58
-63,-3,-51
-55,-1,-31
-54,-1,-22
-55,-4,-17
-55,-5,-16
-58,-6,-15
-61,-6,-14
-66,-6,-16
-67,-3,-17
-67,0,-19
-68,0,-22
-66,2,-23
-64,2,-22
-60,3,-19
-59,3,-17
-59,1,-16
-60,1,-16
-61,3,-16
-60,3,-17
-58,1,-17
-57,-2,-16
-57,-3,-17
-59,-3,-16
-62,-3,-17
-64,-3,-18
-65,-4,-17
-65,-4,-13
-65,-4,-12
-64,-5,-10
-63,-6,-10
-63,-7,-8
-63,-7,-9
-63,-8,-10
-64,-7,-10
-64,-8,-12
-65,-8,-12
-67,-7,-13
-66,-7,-13
-65,-7,-13
-65,-9,-14
-68,-10,-18
-70,-8,-19
-66,-6,-22
-64,-4,-20
-63,0,-20
-64,7,-23
-66,13,-24
-63,21,-21
-60,22,-19
-56,23,-12
-54,22,-10
-54,19,-9
-55,17,-6
-54,12,-4
-55,10,-6
-58,7,-6
-60,6,-6
-66,6,-3
-80,4,-7
-81,-6,-17
-77,-10,-20
-70,-13,-27
-68,-16,-31
-59,-14,-22
-56,-12,-14
-54,-5,9
-52,10,18
-48,0,11
-60,-5,-22
-55,-6,-10
-77,-6,-13
-73,-11,-7
-43,-6,-11
-45,1,-13
-56,-1,13
-46,-4,7
-31,-6,-43
-44,-4,-72
-45,-1,-86
-30,-4,-74
-24,-8,-59
-28,-10,-57
-34,-9,-49
-37,-11,-45
-42,-9,-41
-43,-6,-39
-50,-2,-33
-54,1,-31
-58,5,-33
-65,2,-32
-66,3,-28
-65,5,-22
-65,4,-22
-68,5,-20
-68,5,-19
-67,6,-19
-66,5,-18
-64,5,-19
-66,6,-19
-65,9,-18
-62,9,-18
-59,5,-19
-58,4,-17
-57,3,-15
-58,3,-16
-61,3,-19
-63,3,-21
-63,3,-21
-62,2,-21
-59,0,-18
-56,-1,-16
-57,-2,-17
-60,-3,-22
-60,-3,-22
-60,-2,-21
-60,-2,-20
-61,-1,-21
-62,-1,-21
-62,-2,-21
-61,-3,-21
-60,-3,-20
-60,-3,-20
-62,-3,-21
-62,-3,-21
-61,-3,-21
-61,-3,-21
-60,-3,-21
-59,-3,-21
-59,-2,-21
-59,-2,-20
-60,-2,-21
-61,-2,-22
-61,-2,-21
-61,-3,-21
-61,-3,-21
-61,-3,-21
-61,-3,-21
-61,-2,-21
-61,-2,-21
-61,-3,-21
-61,-3,-21
-60,-3,-21
-60,-3,-21
-60,-2,-21
-62,-3,-22
-62,-3,-21
-64,-2,-21
-64,-3,-19
-63,-4,-17
-67,-4,-17
-67,-4,-16
-68,-3,-13
-69,-2,-13
-70,-4,-15
-70,-6,-13
-67,-8,-11
-74,-9,-8
-76,-11,-8
-67,-14,-2
-68,-17,1
-57,-22,10
-51,-23,15
-40,-28,16
-39,-29,16
-30,-31,23
-29,-33,22
-24,-34,24
-31,-35,23
-36,-32,33
-40,-27,37
-42,-22,42
-44,-23,47
-33,-28,50
-19,-28,56
-35,-33,38
-43,-29,40
-39,-31,57
-33,-32,54
-36,-34,48
-16,-33,49
-14,-32,37
-7,-27,45
-8,-31,49
-4,-29,51
-8,-30,47
-11,-21,56
-12,-16,71
-16,-14,70
-12,-10,65
-10,-8,72
-9,-12,74
4,-13,75
-8,-14,63
-21,-16,61
-21,-15,61
-6,-14,58
-4,-16,55
-1,-14,63
-5,-11,61
-23,-9,52
-42,-13,41
-28,-14,49
-10,-16,58
0,-18,60
2,-17,53
2,-16,57
-11,-15,51
-15,-15,47
-4,-15,45
-10,-12,41
-18,-10,41
-11,-8,46
-9,-6,50
-11,-4,53
-17,-5,54
-16,-6,52
-24,-8,50
-8,-3,65
-22,-2,68
-23,-3,69
-24,-3,62
-17,-7,56
-23,-14,50
-19,-13,57
-13,-14,63
-14,-17,58
-17,-18,58
-15,-17,61
9,-14,69
27,-13,72
9,-15,59
-7,-21,26
-29,-31,11
-8,-44,5
-27,-43,-6
-106,-34,-5
-102,-21,31
-66,-1,80
-30,11,87
-41,33,87
-62,40,88
-56,44,93
-51,48,93
-20,49,96
-14,47,91
-30,32,67
-37,13,44
-42,4,39
-43,-8,28
-51,-18,21
-45,-28,19
-45,-27,21
-27,-35,23
-14,-36,28
12,-39,50
13,-39,56
11,-34,71
6,-32,70
3,-28,74
2,-27,68
0,-25,55
-3,-27,47
-1,-25,40
6,-22,53
6,-24,62
0,-23,59
-13,-19,56
-16,-19,58
-15,-26,51
-18,-27,49
3,-27,57
10,-20,57
5,-20,61
4,-13,67
6,-16,66
13,-18,63
1,-16,59
4,-17,61
15,-13,68
-1,-10,56
2,-11,56
8,-8,67
7,-10,56
-12,-9,53
-12,-12,61
-22,-18,50
1,-18,51
28,-10,59
7,-10,59
-3,-7,66
10,-5,73
25,-4,73
18,-1,70
1,-2,58
14,-1,67
8,-2,56
5,2,50
9,4,53
17,5,55
15,6,54
13,10,61
11,8,66
-14,0,65
2,-8,60
16,-8,57
16,-6,59
6,-5,63
-2,0,77
17,2,77
21,1,68
11,4,60
5,-5,57
13,-8,53
24,-10,50
55,-16,59
45,-16,61
-12,-31,46
-53,-41,34
-56,-43,34
-65,-38,12
-54,-25,17
-37,10,31
-32,28,35
-16,60,63
0,67,77
-12,66,67
-19,62,66
-19,48,68
-16,45,66
-17,37,43
-18,40,46
-2,48,60
-1,52,69
-13,56,68
-20,54,61
-52,45,38
-54,35,38
-40,12,37
-41,-3,30
-36,-45,25
-18,-44,31
-8,-46,36
1,-39,50
19,-28,64
14,-19,70
27,-16,73
21,-14,61
21,-12,60
15,-12,69
11,-13,71
-12,-9,58
-17,-8,57
-2,-4,65
-4,-3,63
-6,-3,58
4,-3,61
5,-4,57
-3,-3,54
-8,-1,50
-12,0,50
-21,-6,60
-10,-10,58
18,-11,60
27,-9,64
14,-6,64
1,-10,60
15,-6,64
9,-5,64
11,-6,64
5,-6,72
-10,-6,71
-16,-8,66
-15,-9,67
-24,-10,60
-33,-11,57
-11,-6,51
-14,-4,52
-17,1,66
-15,-1,58
-11,-1,53
-12,-2,54
-13,0,56
-16,3,63
-19,4,74
-20,6,79
-10,3,75
8,-2,104
14,-5,107
-20,-9,76
-42,-16,51
-56,-31,22
-48,-35,18
-34,-47,-22
-27,-55,-47
-36,-52,-49
-34,-40,-21
-40,-36,20
-34,-34,19
34,-39,51
32,-44,53
-18,-55,7
1,-65,-21
-17,-69,-62
-42,-61,-39
-67,-46,11
-39,-30,26
11,-36,72
-44,-52,32
-59,-45,8
-18,-54,-20
-25,-52,-35
-36,-49,1
-38,-44,7
-9,-36,23
-8,-38,35
-27,-35,36
-35,-37,34
-35,-43,30
-37,-42,23
-50,-39,17
-54,-37,24
-51,-31,48
-48,-27,47
-42,-24,47
-45,-19,58
-46,-10,61
-56,-6,36
-81,-4,-18
-67,-16,-22
-81,-11,-24
-82,-8,-17
-72,-4,-29
-61,-1,-38
-54,-6,-32
-75,-9,4
-75,-8,22
-24,-3,58
-16,-6,70
-37,-5,50
-47,-8,39
-67,-8,28
-68,-8,26
-53,-7,25
-48,-6,29
-46,-7,39
-46,-7,39
-51,-9,37
-53,-10,37
-51,-13,38
-51,-13,39
-53,-13,37
-54,-13,36
-47,-13,34
-47,-12,35
-53,-8,41
-65,7,56
-76,17,64
-50,20,59
-33,18,54
-15,1,40
-17,-8,29
-10,-6,16
-5,-4,9
0,7,-2
-5,17,-2
-25,36,4
-41,50,8
-72,69,13
-44,68,16
-33,83,21
-52,91,34
-55,87,41
-52,79,35
-52,74,44
-55,72,46
-55,68,28
-77,59,13
-34,65,40
-27,67,30
-28,66,19
-13,63,8
-7,59,12
-7,58,18
-3,58,16
-6,59,14
-13,62,15
-13,59,20
-22,74,31
-6,62,10
-10,63,10
-20,65,18
-31,68,22
-10,63,7
0,63,1
-8,64,9
-10,64,13
-9,62,10
-14,64,10
-15,63,4
-20,69,5
-19,63,7
-11,60,1
-11,62,3
-26,67,-1
-23,62,2
-29,66,-18
-29,70,-14
2,72,-7
5,65,-6
6,59,-10
1,56,-15
-7,56,-18
-11,57,-12
-17,61,7
-18,64,15
-13,69,-22
-8,70,-38
-5,64,-31
-8,60,-22
-16,52,-17
-16,52,-17
-10,57,-26
-8,59,-35
-8,62,-31
-13,63,-17
-14,62,-14
-14,61,-16
-13,62,-20
-10,65,-22
-10,64,-22
-11,61,-20
-10,62,-15
-10,61,-10
-12,61,-9
-11,63,-11
-10,63,-12
-10,64,-10
-9,64,-11
-7,63,-9
-5,64,-7
-7,67,-6
-4,66,-6
-10,64,-10
-11,65,-13
-17,61,-7
-17,54,-2
-17,58,5
-19,63,19
-17,60,17
-20,62,6
-19,61,2
-22,65,-4
-27,66,-7
-33,65,-9
-31,62,-4
-32,61,10
-34,60,19
-25,59,28
-19,58,29
-14,58,30
-12,61,39
-16,71,53
-36,77,47
-90,77,15
-102,73,-2
-108,73,-4
-79,76,-11
-58,63,-10
-37,44,7
-40,42,16
-25,19,38
-16,18,47
1,22,51
18,26,43
-15,43,25
-24,48,26
-15,57,40
-9,49,37
-1,26,28
-1,16,34
0,6,41
4,2,44
13,1,56
22,-3,60
13,-13,50
3,-15,37
-3,-7,38
1,15,89
-11,-3,127
-43,-34,54
-23,-21,29
-17,-9,63
-10,-4,75
-13,2,63
-19,4,54
-15,6,60
-14,4,66
-10,-2,69
-9,-5,65
-7,-10,73
-1,-13,75
18,-12,72
32,-14,69
-18,-17,35
-20,-18,41
-11,-15,49
-3,-19,51
-22,-18,52
-35,-17,56
-18,-15,65
-15,-15,64
-15,-12,62
-13,-10,60
-15,-9,59
-15,-12,58
-12,-12,60
-11,-16,62
-9,-16,64
-7,-12,65
-7,-11,63
-3,-7,61
-2,-6,60
1,-5,62
4,-4,61
4,-6,56
2,-6,57
2,-9,60
2,-9,60
0,-8,62
-1,-6,64
0,-6,66
1,-6,63
1,-5,61
2,-5,62
3,-6,59
2,-7,57
0,-8,58
0,-7,59
-3,-6,59
-6,-4,60
-5,-4,61
-4,-6,59
-5,-7,57
-1,-8,52
-1,-7,52
-6,-4,50
-10,1,55
-7,5,59
-6,7,62
-8,10,68
-7,10,72
-10,11,78
-10,11,79
-15,8,75
-15,7,71
-14,7,63
-15,7,60
-16,8,58
-15,9,58
-15,9,57
-15,10,62
-14,10,63
-12,10,61
-12,10,61
-12,10,62
-13,11,62
-13,11,61
-13,11,60
-15,11,61
-14,11,61
-14,12,60
-14,12,61
-14,14,60
-14,13,59
-12,12,57
-12,11,57
-10,9,58
-9,7,60
-9,6,64
-9,6,65
-9,8,68
-8,9,67
-10,10,63
-10,11,62
-10,11,61
-9,10,62
-11,10,63
-12,9,63
-12,9,63
-12,8,61
-12,7,61
-13,6,61
-14,6,61
-13,5,61
-13,4,61
-12,4,61
-12,4,60
-11,5,59
-11,5,58
-11,5,58
-10,5,58
-9,5,59
-9,5,59
-8,4,59
-10,4,59
-9,3,59
-9,3,58
-8,5,59
-9,8,59
-9,8,59
-11,7,59
-12,7,60
-13,11,61
-12,13,61
-14,17,63
-13,17,63
-14,17,63
-13,17,61
-12,15,58
-12,15,58
-16,15,59
-18,17,62
-21,21,66
-21,21,64
-20,21,58
-19,21,57
-16,21,54
-16,21,55
-17,20,58
-19,18,58
-16,17,58
-20,15,55
-22,18,55
-20,23,55
-19,25,53
-19,28,57
-16,28,60
-14,25,62
-15,24,60
-18,20,57
-18,19,55
-20,14,53
-22,15,54
-22,18,56
-22,20,56
-21,24,56
-19,25,56
-18,25,58
-18,24,57
-18,22,55
-20,21,56
-21,18,57
-21,17,56
-21,18,55
-22,20,55
-22,21,55
-21,23,55
-21,24,55
-19,25,57
-18,23,58
-20,19,57
-21,19,57
-22,20,56
-22,20,55
-21,21,55
-22,21,56
-22,22,56
-21,22,56
-21,20,56
-22,20,56
-23,20,56
-23,21,55
-23,19,53
-24,19,52
-25,20,55
-26,19,56
-25,18,56
-25,18,55
-25,19,55
-27,20,55
-28,21,56
-30,24,56
-29,23,56
-27,21,53
-26,18,52
-25,15,53
-25,14,53
-26,13,55
-26,14,55
-29,15,54
-30,15,54
-30,15,54
-30,14,53
-29,14,54
-29,13,55
-29,12,54
-29,13,53
-30,15,54
-30,16,53
-30,17,52
-30,18,53
-31,17,53
-31,15,53
-32,15,54
-33,13,54
-33,13,55
-33,13,53
-33,14,52
-34,16,52
-33,17,52
-32,16,51
-32,15,52
-31,14,53
-31,14,53
-30,14,54
-31,13,54
-31,13,54
-32,13,53
-33,13,53
-33,14,53
-33,14,52
-33,15,53
-34,15,53
-34,14,52
-34,14,52
-33,14,51
-32,14,51
-32,14,52
-32,14,52
-31,14,53
-32,13,54
-33,13,55
-33,13,54
-34,12,52
-34,13,52
-35,13,52
-35,13,52
-33,13,50
-33,13,50
-32,12,51
-32,12,53
-33,12,54
-34,12,53
-34,11,52
-35,12,52
-35,12,52
-34,13,52
-34,14,52
-32,14,53
-32,13,53
-34,11,54
-34,11,54
-34,10,53
-34,10,53
-35,11,51
-35,11,51
-34,11,51
-35,10,51
-36,10,51
-35,11,52
-33,11,52
-33,11,52
-33,11,53
-33,10,54
-34,11,53
-35,10,53
-35,10,52
-35,10,50
-35,10,50
-35,11,52
-35,10,52
-34,11,53
-34,11,54
-34,11,53
-34,11,54
-34,12,56
-35,12,60
-36,14,72
-44,13,80
-57,9,81
-62,5,78
-68,-6,67
-64,-8,61
-60,-13,46
-55,-15,39
-46,-22,24
-33,-28,12
-24,-33,9
-18,-33,11
-19,-35,7
-17,-32,7
-13,-35,13
-15,-41,18
-17,-44,19
-22,-52,18
-23,-53,18
-21,-55,21
-23,-56,21
-25,-56,20
-21,-53,21
-14,-44,27
-17,-39,22
-21,-35,12
-20,-39,12
-17,-39,11
-18,-41,13
-21,-38,14
-27,-37,13
-32,-40,17
-41,-38,16
-61,-38,12
-62,-37,11
-63,-30,15
-67,-26,21
-62,-24,22
-53,-14,24
-42,-12,27
-23,-4,46
-21,1,58
-14,4,84
-27,11,101
-41,11,103
-31,13,88
-23,10,63
-14,8,52
-18,9,42
-24,10,44
-30,14,57
-32,15,62
-36,16,60
-35,14,56
-27,12,52
-27,12,53
-29,12,56
-30,13,56
-29,12,55
-29,13,54
-30,13,54
-30,13,54
-30,13,55
-30,13,54
-30,13,54
-30,13,54
-30,13,54
-31,13,54
-30,14,54
-31,13,54
-30,14,54
-31,13,54
-31,13,54
-30,13,54
-30,13,54
-30,14,54
-31,14,53
-31,14,53
-31,14,53
-31,13,54
-31,13,54
-31,13,54
-31,13,53
-31,13,53
-31,14,53
-31,14,54
-31,14,53
-31,13,54
-31,14,53
-33,14,54
-31,14,54
-31,13,54
-32,11,53
-31,12,52
-32,13,53
-31,14,54
-32,15,53
-32,15,54
-31,14,54
-31,14,53
-31,13,53
-31,13,53
-32,14,53
-32,14,53
-31,14,54
-31,14,53
-31,14,53
-32,14,54
-31,14,53
-31,14,54
-31,14,53
-32,14,53
-32,14,53
-31,14,53
-31,14,54
-31,14,53
-32,14,53
-31,14,53
-31,14,53
-32,14,53
-31,14,53
-31,14,53
-32,14,53
-32,13,53
-31,14,54
-30,14,54
-31,14,53
-33,14,52
-32,14,53
-31,13,53
-30,13,54
-29,14,52
-33,16,55
-30,15,55
-31,13,51
-35,13,51
-34,12,52
-33,13,52
-30,14,54
-31,15,54
-31,15,54
-33,15,52
-33,13,52
-33,13,52
-31,14,54
-31,14,54
-32,14,53
-33,14,52
-33,14,52
-33,14,52
-32,14,53
-32,15,53
-32,14,53
-33,14,52
-33,14,52
-33,14,52
-32,14,53
-32,14,53
-33,14,53
-33,14,52
-33,14,52
-33,14,53
-33,14,53
-33,14,53
-33,14,52
-33,14,53
-33,14,52
-33,14,52
-33,14,52
-33,15,52
-33,14,53
-33,14,53
-33,14,53
-33,14,52
-33,14,52
-33,14,52
-33,14,52
-33,14,53
-33,14,52
-33,14,52
-33,14,53
-33,14,53
-33,14,52
-33,14,52
-32,14,52
-33,14,52
-33,14,52
-33,15,52
-33,14,53
-33,14,53
-32,14,52
-33,14,52
-33,15,52
-33,14,53
-32,14,53
-33,14,52
-33,14,53
-33,14,53
-33,14,53
-33,14,52
-33,14,52
-33,14,53
-32,14,52
-33,14,52
-33,14,52
-32,14,53
-32,14,53
-33,14,53
-32,14,53
-32,14,52
-33,15,52
-33,14,53
-33,14,53
-32,14,52
-32,14,53
-33,14,53
-33,15,53
-33,14,52
-32,14,53
-32,14,53
-33,14,52
-33,15,52
-32,15,53
-32,14,53
-32,14,53
-32,14,53
-32,14,53
-33,14,52
-33,15,52
-33,15,52
-33,14,52
-32,15,53
-32,15,53
-31,16,54
-32,17,53
-32,16,53
-32,14,53
-32,12,54
-35,14,54
-34,14,54
-30,13,56
-25,11,54
-26,10,54
-23,10,57
-22,10,57
-18,10,57
-18,11,59
-19,11,60
-19,10,58
-20,10,58
-19,9,58
-19,9,59
-20,10,57
-26,4,57
-23,9,59
-28,9,58
-23,10,59
-22,12,58
-22,11,58
-24,10,59
-20,11,60
-21,10,57
-23,11,56
-24,10,56
-23,11,57
-22,12,58
-22,12,57
-21,13,57
-24,11,58
-24,11,58
-23,11,59
-23,12,58
-24,12,57
-23,12,58
-22,13,57
-21,13,57
-22,13,58
-24,13,58
-21,12,57
-21,12,56
-22,11,57
-21,12,59
-24,13,58
-23,11,57
-23,10,57
-23,10,57
-24,13,58
-22,13,57
-23,13,57
-23,13,56
-22,13,56
-22,11,56
-22,11,57
-19,15,58
-20,13,59
-22,14,60
-21,15,59
-21,15,58
-22,14,58
-21,14,58
-21,14,57
-21,14,58
-20,14,57
-20,14,59
-20,14,59
-19,14,58
-19,14,59
-18,14,59
-18,14,59
-19,14,59
-19,14,58
-18,13,58
-19,14,58
-19,14,59
-19,15,59
-19,15,59
-18,14,58
-17,13,58
-18,13,59
-19,14,59
-18,14,58
-18,14,59
-18,14,59
-19,14,58
-19,14,58
-18,15,58
-18,15,58
-19,14,59
-18,14,59
-18,14,58
-18,14,59
-19,15,59
-18,15,58
-19,14,59
-19,14,59
-18,14,58
-18,14,59
-18,15,59
-19,15,58
-18,14,58
-18,14,58
-18,15,58
-18,14,58
-18,14,59
-18,14,59
-18,14,58
-18,14,58
-18,14,59
-18,15,59
