1478926332.000000, 1478926332.000000, 1478926332.000000
32.000000, 32.000000, 32.000000
3,-4,62
5,-5,63
3,-6,63
3,-6,63
1,-7,62
2,-7,62
3,-6,62
3,-5,63
6,-5,62
7,-4,63
7,-5,62
6,-5,62
6,-5,62
5,-5,63
6,-4,62
5,-5,62
4,-5,63
4,-5,63
5,-5,62
4,-5,62
5,-5,62
4,-5,63
5,-5,62
5,-4,62
5,-4,63
5,-4,63
5,-4,62
5,-4,62
5,-4,62
5,-4,63
4,-5,62
4,-5,62
5,-4,62
5,-5,63
5,-5,62
5,-4,63
5,-4,62
5,-4,62
5,-4,62
6,-4,63
5,-4,62
5,-4,62
4,-4,63
4,-4,62
7,-4,63
8,-4,62
3,-5,62
3,-5,62
4,-5,62
5,-5,62
5,-4,62
5,-4,62
6,-4,63
5,-5,62
-8,-7,62
9,-4,61
19,-3,63
16,-2,61
10,-2,62
8,-1,63
7,-2,63
9,-2,62
8,-4,62
9,-4,62
1,-5,63
4,-4,62
2,-4,62
2,-4,63
2,-4,62
4,-4,63
6,-5,63
4,-5,63
5,-5,63
6,-4,62
7,-4,62
2,-5,62
2,-5,62
3,-5,62
1,-5,62
-1,-6,63
0,-6,62
-1,-6,62
-2,-7,62
-3,-6,62
-2,-7,63
-1,-7,62
-1,-6,62
-1,-6,62
-1,-6,62
-1,-6,63
0,-6,62
-1,-6,62
0,-6,63
1,-6,63
0,-6,62
-1,-6,62
0,-6,62
0,-6,62
0,-6,62
0,-6,63
0,-6,63
0,-6,62
-1,-6,62
0,-6,63
0,-6,62
0,-6,63
2,-6,62
1,-6,62
2,-6,63
0,-6,63
-1,-6,62
1,-6,63
1,-6,62
0,-6,62
0,-6,62
1,-6,62
2,-6,63
1,-6,62
1,-6,62
2,-7,63
1,-6,62
1,-6,62
1,-6,62
2,-6,62
2,-6,63
1,-6,62
2,-6,63
1,-6,62
1,-7,62
2,-7,62
1,-6,63
1,-6,63
2,-6,62
2,-6,62
1,-6,62
2,-6,63
3,-6,63
1,-5,62
2,-6,62
1,-6,63
1,-6,63
2,-6,62
2,-6,62
2,-6,63
1,-6,62
2,-6,62
2,-6,63
2,-6,62
2,-6,62
3,-6,63
4,-6,63
1,-6,62
1,-6,62
0,-7,63
2,-6,62
2,-6,62
2,-6,62
1,-6,63
3,-6,63
3,-6,63
2,-5,62
2,-6,62
4,-5,63
3,-5,62
1,-6,62
1,-6,62
0,-6,62
-2,-5,62
1,-6,63
1,-6,62
1,-6,62
3,-6,63
4,-6,62
2,-5,63
4,-5,63
3,-5,63
2,-5,62
5,-5,64
3,-5,62
4,-6,63
2,-6,62
3,-6,63
4,-6,62
3,-6,62
3,-6,62
2,-6,63
3,-6,63
2,-5,62
3,-6,63
2,-6,63
1,-5,62
3,-4,62
4,-5,63
3,-6,62
2,-5,62
3,-5,63
2,-5,62
3,-5,62
2,-5,63
3,-5,62
2,-5,62
2,-5,62
3,-5,63
3,-5,63
2,-6,62
3,-6,63
2,-5,62
3,-5,62
2,-5,62
2,-5,62
2,-5,62
3,-5,62
3,-5,62
3,-6,62
2,-6,62
3,-5,63
1,-6,63
3,-6,62
2,-5,62
2,-5,62
3,-5,63
2,-5,62
2,-6,62
3,-6,63
3,-6,63
3,-6,62
4,-6,62
3,-6,62
3,-6,63
3,-6,62
3,-6,62
2,-6,62
3,-6,63
2,-6,62
3,-6,62
3,-6,63
2,-6,62
3,-6,62
3,-6,62
2,-6,63
3,-6,62
3,-6,62
3,-6,62
3,-6,63
3,-6,62
3,-6,62
3,-6,62
3,-6,62
3,-6,62
3,-6,62
3,-6,62
3,-6,62
4,-6,63
3,-5,62
4,-5,63
3,-6,62
3,-6,63
3,-6,63
3,-6,62
3,-6,62
3,-6,62
3,-6,62
3,-6,62
2,-6,62
3,-6,62
3,-6,62
3,-6,62
3,-6,62
4,-6,63
3,-6,62
3,-6,63
3,-5,62
3,-6,62
3,-6,63
3,-6,62
3,-6,62
3,-6,63
3,-6,62
3,-5,62
3,-5,62
2,-5,63
2,-5,63
3,-6,63
3,-6,63
3,-6,62
4,-6,62
5,-6,63
3,-6,62
3,-6,62
3,-5,63
0,-4,62
1,-4,63
-1,-5,62
-1,-5,62
1,-6,63
3,-6,63
3,-7,63
4,-6,62
5,-6,62
4,-6,62
2,-5,63
3,-4,63
4,-5,63
2,-5,63
1,-5,63
0,-8,63
4,-6,61
4,-8,62
8,-5,63
8,-4,63
5,-4,62
5,-4,62
3,-5,62
3,-6,62
2,-6,62
2,-6,63
3,-5,63
2,-5,62
1,-5,63
1,-6,63
1,-8,62
2,-9,62
0,-10,61
-2,-8,62
-2,-7,62
-5,-3,62
-2,-2,63
4,-3,63
4,-5,63
2,-8,63
0,-8,62
-5,-7,61
-2,-6,62
1,-6,63
4,-7,63
2,-8,63
-3,-7,62
-5,-6,62
-7,-5,61
-5,-5,62
3,-6,63
3,-8,63
2,-8,63
-1,-6,61
0,-5,62
-9,-6,61
-6,-6,61
6,-7,64
3,-7,61
-7,-8,62
-6,-9,63
-4,-8,61
-5,-6,62
-7,-8,62
-2,-7,62
-6,-7,62
-7,-8,62
-6,-8,62
-1,-9,63
-1,-9,62
-2,-8,62
-1,-8,62
2,-7,62
-3,-7,62
-5,-7,62
-8,-7,62
-9,-8,62
-6,-10,62
-6,-10,62
-6,-10,62
-5,-9,62
-8,-8,61
-8,-8,62
-9,-8,62
-8,-8,62
-9,-8,62
-7,-9,62
-8,-9,61
-7,-9,62
-6,-8,62
-7,-6,61
-7,-6,61
-5,-7,63
-7,-7,63
-5,-7,62
-7,-6,62
-9,-6,62
-9,-7,62
-7,-7,62
-6,-6,62
-5,-7,62
-5,-7,62
-7,-6,62
-5,-6,62
-5,-6,62
-6,-6,62
-8,-6,62
-5,-6,62
-5,-6,62
-5,-6,62
-4,-6,62
-3,-6,62
-3,-6,62
-3,-6,62
-3,-6,62
-3,-6,62
-4,-6,62
-1,-6,63
-3,-6,62
-3,-6,62
-3,-6,63
-3,-6,62
-4,-6,62
-4,-6,62
-4,-6,62
-3,-6,62
-3,-6,62
-3,-6,62
-3,-6,62
-3,-6,62
-3,-6,62
-2,-6,63
-3,-6,62
-3,-6,62
-2,-6,63
-3,-6,62
-3,-6,62
-2,-6,63
-2,-6,62
-2,-6,63
-3,-6,62
-2,-6,62
-3,-6,62
-2,-6,62
-3,-6,62
-2,-6,62
-2,-6,62
-2,-6,62
-2,-6,62
-2,-6,62
-2,-6,62
-2,-6,62
-2,-6,62
-2,-6,63
-2,-6,62
-2,-6,62
-2,-6,62
-1,-6,62
-1,-6,62
-1,-6,63
-1,-6,62
-2,-6,63
3,-5,63
-3,-6,62
0,-6,63
-3,-6,62
-1,-6,62
-2,-6,62
0,-6,63
1,-5,62
3,-5,63
-2,-6,62
-2,-6,63
2,-5,62
2,-5,62
-1,-5,62
1,-5,62
0,-5,62
0,-5,62
-1,-6,62
-2,-6,62
-3,-5,62
-3,-5,62
-3,-5,62
0,-6,63
0,-7,63
1,-6,63
1,-5,62
0,-5,62
1,-5,63
1,-5,63
-1,-5,62
0,-5,63
-1,-5,62
-1,-6,63
-2,-6,62
-2,-6,62
-1,-6,62
-2,-6,62
-2,-6,62
-2,-6,62
-1,-6,62
-1,-5,63
-1,-6,63
-1,-6,62
0,-7,62
0,-7,62
1,-7,62
0,-7,62
-1,-6,63
-1,-6,63
-1,-6,62
-1,-6,62
-3,-7,62
-2,-7,62
-3,-7,62
-3,-7,62
-3,-7,62
-3,-7,62
-3,-7,62
-4,-7,62
-1,-7,62
0,-7,62
0,-7,62
-2,-7,62
-2,-7,62
0,-7,62
-1,-7,62
-1,-7,62
-1,-7,62
1,-6,63
0,-7,63
-1,-7,63
-1,-6,61
2,-6,63
2,-6,63
1,-6,62
1,-6,62
4,-6,62
4,-6,63
3,-6,63
3,-6,63
4,-6,62
4,-5,63
2,-5,62
3,-5,62
6,-5,62
3,-5,63
2,-5,63
5,-6,62
6,-5,62
3,-5,63
5,-5,62
6,-5,62
5,-5,63
4,-5,63
3,-5,62
3,-5,62
2,-5,63
3,-5,63
3,-5,63
4,-5,62
5,-5,62
5,-5,62
6,-5,62
6,-5,62
6,-5,63
5,-5,62
6,-5,62
5,-5,62
5,-6,63
5,-6,62
5,-6,62
5,-6,62
5,-5,62
5,-6,62
5,-5,62
5,-5,62
6,-6,62
5,-6,62
6,-6,62
5,-6,62
6,-6,62
5,-6,62
5,-6,62
5,-6,62
5,-6,62
5,-6,62
5,-6,62
5,-6,62
5,-6,63
5,-6,62
5,-6,63
5,-6,63
5,-6,62
5,-6,62
5,-6,62
5,-6,62
5,-6,62
5,-6,62
5,-6,62
5,-6,62
5,-6,62
5,-6,62
5,-6,63
5,-6,62
5,-6,62
5,-6,62
5,-6,62
5,-6,63
4,-6,62
5,-6,62
5,-6,62
5,-6,62
5,-6,62
5,-6,62
5,-6,62
6,-6,62
5,-6,62
5,-6,62
5,-6,62
5,-6,62
6,-6,62
5,-6,62
6,-6,62
6,-6,62
5,-6,62
6,-6,62
5,-6,62
6,-6,62
6,-6,62
6,-6,62
6,-6,62
6,-6,62
6,-6,62
7,-6,62
6,-6,62
6,-6,62
6,-6,62
6,-6,62
6,-6,62
6,-6,62
6,-6,62
6,-6,62
6,-6,62
6,-6,63
5,-6,62
5,-6,62
5,-6,62
5,-6,62
5,-6,62
5,-5,62
5,-5,62
4,-5,62
4,-5,62
4,-6,62
5,-6,62
5,-6,62
5,-6,62
5,-6,62
5,-5,62
5,-5,62
5,-5,62
5,-5,62
5,-5,62
5,-5,62
5,-5,62
5,-5,62
5,-5,62
5,-5,62
5,-6,62
5,-5,62
5,-5,63
5,-5,62
5,-5,62
5,-5,62
5,-5,62
5,-6,62
5,-6,62
5,-5,62
4,-5,62
4,-5,62
4,-6,62
5,-5,62
5,-6,62
5,-6,62
5,-6,62
5,-5,63
4,-5,62
5,-6,62
5,-6,62
4,-6,62
5,-5,62
5,-5,62
4,-6,62
4,-6,62
4,-6,63
4,-5,62
4,-5,62
5,-5,62
4,-6,62
5,-6,62
4,-6,62
4,-5,62
4,-5,62
5,-6,63
4,-5,62
5,-6,62
5,-6,63
4,-5,62
5,-5,62
5,-5,62
5,-6,62
5,-6,62
5,-6,62
5,-5,62
5,-6,63
5,-5,62
5,-5,62
5,-6,62
6,-6,62
5,-6,62
5,-6,62
5,-6,62
5,-6,62
5,-6,62
5,-6,62
5,-6,62
5,-6,62
5,-5,62
5,-6,62
5,-6,62
5,-6,62
5,-6,62
5,-6,62
6,-6,63
5,-6,62
5,-6,62
5,-6,62
5,-6,62
5,-6,62
5,-6,62
5,-6,62
5,-6,62
5,-6,62
5,-6,62
5,-6,62
5,-6,62
5,-6,62
5,-6,62
5,-6,62
5,-6,63
5,-6,62
5,-6,62
5,-6,62
5,-6,62
5,-6,62
5,-6,62
5,-6,62
5,-6,62
5,-6,62
5,-6,62
5,-6,62
5,-6,62
5,-6,62
5,-6,62
5,-6,62
5,-6,62
5,-6,62
5,-6,62
5,-6,62
5,-5,62
5,-6,62
5,-6,62
7,-6,63
7,-5,64
6,-5,63
2,-5,62
2,-4,61
-4,-3,63
-11,-4,62
-12,-5,62
-8,-6,60
9,-12,58
36,-4,62
38,-5,68
-14,-4,61
-25,-4,60
-15,-5,59
-7,-7,61
-1,-8,63
-1,-8,63
-3,-7,62
-9,-8,61
-8,-8,61
-2,-8,61
-1,-7,62
2,-5,63
1,-4,63
-1,-2,62
2,-2,63
4,-2,62
4,-2,62
8,-2,63
5,-4,62
4,-4,62
5,-4,63
6,-4,63
6,-4,63
6,-5,63
5,-5,63
5,-6,63
2,-6,63
1,-6,62
3,-5,62
4,-5,63
3,-5,62
4,-5,62
3,-5,62
1,-5,62
2,-5,62
2,-5,63
1,-5,62
1,-5,63
2,-6,63
1,-6,62
2,-6,63
1,-6,62
2,-5,63
1,-5,63
2,-5,63
2,-5,62
2,-5,63
1,-5,62
2,-5,63
1,-6,63
1,-6,62
1,-6,63
0,-6,62
1,-6,63
1,-6,62
1,-5,63
1,-5,62
2,-5,63
2,-6,63
1,-6,62
2,-6,63
1,-6,62
1,-6,62
1,-6,63
1,-6,62
1,-6,63
1,-6,62
1,-6,62
1,-6,62
2,-6,62
2,-6,63
1,-6,62
1,-6,63
1,-6,62
1,-6,62
1,-6,62
1,-6,63
1,-6,62
1,-6,62
0,-6,62
1,-6,62
1,-6,62
1,-6,63
1,-6,62
1,-6,62
1,-6,62
1,-6,62
1,-6,63
1,-6,62
1,-6,62
1,-6,63
1,-6,62
1,-6,62
1,-6,62
1,-6,62
1,-6,62
1,-6,63
1,-6,63
1,-6,62
1,-6,62
2,-6,62
1,-6,62
1,-6,63
1,-6,62
1,-5,62
1,-6,62
1,-6,62
2,-5,62
1,-5,62
1,-6,63
1,-5,62
1,-6,63
1,-6,62
1,-5,62
1,-5,62
1,-5,62
1,-6,62
1,-6,63
1,-6,63
1,-5,62
1,-6,62
2,-6,62
1,-6,63
1,-6,62
1,-6,62
1,-5,63
1,-6,63
1,-6,62
1,-5,63
1,-5,63
2,-5,62
1,-5,63
1,-5,62
1,-5,62
1,-5,63
1,-5,62
1,-6,62
1,-6,62
1,-6,62
1,-5,62
1,-5,63
1,-5,62
1,-5,63
1,-5,62
1,-6,62
1,-5,63
1,-5,63
1,-6,62
1,-6,62
1,-5,63
1,-5,62
1,-6,62
1,-5,62
1,-6,62
1,-6,63
1,-6,63
1,-6,62
1,-6,62
1,-6,63
1,-6,63
1,-6,62
1,-5,62
1,-5,63
1,-6,62
1,-6,62
1,-6,62
1,-6,62
0,-6,62
0,-6,62
1,-6,62
1,-6,62
1,-6,63
1,-6,62
1,-6,62
0,-6,62
0,-6,62
0,-6,63
0,-6,62
0,-6,62
0,-6,62
1,-6,62
0,-6,62
0,-6,62
0,-6,63
0,-6,62
0,-6,63
1,-6,63
1,-6,63
1,-6,62
-1,-5,62
1,-5,63
-1,-5,63
-1,-5,63
-1,-6,63
-2,-7,64
-4,-7,63
-6,-9,61
-4,-12,61
3,-10,59
6,-9,60
4,-8,61
2,-8,59
5,-6,60
6,-7,60
6,-8,60
1,-20,58
4,-22,59
11,0,69
4,-9,59
8,-13,59
12,-13,64
7,-13,64
11,-16,62
12,-15,61
12,-15,59
13,-15,59
14,-16,62
12,-18,61
6,-19,63
7,-20,63
11,-14,60
20,-9,58
21,-10,60
24,-12,58
27,-12,55
31,-12,55
26,-12,57
23,-12,58
25,-13,59
25,-12,58
24,-11,55
25,-10,56
25,-11,56
27,-11,56
27,-10,57
29,-10,59
31,-10,58
30,-8,56
29,-9,59
27,-9,57
29,-10,58
28,-11,61
25,-15,57
20,-14,55
23,-16,60
19,-18,56
19,-18,54
18,-16,53
17,-22,60
16,-15,64
23,-15,67
23,-15,67
19,-12,63
16,-12,60
19,-10,57
18,-10,56
14,-11,59
11,-10,59
13,-9,62
8,-7,59
8,-9,56
8,-11,53
12,-13,58
12,-11,61
12,-11,58
13,-12,53
12,-11,51
16,-10,52
21,-5,54
24,-3,56
28,-1,58
27,-4,57
24,-11,51
24,-15,50
28,-22,51
31,-24,53
34,-26,54
35,-29,55
36,-31,56
34,-34,54
33,-36,53
31,-37,55
30,-37,55
29,-37,51
28,-38,50
27,-36,49
26,-33,47
26,-33,47
25,-34,48
26,-34,48
27,-34,48
28,-34,49
30,-35,49
31,-35,49
38,-35,52
35,-33,53
37,-30,56
33,-31,56
32,-29,56
31,-26,57
29,-24,57
24,-21,54
22,-18,53
22,-12,55
19,-11,52
20,-10,52
26,-7,52
24,-7,50
25,-3,47
27,-1,49
21,-2,54
19,-2,55
15,-1,56
13,-2,56
14,-2,60
18,-2,61
22,-1,61
27,-3,60
34,-8,64
39,-16,68
38,-17,64
39,-14,60
36,-16,57
30,-20,48
27,-20,44
29,-21,48
25,-21,51
26,-18,51
27,-11,59
26,-10,61
31,-7,64
29,-8,64
35,-12,65
34,-10,60
24,-5,53
21,-6,54
19,-8,52
31,-14,57
31,-15,59
30,-16,55
31,-17,56
30,-15,53
30,-15,52
31,-16,55
30,-14,54
29,-13,52
34,-15,56
32,-16,55
30,-17,53
31,-18,52
31,-17,51
31,-17,51
31,-18,52
32,-19,54
30,-18,53
30,-19,53
32,-19,54
30,-18,52
30,-18,52
32,-18,53
32,-18,51
32,-17,52
31,-18,52
32,-18,53
32,-17,52
32,-17,52
33,-17,52
33,-17,53
32,-17,53
32,-17,53
34,-17,53
33,-17,52
33,-15,51
34,-16,51
33,-16,51
34,-14,50
36,-16,51
33,-17,52
34,-17,53
35,-17,55
34,-19,56
35,-19,55
38,-18,56
37,-19,55
39,-17,53
42,-16,53
39,-14,50
41,-13,50
35,-11,48
37,-12,49
51,-10,52
43,-8,51
39,-5,52
36,-1,55
31,-2,53
26,-4,52
23,-3,53
26,-5,59
25,-5,59
30,-6,61
30,-6,60
29,-5,55
30,-1,57
29,-2,58
29,-5,62
27,-5,61
25,3,52
20,5,50
13,14,49
15,17,47
13,20,48
14,23,53
20,20,62
21,8,67
24,1,69
21,-1,68
16,-1,65
21,-5,60
20,-6,59
16,-8,58
18,-11,60
25,-14,58
24,-12,55
26,-11,56
27,-12,59
26,-11,59
23,-10,63
20,-9,65
13,-9,61
11,-9,62
11,-10,64
16,-10,60
21,-9,59
26,-12,63
29,-10,65
22,-5,59
18,-5,58
16,-5,60
17,-4,60
16,-2,58
16,-1,57
17,-2,58
20,-3,60
20,-4,60
24,-9,61
24,-11,61
20,-14,60
18,-15,60
17,-15,59
16,-14,59
15,-11,60
15,-9,60
15,-10,60
18,-7,58
22,-7,58
24,-8,60
25,-6,60
23,-2,56
26,-2,57
29,-2,59
25,1,55
25,0,56
26,-1,57
27,0,55
26,1,51
28,1,50
42,-1,51
48,-2,50
53,0,49
53,1,50
46,2,47
45,-3,43
47,-3,46
45,-2,50
42,-2,47
44,-6,45
42,-8,48
40,-7,48
41,-7,47
45,-6,44
44,-4,43
45,-3,43
44,-2,47
42,-2,50
37,-4,56
35,-5,58
33,-6,56
32,-6,54
28,-2,53
25,-4,60
23,-5,59
26,-8,55
27,-8,55
34,-7,56
35,-6,55
37,-3,53
36,-3,54
34,-3,54
30,-5,53
35,-8,54
36,-8,56
31,-6,55
31,-2,58
26,-3,59
27,-12,61
30,-17,56
38,-16,55
30,-16,55
14,-13,55
15,-10,57
18,-7,57
25,-4,53
23,-5,54
20,-9,61
20,-12,61
20,-16,60
15,-16,62
-2,-19,61
2,-13,64
5,-6,61
13,-2,58
15,-4,57
20,-15,59
21,-21,60
26,-29,60
24,-29,58
28,-21,55
33,-10,59
24,-8,66
8,-8,64
8,-9,59
6,-13,51
-4,-15,54
-12,-21,61
-5,-21,63
8,-22,61
4,-21,58
2,-23,57
4,-26,58
1,-25,58
2,-21,59
3,-20,61
9,-20,62
15,-22,60
24,-20,56
29,-18,54
31,-12,54
30,-11,56
29,-9,57
29,-10,58
28,-10,57
25,-9,57
26,-11,58
31,-9,60
27,-10,61
17,-7,62
17,-6,62
20,-13,60
8,-16,53
6,-17,49
7,-23,53
5,-32,55
4,-29,64
5,-27,64
5,-21,59
11,-19,58
26,-16,60
29,-7,58
29,-6,58
26,-9,60
21,-12,59
14,-14,57
15,-16,58
24,-15,59
23,-14,59
19,-13,58
22,-14,57
24,-12,58
25,-12,58
25,-12,58
26,-13,56
27,-13,56
28,-13,56
28,-13,56
30,-14,56
30,-13,56
28,-13,55
27,-14,56
27,-14,56
27,-14,56
26,-14,55
28,-14,56
29,-14,56
28,-13,55
27,-13,55
29,-13,55
29,-13,55
29,-13,55
29,-14,55
29,-14,56
28,-14,55
28,-14,55
29,-13,55
29,-13,55
29,-13,55
29,-13,55
28,-13,55
29,-13,55
29,-13,55
29,-14,55
28,-14,55
29,-13,55
29,-14,55
29,-13,55
29,-13,55
29,-13,55
29,-13,55
29,-14,55
29,-14,55
29,-13,55
29,-13,55
29,-13,55
29,-13,55
30,-13,55
29,-14,55
30,-13,55
29,-13,55
30,-13,55
30,-14,55
29,-14,55
29,-13,55
30,-13,55
29,-14,55
29,-13,55
30,-13,55
30,-13,55
30,-13,55
29,-14,55
29,-13,55
30,-13,55
30,-13,55
30,-13,55
29,-13,55
30,-13,54
30,-13,55
29,-13,55
29,-13,54
31,-13,55
31,-13,55
30,-13,55
29,-13,54
30,-13,54
30,-13,55
30,-13,55
29,-13,55
29,-13,54
30,-13,55
30,-13,55
29,-13,55
30,-13,54
30,-13,55
30,-13,55
30,-13,55
30,-14,55
30,-13,55
30,-13,55
30,-13,55
30,-13,55
30,-13,55
30,-13,55
30,-13,55
29,-13,55
30,-13,54
30,-13,55
29,-13,55
30,-13,54
29,-13,55
30,-13,55
29,-13,55
29,-13,55
30,-13,55
30,-13,55
29,-13,55
29,-13,55
29,-13,55
29,-13,55
29,-13,55
30,-13,55
30,-13,55
30,-13,55
29,-13,55
28,-14,55
31,-15,56
30,-13,55
29,-12,54
29,-12,54
31,-12,55
31,-13,55
28,-13,55
29,-14,55
30,-14,55
30,-14,54
30,-14,54
29,-13,55
29,-13,55
30,-14,55
30,-14,55
30,-13,55
30,-13,55
28,-13,55
30,-13,55
31,-13,55
30,-14,55
30,-14,54
32,-13,55
31,-13,54
29,-13,54
30,-13,54
29,-13,55
29,-13,54
27,-12,55
29,-13,56
29,-13,56
29,-13,55
29,-13,55
29,-13,55
31,-13,55
29,-14,54
29,-14,54
30,-14,55
32,-13,55
28,-13,55
28,-13,54
31,-13,55
29,-14,55
28,-14,55
30,-12,55
32,-12,55
31,-13,54
30,-13,54
30,-13,54
30,-14,55
29,-14,55
31,-13,55
30,-13,54
31,-13,53
31,-14,54
30,-14,54
30,-13,54
31,-14,54
32,-14,54
32,-14,54
31,-13,54
30,-13,53
32,-14,54
33,-13,54
32,-13,53
32,-13,53
32,-13,53
32,-13,54
31,-13,53
32,-14,53
33,-14,53
33,-14,53
33,-14,53
33,-13,52
33,-13,53
34,-12,53
35,-12,53
34,-13,53
33,-13,53
33,-13,53
33,-13,53
33,-14,53
33,-14,53
32,-13,53
32,-13,53
32,-13,53
33,-14,53
32,-14,53
32,-14,53
33,-13,53
34,-13,53
33,-13,53
33,-13,52
33,-14,53
33,-13,53
33,-13,53
34,-13,53
33,-13,53
33,-13,52
33,-13,53
33,-13,53
33,-13,53
33,-13,53
33,-13,53
33,-13,53
33,-13,53
34,-13,53
33,-13,53
33,-13,53
33,-13,53
34,-12,53
34,-13,53
34,-13,52
33,-13,53
34,-13,53
33,-13,53
34,-13,53
34,-13,52
34,-13,53
33,-13,53
34,-13,53
34,-13,53
34,-12,53
33,-12,53
34,-12,53
34,-13,52
33,-12,52
34,-13,53
34,-13,53
34,-12,53
33,-12,52
34,-12,53
35,-12,53
34,-12,53
34,-12,53
34,-13,52
33,-12,53
34,-12,53
34,-12,52
34,-12,53
34,-13,53
34,-13,53
33,-12,52
34,-12,53
34,-13,52
34,-12,53
34,-12,53
34,-13,53
34,-12,53
33,-12,52
34,-12,52
34,-12,52
34,-12,52
34,-13,52
34,-13,53
34,-13,53
34,-13,53
33,-13,52
34,-13,52
34,-13,53
34,-13,53
33,-13,52
34,-13,52
34,-13,52
34,-13,53
33,-13,52
34,-13,53
34,-13,53
34,-13,53
34,-12,52
34,-12,53
34,-12,53
34,-13,52
33,-13,53
34,-13,52
34,-13,53
34,-12,52
34,-12,52
34,-13,53
34,-13,52
34,-13,53
34,-13,53
34,-13,53
34,-13,52
33,-13,52
33,-13,53
33,-13,53
33,-13,53
33,-12,53
34,-12,52
34,-13,53
34,-13,53
34,-12,53
34,-13,52
34,-13,52
34,-13,52
34,-12,52
34,-12,52
34,-12,52
34,-12,52
34,-13,53
33,-12,52
34,-12,52
34,-12,53
33,-12,53
34,-12,53
34,-12,53
34,-12,52
33,-12,52
34,-12,52
34,-12,53
34,-12,53
34,-12,53
34,-12,53
34,-12,53
34,-12,52
34,-12,53
34,-12,52
34,-12,52
34,-12,52
34,-12,52
34,-12,52
35,-12,53
34,-12,52
34,-12,52
34,-12,53
34,-12,53
34,-12,52
34,-12,52
34,-12,52
34,-12,53
34,-12,52
34,-12,52
34,-12,53
34,-12,52
35,-12,52
34,-12,52
34,-12,52
34,-12,52
34,-12,53
34,-12,52
34,-12,53
34,-12,52
34,-12,52
34,-12,52
34,-12,52
34,-12,53
34,-12,52
34,-12,52
34,-12,52
34,-12,52
34,-12,52
34,-12,53
34,-13,53
33,-12,53
34,-12,52
34,-12,52
34,-12,53
33,-13,52
34,-13,52
34,-12,53
34,-12,53
34,-12,52
34,-12,53
34,-12,52
34,-12,52
34,-12,52
34,-12,52
34,-12,52
35,-12,52
34,-12,52
34,-12,52
34,-12,52
34,-12,52
34,-12,52
34,-12,53
34,-12,52
34,-12,52
34,-12,52
34,-12,52
35,-12,52
34,-12,52
34,-12,52
34,-12,52
34,-12,52
34,-12,52
35,-12,52
34,-12,52
35,-12,52
34,-12,52
34,-12,52
34,-12,52
34,-12,52
34,-12,52
34,-12,52
34,-12,52
34,-12,53
34,-12,53
34,-12,52
34,-12,52
35,-12,52
35,-12,52
34,-12,52
34,-12,52
34,-12,52
35,-12,52
34,-12,52
34,-12,53
34,-12,52
34,-12,52
34,-12,52
34,-12,52
35,-12,52
34,-12,52
35,-12,52
34,-12,52
34,-12,52
34,-12,52
34,-12,52
34,-12,53
34,-12,52
34,-12,52
34,-12,52
34,-12,52
34,-12,53
34,-12,52
34,-13,52
34,-12,52
34,-12,52
34,-12,53
34,-12,52
34,-12,52
34,-12,52
34,-12,52
34,-12,52
34,-12,52
34,-13,52
34,-13,52
34,-13,52
34,-13,52
34,-12,52
34,-13,52
34,-13,52
34,-13,52
34,-13,52
34,-12,52
34,-12,53
34,-13,52
35,-12,52
34,-12,52
34,-12,52
33,-13,52
35,-13,52
35,-12,52
34,-12,52
34,-12,52
34,-12,52
34,-12,52
35,-12,52
34,-12,52
34,-12,52
34,-12,53
34,-12,52
35,-12,52
35,-12,52
34,-12,52
34,-12,53
34,-12,53
34,-12,52
34,-12,52
34,-12,52
34,-12,52
34,-12,52
34,-12,52
34,-12,52
34,-12,52
34,-12,52
35,-12,52
35,-12,52
34,-12,53
34,-12,52
34,-12,52
34,-12,52
34,-12,52
34,-12,52
35,-12,52
34,-12,52
34,-12,52
35,-12,52
34,-12,52
34,-12,52
34,-12,52
34,-12,52
35,-12,52
34,-12,52
33,-12,52
34,-12,53
34,-12,52
34,-12,53
34,-12,52
34,-12,52
34,-12,52
34,-12,52
34,-12,52
34,-12,52
34,-12,52
34,-12,53
34,-12,53
34,-13,52
34,-12,52
34,-13,52
35,-13,52
34,-13,52
34,-13,52
34,-12,53
33,-12,53
34,-13,53
34,-12,52
35,-13,52
34,-13,52
34,-13,52
34,-13,52
34,-12,52
35,-12,52
34,-12,52
34,-12,52
35,-13,52
35,-12,52
34,-12,52
34,-12,53
34,-12,52
34,-12,52
35,-12,52
34,-12,52
34,-12,52
34,-11,52
35,-12,53
34,-12,52
35,-12,52
34,-12,52
35,-12,53
34,-12,52
34,-12,52
35,-12,52
34,-11,52
34,-12,52
34,-12,52
34,-12,52
34,-12,52
34,-12,52
34,-12,52
34,-12,52
34,-12,52
35,-12,53
34,-12,52
34,-12,52
35,-12,52
34,-12,52
34,-12,52
34,-12,52
34,-12,52
34,-12,52
34,-12,52
34,-12,52
34,-12,52
35,-12,53
34,-12,52
34,-12,53
34,-12,52
34,-12,52
34,-12,52
34,-12,52
34,-12,52
34,-12,52
34,-12,52
34,-12,52
34,-12,52
34,-12,52
35,-12,52
34,-12,52
34,-12,52
34,-12,53
34,-12,52
34,-12,52
34,-12,53
34,-13,52
34,-13,52
34,-12,52
35,-12,52
34,-12,52
34,-12,52
34,-12,52
34,-13,52
34,-13,52
35,-12,52
34,-12,52
34,-12,52
34,-12,52
35,-12,52
34,-12,52
34,-12,52
34,-13,52
34,-12,52
33,-12,52
34,-12,52
35,-12,52
34,-12,52
34,-12,52
34,-12,52
34,-12,52
35,-12,52
35,-12,52
34,-12,52
34,-12,52
35,-12,52
35,-12,52
35,-12,52
34,-12,52
35,-12,52
34,-12,52
35,-12,52
35,-12,52
35,-12,52
35,-12,52
35,-12,52
35,-11,52
34,-12,52
34,-12,52
35,-11,52
35,-12,52
35,-12,52
35,-12,52
35,-12,52
35,-11,52
35,-12,52
35,-12,52
35,-12,52
35,-12,52
35,-12,52
35,-12,52
35,-12,52
35,-12,52
35,-11,52
35,-11,52
35,-12,52
34,-12,52
35,-12,52
36,-12,52
35,-11,52
35,-11,52
35,-12,52
35,-12,52
35,-12,52
35,-12,52
35,-12,52
35,-12,52
35,-12,52
34,-12,52
35,-12,52
34,-12,52
35,-12,52
35,-12,52
36,-12,52
36,-12,52
35,-12,52
36,-12,52
35,-11,52
35,-11,52
35,-12,52
34,-12,51
36,-12,52
34,-12,52
35,-12,52
36,-12,52
35,-11,52
34,-12,53
33,-12,52
35,-12,52
35,-12,52
34,-11,52
34,-11,52
34,-11,52
35,-11,51
34,-12,52
36,-12,52
35,-12,52
36,-11,52
37,-11,52
37,-11,51
36,-10,51
37,-11,51
37,-10,51
37,-10,51
36,-10,51
37,-10,51
37,-10,51
37,-10,51
36,-11,51
36,-10,51
36,-10,51
36,-10,51
36,-10,51
37,-10,51
37,-10,51
35,-10,51
36,-10,51
36,-9,52
36,-10,52
36,-10,52
35,-10,52
36,-10,52
36,-10,52
36,-10,52
36,-10,52
36,-10,52
35,-10,52
36,-10,52
36,-10,52
36,-10,52
35,-10,52
35,-10,52
35,-10,52
35,-10,52
35,-10,52
35,-11,52
35,-11,52
35,-11,52
35,-11,52
35,-11,52
35,-11,52
35,-11,52
36,-11,52
36,-11,52
35,-11,52
36,-10,52
35,-11,52
35,-11,52
35,-11,52
35,-11,52
35,-11,52
35,-11,52
35,-11,52
35,-11,52
36,-11,52
35,-11,52
34,-11,52
35,-11,52
36,-11,52
35,-11,52
35,-11,52
36,-10,51
36,-10,52
36,-10,52
35,-11,52
35,-11,51
35,-10,52
36,-10,52
35,-11,52
35,-10,52
36,-10,52
36,-10,52
35,-10,51
36,-10,51
36,-10,51
36,-10,52
36,-10,52
35,-11,52
36,-11,52
36,-10,52
36,-10,51
36,-10,51
36,-10,51
36,-10,51
36,-10,51
36,-9,51
36,-10,52
35,-10,52
35,-11,52
36,-11,52
36,-10,52
36,-10,51
36,-10,51
37,-10,52
36,-10,52
36,-10,51
36,-10,51
37,-10,52
36,-10,51
36,-10,51
36,-10,51
36,-10,51
36,-10,51
37,-10,51
36,-10,51
36,-10,52
36,-10,52
36,-10,52
35,-11,52
36,-10,51
37,-10,52
37,-10,51
37,-10,51
37,-9,51
37,-9,51
37,-9,51
37,-10,51
37,-11,51
37,-10,51
37,-10,51
37,-9,51
37,-10,51
36,-10,51
35,-10,51
36,-10,52
36,-10,51
36,-10,51
36,-10,52
36,-10,52
35,-11,52
36,-11,52
36,-10,52
36,-11,52
36,-11,52
36,-11,51
36,-10,51
36,-10,51
36,-10,51
37,-10,51
36,-10,51
37,-10,51
37,-10,52
34,-10,52
34,-11,51
36,-11,52
37,-11,52
35,-10,52
35,-10,52
36,-10,52
36,-10,51
35,-10,51
36,-10,51
37,-10,52
36,-11,52
35,-11,52
35,-10,52
36,-10,51
36,-10,51
37,-10,51
37,-10,51
37,-10,51
38,-10,51
37,-9,51
37,-10,51
36,-10,51
36,-10,51
37,-10,51
37,-9,51
37,-9,51
37,-10,51
38,-9,50
38,-9,50
38,-9,51
37,-10,51
37,-9,51
37,-9,51
36,-9,51
37,-9,51
38,-9,51
37,-10,51
37,-9,51
37,-9,51
37,-9,51
37,-10,51
37,-9,51
37,-9,51
37,-9,51
37,-9,51
37,-9,51
37,-10,50
37,-9,51
37,-10,51
37,-10,51
38,-10,51
38,-9,51
37,-9,50
38,-9,50
38,-9,51
38,-9,50
38,-9,50
38,-9,50
38,-9,50
38,-9,50
39,-9,50
39,-8,50
38,-9,50
38,-9,50
39,-8,50
39,-8,50
38,-9,50
39,-9,50
39,-8,50
39,-8,50
39,-8,50
37,-9,51
36,-9,51
36,-9,51
36,-9,51
36,-9,51
36,-9,51
37,-9,52
36,-9,51
36,-9,51
36,-9,51
37,-9,51
37,-9,51
37,-9,51
37,-9,51
37,-9,52
37,-9,52
37,-9,52
36,-9,51
37,-9,51
37,-9,51
36,-9,51
36,-9,51
36,-9,51
37,-9,51
36,-10,51
36,-10,51
36,-9,51
36,-9,51
38,-9,51
39,-9,50
38,-9,51
35,-9,52
35,-9,52
35,-9,52
36,-9,51
36,-10,51
37,-10,51
36,-10,51
36,-10,50
37,-9,51
38,-9,51
37,-10,51
37,-10,51
37,-10,51
36,-10,52
36,-10,52
37,-9,51
37,-10,51
38,-9,50
40,-8,50
38,-9,52
34,-11,52
34,-12,52
33,-12,52
34,-12,51
36,-11,52
36,-11,52
36,-10,52
36,-10,52
36,-10,52
35,-9,52
36,-9,52
35,-10,52
35,-10,52
35,-10,52
35,-10,52
34,-10,52
34,-10,52
34,-10,53
35,-10,52
35,-10,52
35,-10,52
35,-10,52
34,-10,52
34,-10,52
35,-10,52
35,-10,52
35,-10,52
35,-10,53
35,-10,52
35,-10,52
35,-10,52
36,-9,52
35,-9,52
35,-10,52
35,-10,52
35,-10,52
35,-10,52
35,-10,52
35,-10,52
35,-10,52
35,-10,52
35,-10,52
35,-9,52
35,-9,52
35,-10,52
35,-9,52
36,-9,52
35,-10,52
35,-10,52
35,-9,52
36,-9,52
36,-9,52
35,-10,52
35,-10,52
35,-10,52
35,-10,52
35,-10,52
35,-9,52
36,-9,52
34,-10,52
34,-10,53
34,-10,53
35,-10,52
35,-10,52
35,-10,52
35,-10,52
35,-10,52
35,-10,53
34,-9,53
34,-9,53
34,-10,53
34,-9,52
34,-10,53
35,-10,53
35,-10,53
35,-10,53
35,-9,52
35,-10,52
34,-9,52
34,-9,53
34,-10,52
35,-10,53
35,-9,52
35,-9,53
33,-10,53
35,-9,52
35,-9,52
36,-9,53
35,-9,53
35,-10,52
36,-9,53
36,-10,52
34,-9,53
33,-9,53
33,-9,53
33,-9,54
34,-9,53
33,-9,53
34,-9,53
34,-9,53
34,-9,53
34,-9,53
32,-9,53
34,-9,53
36,-8,53
34,-9,53
33,-9,53
33,-9,53
34,-9,53
35,-9,53
34,-9,53
33,-9,53
34,-9,53
35,-9,53
35,-9,53
35,-9,53
34,-9,53
34,-9,53
35,-9,53
34,-9,53
35,-9,53
35,-9,53
35,-9,53
35,-9,52
35,-9,53
35,-9,52
35,-9,53
35,-9,52
35,-9,52
35,-9,52
34,-9,52
35,-9,52
35,-9,53
35,-9,53
35,-9,53
35,-9,52
35,-9,52
35,-9,53
35,-9,52
35,-9,52
35,-9,52
35,-9,53
34,-9,53
34,-9,52
35,-9,53
34,-10,52
34,-9,52
35,-9,53
35,-9,53
35,-9,53
35,-9,52
34,-9,53
34,-10,53
33,-9,52
34,-9,52
34,-9,53
34,-10,53
34,-9,53
35,-9,52
35,-9,53
34,-9,53
34,-9,53
35,-10,53
35,-9,53
35,-9,53
34,-9,53
34,-9,52
35,-10,53
35,-9,53
35,-9,52
34,-10,53
34,-9,53
35,-9,53
36,-9,52
36,-9,52
35,-9,52
35,-9,52
35,-9,52
35,-9,52
35,-9,52
35,-9,52
36,-9,52
36,-9,52
36,-9,52
37,-9,52
36,-9,51
36,-9,51
37,-9,51
37,-9,51
36,-9,51
36,-9,52
36,-9,52
36,-9,52
36,-9,52
36,-9,52
36,-9,52
36,-9,52
36,-9,52
35,-9,51
36,-9,52
36,-9,52
36,-9,52
36,-9,52
35,-9,52
35,-10,52
36,-10,52
36,-10,52
35,-10,53
34,-10,53
34,-9,52
36,-9,52
37,-9,52
34,-9,53
33,-10,53
35,-10,52
36,-10,52
36,-8,51
36,-8,52
35,-9,52
35,-10,52
33,-11,53
32,-11,54
32,-11,53
32,-10,53
33,-10,53
34,-10,53
34,-10,53
34,-10,52
35,-10,53
34,-9,52
34,-9,53
34,-9,52
34,-9,53
35,-10,53
34,-10,53
34,-10,52
34,-10,53
34,-10,53
33,-10,53
32,-10,53
34,-10,53
34,-10,52
35,-10,53
35,-9,53
35,-9,53
35,-9,52
35,-9,52
35,-9,53
35,-9,52
34,-10,52
35,-10,52
35,-10,53
35,-9,52
36,-8,53
35,-9,52
36,-10,51
36,-10,52
36,-10,52
35,-9,52
36,-9,52
36,-10,52
35,-10,53
34,-11,53
34,-11,52
35,-10,52
35,-9,52
35,-9,52
35,-9,52
36,-9,52
35,-9,51
36,-9,53
35,-10,54
32,-11,53
33,-11,53
35,-10,53
35,-10,53
34,-9,51
35,-9,51
38,-8,51
37,-9,51
36,-10,52
36,-9,52
36,-9,52
37,-9,52
36,-9,52
35,-9,52
36,-9,52
35,-10,52
35,-9,53
35,-10,52
36,-10,52
35,-11,52
33,-12,53
32,-11,53
34,-10,52
35,-10,52
35,-10,53
33,-10,53
34,-10,52
37,-9,52
36,-10,52
34,-10,53
34,-10,53
34,-10,52
35,-10,52
36,-9,52
36,-9,52
35,-9,52
35,-9,52
35,-9,52
35,-9,52
36,-10,52
35,-10,52
36,-10,52
36,-10,52
35,-9,52
36,-9,51
36,-11,52
32,-9,54
38,-9,51
37,-9,51
36,-9,52
35,-9,51
36,-9,51
36,-9,51
36,-9,52
36,-9,51
36,-9,51
36,-9,52
36,-10,52
35,-9,51
36,-9,51
37,-9,51
37,-9,51
36,-9,51
37,-9,51
36,-9,51
38,-9,51
38,-9,51
38,-9,51
37,-10,51
37,-9,51
37,-9,51
37,-9,50
38,-9,51
37,-9,50
37,-9,51
37,-9,51
37,-9,51
38,-9,51
37,-9,50
37,-9,51
37,-9,51
37,-9,51
38,-9,51
38,-9,51
39,-9,51
37,-9,51
37,-9,51
37,-9,50
37,-9,51
37,-9,51
37,-9,51
37,-9,51
37,-9,51
36,-8,51
36,-9,51
36,-9,51
36,-9,51
36,-9,52
36,-9,51
36,-9,51
36,-9,51
36,-9,51
37,-9,51
36,-9,51
36,-10,52
36,-9,52
36,-9,51
36,-9,52
36,-9,52
36,-9,52
36,-9,52
35,-9,51
36,-10,52
37,-9,52
36,-9,52
36,-9,52
36,-9,52
36,-9,52
36,-9,51
36,-9,52
36,-9,51
36,-9,52
36,-9,52
36,-9,51
37,-9,52
37,-9,51
36,-9,51
36,-10,52
36,-9,51
36,-9,52
36,-10,52
36,-9,52
36,-9,51
37,-9,51
36,-9,51
36,-10,51
36,-9,51
36,-9,52
36,-9,52
36,-9,52
36,-9,52
36,-9,52
36,-9,52
36,-10,51
36,-9,52
36,-10,51
36,-9,52
36,-9,52
36,-9,52
36,-9,52
36,-9,52
36,-9,51
36,-9,52
36,-9,51
37,-9,52
37,-9,52
36,-9,51
36,-9,52
36,-9,52
36,-9,52
36,-9,52
36,-9,51
36,-9,51
36,-9,51
36,-9,51
36,-9,51
36,-9,51
37,-9,51
37,-9,51
37,-9,51
36,-9,51
37,-9,51
36,-9,52
36,-9,51
36,-9,51
37,-9,51
37,-9,51
37,-9,51
37,-9,51
37,-9,51
36,-9,51
37,-9,51
37,-9,51
37,-9,51
37,-9,51
37,-9,51
37,-9,51
37,-9,51
37,-9,52
37,-9,51
36,-9,51
36,-9,51
36,-9,51
37,-9,51
37,-9,52
36,-9,51
36,-9,51
37,-9,51
37,-9,51
36,-9,51
37,-9,51
36,-8,51
36,-9,51
37,-9,52
36,-9,52
36,-9,51
36,-9,51
36,-9,51
37,-9,51
37,-9,51
37,-9,51
36,-9,51
36,-9,51
37,-9,51
37,-9,51
37,-9,51
36,-9,51
36,-9,51
37,-9,51
37,-9,51
37,-9,51
37,-9,51
37,-9,51
36,-9,51
37,-9,51
37,-9,51
37,-9,51
36,-9,51
37,-9,51
37,-9,51
36,-9,51
37,-9,51
37,-9,51
37,-9,51
36,-9,51
37,-9,51
37,-9,51
37,-9,51
37,-9,51
37,-9,51
37,-9,51
37,-9,51
37,-9,51
36,-9,51
37,-8,51
37,-9,51
37,-9,51
36,-9,51
37,-8,51
37,-8,51
37,-9,51
37,-9,51
37,-9,51
37,-9,51
37,-9,51
37,-8,51
37,-8,51
37,-9,51
37,-9,51
37,-8,51
37,-8,51
37,-8,51
37,-9,51
37,-8,51
36,-9,51
37,-9,51
37,-9,51
37,-8,51
37,-8,51
37,-9,51
37,-8,51
37,-8,51
37,-9,51
37,-8,51
36,-9,51
37,-9,51
37,-8,51
37,-8,51
37,-8,51
37,-9,51
36,-9,51
37,-9,51
37,-9,51
37,-9,51
37,-9,51
37,-9,51
37,-9,51
36,-9,51
37,-8,51
37,-9,51
36,-9,51
36,-9,52
36,-9,52
36,-9,52
36,-9,52
36,-9,52
36,-9,52
35,-9,52
36,-9,52
36,-9,52
35,-9,52
36,-9,52
35,-9,52
37,-9,52
37,-8,53
33,-9,53
34,-10,53
31,-10,53
35,-9,53
34,-10,53
33,-10,53
33,-9,53
33,-10,53
33,-9,53
34,-9,53
33,-10,53
33,-10,53
33,-9,53
34,-9,53
33,-10,53
34,-10,53
33,-9,53
34,-9,53
34,-9,53
34,-9,53
33,-9,53
34,-9,53
34,-9,53
34,-9,53
34,-9,53
33,-9,53
33,-9,53
34,-9,53
34,-9,53
34,-9,53
34,-9,53
34,-9,53
34,-9,53
34,-8,53
34,-8,53
34,-9,53
34,-8,53
34,-8,53
34,-8,53
34,-8,53
35,-9,54
33,-8,53
33,-9,53
34,-8,53
34,-8,53
33,-8,53
33,-9,53
33,-9,53
34,-9,53
34,-8,53
34,-8,53
34,-8,53
34,-8,53
34,-8,53
34,-8,53
35,-8,53
34,-8,53
34,-8,53
34,-8,53
34,-9,53
37,-9,53
35,-7,53
30,-8,53
31,-8,55
30,-8,55
30,-8,55
30,-8,55
29,-7,55
29,-7,56
29,-8,56
30,-8,56
30,-8,55
30,-8,55
30,-8,55
30,-7,56
30,-7,55
30,-8,55
30,-8,56
30,-7,56
29,-8,56
30,-8,55
32,-7,54
33,-7,54
32,-7,54
31,-7,55
31,-7,55
31,-7,54
33,-7,54
32,-7,55
32,-7,55
32,-7,55
32,-7,54
32,-7,54
32,-7,54
33,-7,54
33,-7,54
33,-7,54
32,-7,54
32,-7,54
32,-7,54
32,-7,54
32,-7,54
32,-8,54
32,-8,54
32,-7,55
32,-7,54
32,-8,54
32,-7,54
32,-7,54
33,-7,54
32,-8,54
32,-7,54
33,-8,54
33,-7,54
32,-7,54
32,-8,54
32,-8,55
33,-8,54
33,-8,54
33,-7,54
33,-7,54
34,-7,53
33,-7,54
32,-7,54
32,-8,54
33,-8,54
32,-8,54
32,-8,54
33,-7,54
33,-7,54
33,-7,54
32,-7,54
32,-8,54
32,-8,54
33,-7,54
33,-8,54
33,-7,54
33,-7,54
33,-7,53
34,-7,54
33,-7,53
33,-7,53
33,-7,54
33,-7,54
33,-7,53
33,-7,53
33,-7,54
33,-7,54
33,-7,53
33,-7,54
33,-7,54
33,-7,54
33,-7,54
32,-7,54
32,-7,54
32,-7,54
32,-7,54
32,-7,54
32,-7,55
32,-8,55
32,-8,55
31,-7,54
32,-7,54
32,-7,54
32,-7,55
33,-7,54
33,-7,54
33,-7,54
32,-7,54
32,-7,54
33,-7,54
33,-7,54
33,-7,55
30,-7,55
29,-8,55
29,-8,56
29,-8,56
26,-9,56
27,-9,57
26,-9,57
26,-8,57
27,-8,57
27,-7,57
26,-7,57
24,-8,56
26,-8,58
26,-8,57
27,-7,56
32,-6,58
29,-7,57
24,-8,57
23,-8,58
23,-8,59
21,-9,58
14,-10,58
19,-12,59
21,-12,60
20,-12,60
18,-13,59
22,-12,58
22,-13,60
19,-12,61
17,-12,59
20,-11,59
19,-12,60
21,-12,60
19,-12,60
15,-12,59
14,-12,60
13,-12,61
12,-12,61
14,-10,59
14,-11,60
14,-11,60
16,-10,60
18,-11,60
18,-11,61
15,-11,60
15,-11,59
17,-11,61
17,-11,61
17,-11,60
16,-10,60
18,-11,60
19,-10,60
18,-10,60
18,-10,60
18,-10,60
17,-11,60
16,-10,60
16,-11,60
15,-11,60
16,-11,60
15,-11,60
16,-11,60
17,-10,61
18,-10,60
17,-10,59
16,-10,59
22,-11,60
24,-12,60
19,-10,60
18,-10,59
19,-10,59
19,-10,60
19,-10,60
19,-10,59
19,-10,59
20,-10,60
19,-10,59
19,-10,59
19,-10,59
19,-10,60
20,-10,59
19,-10,59
19,-10,59
18,-10,60
19,-10,59
19,-10,60
18,-10,60
18,-10,60
19,-10,59
19,-10,60
19,-10,60
19,-10,60
19,-10,60
19,-10,59
19,-10,60
19,-11,60
18,-10,59
19,-10,59
19,-10,60
19,-10,60
19,-10,59
18,-10,59
19,-10,60
19,-10,60
19,-10,60
19,-10,59
19,-10,60
19,-10,60
19,-10,60
19,-10,59
19,-10,60
19,-10,60
19,-10,60
19,-10,60
19,-10,59
19,-10,59
19,-10,60
19,-10,59
19,-10,60
19,-10,60
19,-10,59
19,-10,60
19,-10,60
19,-10,59
19,-10,60
19,-10,60
19,-10,59
19,-10,59
19,-10,60
19,-10,60
18,-10,59
19,-10,60
19,-10,60
18,-10,59
19,-10,60
19,-10,60
18,-10,59
19,-11,60
18,-10,60
18,-10,60
19,-10,59
19,-10,60
18,-11,60
18,-10,60
18,-11,60
18,-10,60
18,-11,60
18,-10,59
18,-10,60
18,-11,60
18,-11,59
18,-11,60
18,-10,60
18,-11,60
18,-11,60
18,-10,60
18,-10,59
18,-10,60
19,-11,60
18,-10,60
18,-10,59
18,-10,60
18,-11,60
18,-11,60
18,-10,60
18,-10,60
18,-10,60
19,-10,60
19,-10,60
18,-10,60
18,-10,60
19,-10,60
18,-10,60
18,-10,59
19,-10,60
19,-10,60
19,-10,60
19,-10,60
18,-10,59
19,-10,60
19,-10,60
19,-10,60
18,-10,59
19,-10,60
18,-10,60
19,-10,60
19,-10,60
19,-10,60
19,-10,60
18,-10,59
19,-10,60
19,-10,60
19,-10,60
19,-10,60
18,-10,60
18,-10,60
19,-10,60
19,-10,60
19,-10,60
18,-10,60
19,-10,60
18,-10,59
18,-10,60
18,-10,60
18,-10,59
19,-10,60
19,-10,60
19,-10,60
18,-10,60
18,-10,60
18,-10,60
19,-10,60
19,-10,60
18,-10,60
18,-10,60
19,-10,60
18,-10,60
18,-10,59
19,-10,60
19,-10,60
19,-10,60
19,-10,60
19,-10,60
19,-10,60
19,-10,59
19,-10,60
19,-10,60
18,-10,59
18,-10,60
19,-10,60
18,-10,60
18,-10,59
18,-10,60
18,-10,60
18,-10,60
18,-10,60
18,-10,60
18,-10,60
18,-10,60
18,-10,60
19,-10,60
18,-10,60
18,-10,60
18,-10,60
18,-10,60
18,-10,60
18,-10,60
18,-10,60
18,-11,60
18,-10,60
18,-10,60
18,-10,60
18,-10,60
18,-10,60
18,-10,60
18,-10,60
18,-10,60
18,-11,60
18,-10,60
18,-10,60
17,-10,60
18,-10,60
18,-10,60
17,-10,60
18,-10,60
18,-10,60
18,-10,60
18,-10,60
18,-10,60
18,-10,60
18,-10,60
18,-10,60
18,-10,60
18,-10,59
18,-10,60
18,-10,60
17,-10,60
17,-10,60
18,-10,60
18,-10,60
18,-10,60
18,-10,60
18,-10,60
18,-10,60
18,-10,60
18,-10,60
18,-10,59
18,-10,60
18,-10,60
18,-10,60
18,-10,60
18,-10,60
18,-10,60
18,-10,60
18,-10,60
18,-10,60
18,-10,60
18,-10,60
18,-10,60
18,-10,60
18,-10,60
18,-10,60
18,-10,60
18,-10,60
18,-10,60
18,-10,60
18,-10,60
18,-10,60
18,-10,60
18,-10,60
18,-10,60
18,-10,60
18,-10,60
18,-10,60
18,-10,60
18,-10,60
18,-10,60
18,-10,60
18,-10,60
18,-10,60
18,-10,60
18,-10,60
18,-10,60
18,-10,60
18,-10,60
18,-10,59
18,-10,60
18,-10,60
18,-10,60
18,-10,60
18,-10,60
18,-10,60
17,-10,60
17,-10,60
18,-10,60
18,-10,60
18,-10,60
18,-10,60
18,-10,60
17,-10,60
18,-10,60
18,-11,60
18,-11,60
18,-10,60
17,-11,60
18,-10,60
18,-10,60
17,-11,60
17,-10,60
17,-11,60
18,-10,60
17,-10,60
18,-10,60
18,-10,60
18,-10,60
18,-10,60
18,-10,60
18,-10,60
18,-10,60
17,-10,60
18,-10,60
18,-10,60
17,-10,60
18,-10,60
18,-10,60
18,-10,60
18,-10,60
18,-10,60
18,-10,60
18,-10,60
18,-10,60
17,-10,60
18,-10,60
18,-10,60
18,-10,60
18,-10,60
18,-10,60
18,-10,60
18,-10,60
18,-10,60
18,-10,60
18,-10,60
18,-10,60
18,-10,60
18,-10,60
18,-10,60
18,-10,60
18,-10,60
18,-11,60
17,-10,60
20,-10,59
20,-10,61
17,-10,60
16,-10,60
18,-10,59
16,-10,59
10,-12,58
10,-11,57
21,-12,61
27,-9,60
26,-7,58
28,-7,59
26,-8,58
24,-9,58
24,-9,58
24,-9,58
23,-10,58
21,-10,58
23,-9,57
21,-9,60
23,-9,58
23,-9,58
23,-9,59
23,-9,59
21,-10,59
21,-10,59
22,-9,59
22,-10,59
22,-10,59
22,-9,59
22,-9,58
22,-10,58
22,-10,58
22,-10,58
22,-10,59
22,-9,58
22,-9,58
23,-9,58
22,-10,59
22,-10,58
22,-10,59
22,-10,59
23,-9,58
23,-9,58
23,-9,58
23,-9,59
23,-9,58
23,-9,58
23,-9,58
23,-9,59
22,-10,58
22,-10,58
22,-10,59
23,-10,58
22,-10,58
23,-9,58
23,-9,58
23,-9,58
24,-9,58
24,-9,58
23,-9,59
23,-9,59
23,-9,58
24,-9,58
24,-9,58
24,-9,58
24,-8,58
24,-8,58
24,-8,58
24,-8,58
24,-8,58
24,-8,58
24,-8,58
24,-8,58
24,-9,58
24,-8,58
24,-8,58
24,-8,58
24,-8,58
24,-8,58
23,-9,58
24,-9,58
23,-9,58
23,-9,58
24,-8,58
23,-9,58
23,-8,58
23,-9,58
24,-9,58
24,-8,58
24,-8,58
23,-9,58
23,-9,58
23,-8,58
23,-8,58
24,-8,58
24,-9,58
23,-9,58
23,-9,58
24,-9,58
24,-9,58
24,-8,58
24,-8,58
24,-8,58
24,-9,58
24,-8,58
24,-9,58
24,-9,58
24,-9,58
24,-9,58
23,-9,58
24,-9,58
23,-9,58
23,-9,58
24,-9,58
24,-9,58
23,-9,58
24,-9,58
25,-9,58
24,-8,58
23,-8,58
23,-9,58
24,-9,58
24,-9,58
24,-8,58
23,-8,58
24,-9,58
24,-9,58
24,-9,58
23,-8,58
23,-9,58
24,-9,58
24,-9,58
24,-8,58
24,-8,58
23,-9,58
23,-9,58
23,-9,58
25,-9,58
24,-8,58
24,-8,58
24,-8,58
24,-8,58
24,-8,58
24,-9,58
23,-9,58
23,-8,58
24,-9,58
24,-9,58
24,-8,58
24,-8,58
24,-8,58
24,-8,58
23,-8,58
23,-9,58
24,-9,58
24,-8,58
24,-8,58
24,-8,58
24,-9,58
24,-9,58
24,-9,58
24,-8,58
24,-8,58
24,-8,58
24,-8,58
24,-9,58
23,-8,58
23,-9,58
24,-9,58
24,-9,58
24,-9,58
23,-8,58
23,-7,58
26,-8,57
26,-7,57
26,-7,58
27,-8,57
28,-5,59
26,-6,59
26,-10,57
28,-10,57
23,-9,58
21,-11,57
24,-11,57
25,-10,58
24,-9,59
23,-8,59
21,-7,59
21,-9,58
23,-11,58
25,-11,58
24,-10,58
23,-10,57
24,-10,59
21,-11,58
20,-13,57
23,-13,57
24,-11,59
23,-9,59
24,-7,59
23,-8,59
22,-10,58
23,-12,56
26,-12,57
28,-6,61
26,-6,60
23,-9,58
22,-10,57
21,-11,58
19,-13,57
19,-14,56
23,-10,58
26,-9,59
30,-5,59
32,-4,58
27,-7,56
25,-8,57
24,-9,58
27,-10,55
33,-9,57
30,-9,59
21,-10,60
20,-10,55
21,-9,55
27,-9,61
24,-9,60
21,-10,58
20,-11,57
25,-13,56
28,-12,56
28,-9,58
24,-7,59
22,-7,59
21,-9,57
21,-10,56
26,-11,57
27,-9,60
21,-7,59
22,-7,59
21,-8,57
22,-12,57
23,-13,57
25,-12,58
26,-11,60
25,-8,59
24,-7,57
21,-8,57
21,-8,58
25,-9,59
31,-9,57
30,-9,55
25,-10,57
22,-10,57
21,-9,59
24,-8,59
28,-9,58
26,-9,56
24,-9,57
22,-9,58
23,-9,58
27,-9,57
28,-9,57
26,-9,58
24,-9,57
23,-9,58
22,-10,57
23,-10,58
23,-11,58
28,-11,57
22,-12,60
23,-10,59
21,-10,57
25,-10,58
25,-9,58
25,-10,58
25,-9,59
23,-9,59
22,-12,57
23,-12,56
23,-10,57
23,-9,58
25,-9,59
25,-10,57
25,-10,57
27,-9,59
25,-9,60
19,-11,57
20,-13,58
16,-10,57
16,-8,55
23,-10,56
45,-5,57
42,-5,58
35,-7,56
35,-8,53
45,-10,58
26,-12,61
-6,-9,58
-5,-7,57
-1,-9,58
8,-9,59
13,-9,59
25,-10,62
23,-10,61
16,-8,61
12,-8,61
13,-8,60
12,-8,59
14,-9,60
19,-9,60
21,-8,61
19,-6,61
19,-7,62
18,-7,59
18,-7,58
19,-7,59
20,-7,59
22,-6,60
23,-6,59
22,-5,60
22,-6,59
21,-6,59
21,-6,59
22,-6,59
22,-6,59
22,-6,59
21,-7,59
21,-7,59
21,-7,59
20,-6,59
20,-7,59
19,-7,60
19,-7,60
19,-7,59
20,-7,59
21,-7,59
21,-7,59
21,-7,59
22,-6,59
22,-7,59
22,-6,59
21,-7,59
20,-7,59
20,-7,60
21,-7,60
21,-7,59
21,-6,59
22,-6,59
22,-7,59
21,-7,59
21,-7,59
21,-7,59
21,-6,59
21,-6,60
21,-6,59
21,-6,59
21,-6,59
21,-6,59
21,-6,59
21,-6,59
22,-6,59
21,-6,59
21,-6,59
21,-6,59
21,-6,59
21,-6,59
21,-6,59
21,-6,59
21,-6,59
21,-6,59
21,-6,59
22,-6,59
21,-6,59
21,-6,59
21,-6,59
21,-6,59
21,-6,59
21,-6,59
21,-6,59
21,-6,59
21,-6,59
21,-6,59
21,-6,59
21,-6,59
21,-6,59
21,-6,59
22,-6,59
22,-6,59
21,-6,59
21,-6,59
21,-6,59
21,-6,59
21,-6,59
21,-6,59
21,-6,59
21,-6,59
21,-6,59
21,-6,59
21,-6,59
21,-6,59
21,-6,59
21,-6,60
21,-6,59
21,-6,59
21,-6,59
21,-6,59
21,-6,59
21,-6,59
21,-6,59
21,-6,59
21,-6,59
21,-6,59
21,-6,59
21,-6,59
21,-6,59
21,-6,59
21,-6,59
21,-6,59
21,-6,59
21,-6,59
21,-6,59
21,-6,59
21,-6,59
21,-6,59
21,-6,59
21,-6,60
21,-6,59
21,-6,59
20,-6,59
20,-6,60
20,-7,60
20,-7,59
20,-7,59
20,-7,60
19,-6,59
19,-7,60
19,-7,59
20,-7,59
20,-7,59
20,-7,60
19,-7,60
20,-7,60
20,-7,59
19,-7,60
20,-7,59
20,-7,60
20,-7,60
20,-7,60
20,-7,60
20,-7,60
21,-7,60
20,-6,59
20,-6,59
20,-7,60
20,-7,59
20,-6,60
20,-6,59
20,-6,59
21,-6,60
21,-6,60
20,-7,60
20,-7,60
20,-7,59
20,-7,60
20,-7,59
20,-7,60
20,-6,59
20,-7,60
20,-7,60
20,-7,59
20,-7,59
20,-6,60
20,-6,59
21,-6,59
20,-7,60
19,-7,59
20,-7,59
21,-7,60
20,-6,60
20,-7,59
20,-6,60
20,-6,59
20,-7,59
20,-7,60
20,-6,60
20,-6,60
20,-6,59
20,-6,60
21,-6,60
20,-6,59
20,-6,59
20,-6,59
20,-6,59
20,-6,60
20,-6,59
20,-6,60
21,-6,60
21,-6,60
21,-6,59
20,-6,59
21,-6,59
21,-6,60
21,-6,59
20,-6,59
21,-6,60
20,-6,59
20,-6,59
21,-6,59
21,-6,59
21,-6,60
21,-6,59
21,-6,59
21,-5,60
21,-6,60
20,-6,59
20,-6,59
20,-6,59
20,-6,60
21,-6,60
21,-6,60
20,-6,59
20,-6,59
21,-6,60
20,-6,59
20,-6,60
20,-6,60
21,-6,59
21,-6,59
20,-6,60
20,-6,60
20,-6,59
21,-6,59
20,-6,60
20,-6,60
20,-6,59
20,-6,59
20,-6,59
20,-6,60
21,-6,60
21,-7,59
20,-7,60
20,-6,60
20,-6,59
21,-6,60
21,-6,60
20,-6,59
21,-6,60
20,-6,59
20,-7,59
20,-6,59
20,-6,59
20,-6,60
20,-6,60
21,-6,60
20,-7,59
20,-6,59
20,-6,60
20,-6,60
20,-6,59
21,-6,59
21,-6,60
21,-6,59
21,-7,59
20,-7,60
20,-6,59
21,-6,60
21,-6,59
21,-6,60
21,-6,59
20,-6,59
21,-6,59
21,-6,59
20,-6,59
21,-6,59
21,-6,60
22,-6,60
21,-6,59
20,-6,59
20,-6,60
20,-6,59
21,-6,59
21,-6,59
21,-6,59
20,-6,59
21,-6,59
21,-6,59
21,-6,59
21,-6,59
21,-6,59
21,-5,59
21,-6,59
21,-6,59
20,-6,59
21,-6,59
21,-6,60
21,-6,60
21,-6,59
21,-6,59
21,-6,60
21,-6,60
21,-6,59
21,-6,59
21,-6,60
21,-6,59
20,-6,59
20,-6,59
20,-6,60
20,-6,59
20,-7,59
21,-6,60
21,-6,60
20,-6,59
20,-6,59
20,-6,59
20,-7,59
20,-6,59
20,-6,60
20,-6,60
20,-6,60
20,-6,60
21,-6,60
21,-6,60
20,-6,59
20,-6,59
20,-6,59
20,-6,60
20,-6,60
21,-6,60
20,-6,59
21,-6,60
20,-6,59
20,-6,59
20,-6,60
21,-6,59
20,-6,60
21,-6,59
20,-6,60
20,-6,59
21,-6,59
20,-6,60
20,-6,60
20,-6,60
20,-6,59
20,-6,59
21,-6,60
21,-6,60
20,-6,60
21,-6,59
21,-6,60
21,-6,59
20,-6,60
20,-6,60
21,-6,60
21,-6,59
20,-6,60
21,-6,59
20,-6,59
21,-6,60
21,-6,60
20,-6,59
20,-6,59
20,-6,60
20,-6,59
20,-7,59
20,-7,59
20,-7,60
20,-6,60
20,-6,60
19,-6,60
19,-6,60
20,-7,60
20,-7,59
20,-7,60
19,-7,60
20,-7,60
20,-6,59
20,-6,60
20,-6,60
20,-6,59
20,-6,59
20,-7,60
20,-6,59
20,-6,60
20,-6,59
20,-6,60
20,-6,60
20,-6,60
20,-6,59
20,-6,60
20,-6,60
20,-7,59
20,-7,59
20,-6,60
20,-6,60
20,-6,60
20,-6,60
20,-6,60
20,-6,59
20,-6,60
20,-6,60
20,-6,59
20,-6,60
20,-6,60
20,-6,60
20,-6,59
20,-6,60
20,-6,60
20,-7,59
20,-6,59
20,-7,59
20,-6,59
20,-6,59
20,-6,60
20,-6,60
20,-7,59
20,-6,60
20,-7,60
20,-6,59
20,-6,59
21,-6,59
20,-6,60
20,-6,60
20,-6,59
21,-7,59
20,-6,60
20,-6,60
20,-6,59
20,-6,59
20,-6,60
20,-6,60
20,-6,59
20,-6,60
21,-6,60
20,-6,59
20,-6,59
21,-6,60
21,-6,60
20,-6,59
20,-6,59
21,-6,59
21,-6,60
21,-6,60
21,-6,60
21,-6,59
21,-6,59
21,-6,60
21,-6,60
21,-6,59
21,-6,59
21,-6,59
21,-6,59
21,-6,59
21,-6,59
21,-6,60
21,-6,59
21,-6,59
21,-6,59
21,-6,59
21,-6,60
21,-6,60
21,-6,59
21,-6,59
22,-6,59
21,-5,59
21,-6,59
21,-6,59
21,-6,59
21,-6,60
22,-6,59
18,-6,59
22,-6,60
18,-6,59
17,-6,58
24,-7,60
22,-6,61
17,-6,56
23,-6,60
29,-6,60
17,-7,58
20,-8,60
21,-7,60
19,-6,57
17,-7,58
24,-8,61
17,-7,59
18,-7,59
22,-7,59
22,-6,59
21,-7,60
20,-7,59
21,-7,59
21,-6,59
20,-7,59
21,-7,59
22,-7,59
21,-7,59
22,-8,60
21,-7,59
20,-8,59
21,-7,59
20,-7,59
22,-7,59
22,-7,58
22,-8,60
21,-7,59
22,-6,57
24,-7,60
21,-7,59
22,-7,59
23,-7,59
20,-8,58
20,-7,59
23,-7,59
22,-8,59
21,-8,59
21,-8,59
22,-7,59
21,-7,58
21,-7,58
22,-8,60
23,-8,59
22,-7,58
22,-9,60
23,-8,61
22,-7,58
20,-7,57
22,-8,60
23,-7,60
23,-7,59
22,-8,58
20,-8,59
21,-8,59
22,-8,59
21,-7,58
20,-8,58
22,-8,60
21,-7,59
21,-7,59
21,-8,60
21,-8,59
21,-8,59
21,-8,59
22,-8,60
21,-8,59
20,-7,58
21,-7,59
22,-8,60
21,-8,60
21,-7,59
21,-7,59
22,-7,59
22,-7,59
21,-7,58
20,-7,59
23,-7,60
22,-7,59
21,-7,58
24,-8,59
21,-7,59
20,-7,59
21,-7,58
25,-7,59
25,-7,59
24,-6,59
22,-6,59
23,-6,59
24,-7,58
23,-6,57
24,-6,58
25,-6,59
22,-7,59
20,-8,59
21,-8,59
22,-8,59
22,-8,60
22,-8,59
21,-8,59
20,-7,59
20,-8,60
21,-8,60
20,-8,59
20,-8,60
19,-8,59
20,-8,60
20,-8,59
20,-8,59
20,-7,59
20,-8,59
20,-8,60
20,-8,58
22,-8,59
22,-7,60
22,-7,59
22,-7,58
22,-7,59
22,-7,59
23,-7,59
23,-7,59
22,-7,59
22,-7,59
22,-7,59
21,-7,59
23,-7,59
23,-7,59
23,-7,58
21,-7,59
22,-7,59
22,-7,59
21,-7,59
21,-7,59
21,-8,59
21,-8,59
22,-8,59
22,-7,59
22,-8,59
22,-8,59
21,-8,59
21,-8,59
21,-8,59
21,-7,59
22,-7,59
21,-7,59
22,-7,59
21,-7,58
22,-8,60
23,-8,60
19,-7,58
19,-7,58
23,-7,59
21,-7,60
21,-8,60
21,-7,58
21,-7,58
22,-8,60
21,-7,59
21,-7,59
22,-8,59
22,-7,59
21,-7,59
22,-7,59
23,-7,59
22,-7,59
22,-7,59
22,-7,59
23,-7,59
23,-7,59
22,-7,59
21,-7,59
22,-7,60
22,-7,58
22,-6,59
22,-7,59
23,-7,59
23,-7,59
22,-7,58
23,-7,58
23,-6,58
24,-7,59
22,-7,59
21,-7,58
23,-7,59
24,-7,59
24,-6,58
24,-6,58
24,-6,57
25,-6,58
25,-5,58
25,-5,58
25,-5,58
25,-5,58
25,-5,58
26,-6,58
26,-6,58
25,-6,58
26,-6,58
25,-6,58
24,-6,58
25,-6,58
23,-6,58
23,-7,59
24,-6,58
25,-7,59
23,-7,59
22,-7,58
21,-7,59
23,-7,59
21,-7,58
23,-7,59
23,-7,59
23,-6,59
23,-7,59
22,-6,58
22,-6,59
23,-7,59
22,-7,58
23,-8,59
23,-8,58
24,-7,58
23,-7,58
23,-7,59
23,-7,59
22,-7,58
23,-7,58
24,-7,59
24,-7,57
26,-7,58
22,-7,58
25,-7,58
25,-7,58
24,-7,58
23,-7,59
23,-7,58
24,-8,58
22,-8,59
22,-8,59
22,-8,58
21,-8,59
23,-8,59
22,-8,59
22,-7,59
22,-7,59
22,-7,59
23,-7,59
23,-8,59
23,-7,59
22,-7,58
23,-7,58
22,-7,59
21,-8,61
22,-7,57
22,-7,57
23,-7,60
23,-7,59
23,-7,59
22,-8,58
20,-8,59
21,-7,58
21,-8,57
23,-7,60
25,-7,60
24,-7,58
25,-7,58
23,-7,58
23,-7,59
23,-7,59
23,-7,58
24,-7,58
22,-7,59
23,-7,58
24,-7,58
24,-7,59
24,-7,59
24,-7,58
24,-7,59
24,-6,59
21,-6,58
24,-7,58
24,-7,59
23,-6,59
23,-6,58
23,-7,59
22,-6,58
22,-8,61
22,-7,62
21,-6,56
21,-6,59
22,-6,61
22,-6,59
22,-6,58
21,-7,59
22,-6,59
23,-6,59
25,-6,58
23,-7,59
22,-6,60
21,-6,58
20,-6,58
21,-7,59
24,-7,60
23,-6,59
21,-6,59
23,-6,59
22,-6,59
23,-6,59
21,-6,59
22,-6,59
22,-6,60
22,-6,59
22,-6,59
21,-6,59
22,-6,59
22,-6,59
22,-6,59
21,-6,59
22,-6,59
21,-6,59
21,-6,59
21,-6,59
21,-6,60
21,-6,59
20,-6,59
20,-6,60
20,-7,61
18,-6,63
17,-6,64
30,-1,68
26,-1,65
14,-2,60
11,-5,60
14,-6,61
13,-7,59
14,-6,58
15,-6,57
15,-5,53
16,-4,52
17,-4,50
18,-5,47
17,-6,45
17,-8,41
22,2,61
23,-26,110
0,-15,90
-15,-6,52
10,-9,54
12,-5,52
18,-10,68
19,-8,69
12,-8,62
13,-8,61
11,-8,58
10,-7,61
13,-8,64
13,-8,61
11,-8,61
12,-7,61
11,-8,62
12,-8,61
12,-7,62
13,-7,61
12,-7,61
12,-8,62
12,-8,62
11,-8,61
13,-7,61
12,-7,61
12,-8,62
12,-8,62
13,-7,61
13,-7,61
14,-8,62
13,-8,62
11,-8,60
11,-8,61
12,-8,62
12,-8,61
11,-8,61
11,-8,61
12,-8,61
14,-8,62
13,-8,62
11,-8,61
11,-9,61
11,-9,61
12,-9,61
11,-8,61
12,-8,61
13,-8,62
12,-8,61
12,-8,61
12,-8,61
12,-8,61
13,-8,61
12,-8,61
13,-8,61
12,-8,61
13,-8,61
13,-8,61
13,-8,61
13,-8,62
13,-9,62
12,-8,61
12,-8,61
13,-8,61
13,-8,61
13,-9,61
13,-8,61
14,-8,61
14,-8,61
14,-8,62
13,-8,61
12,-8,61
12,-8,61
12,-8,61
12,-9,61
13,-9,61
14,-9,61
14,-8,61
14,-8,61
14,-8,61
14,-8,61
14,-8,61
13,-8,61
13,-8,61
14,-8,61
14,-8,61
14,-8,61
14,-8,61
14,-8,61
14,-8,61
14,-8,61
14,-8,61
14,-8,61
14,-8,61
14,-8,61
14,-8,61
14,-8,61
14,-8,61
15,-8,61
14,-8,61
14,-8,61
14,-8,61
14,-8,61
14,-8,61
14,-8,61
14,-8,61
14,-8,61
14,-8,61
14,-8,61
14,-8,61
14,-8,61
15,-8,61
14,-8,61
14,-8,61
14,-8,61
15,-8,61
15,-8,61
14,-8,61
14,-8,61
15,-8,61
14,-8,61
15,-8,61
14,-8,61
14,-8,61
14,-7,61
15,-8,61
15,-8,61
15,-8,61
14,-8,61
14,-8,61
15,-8,61
15,-8,61
15,-8,61
14,-8,61
14,-8,61
15,-8,61
15,-8,61
15,-8,61
15,-8,61
14,-8,61
14,-8,61
15,-8,61
15,-8,61
15,-8,61
15,-8,61
15,-8,61
15,-8,61
15,-8,61
14,-7,61
15,-8,61
15,-8,61
15,-8,61
14,-8,61
15,-8,61
15,-8,61
15,-8,61
15,-8,61
15,-7,61
15,-8,61
15,-7,61
15,-8,61
15,-7,61
15,-8,61
15,-7,61
15,-7,61
15,-7,61
15,-8,61
15,-8,61
15,-8,61
15,-8,61
15,-7,61
15,-7,61
15,-7,61
15,-7,61
16,-7,61
15,-7,61
15,-7,61
15,-7,61
15,-7,61
16,-7,61
16,-7,61
15,-7,61
16,-7,61
15,-7,60
16,-7,61
15,-7,61
15,-7,61
15,-7,61
15,-7,61
16,-7,61
16,-7,61
15,-7,61
15,-8,61
14,-8,61
15,-8,60
16,-7,61
15,-7,61
16,-7,61
16,-7,61
15,-7,61
15,-7,61
15,-8,61
16,-8,61
16,-8,61
14,-7,61
15,-7,61
15,-7,61
15,-7,61
15,-8,61
15,-8,61
15,-8,61
15,-8,61
16,-8,61
15,-7,61
15,-7,61
16,-8,61
15,-8,61
15,-7,61
16,-7,61
16,-7,61
15,-7,61
15,-7,61
15,-7,61
15,-8,61
15,-8,61
15,-8,61
15,-7,61
15,-7,61
15,-7,61
16,-7,61
16,-7,61
15,-8,61
15,-7,61
15,-7,61
15,-7,61
15,-7,61
14,-8,60
14,-8,61
14,-8,61
15,-8,61
14,-9,61
14,-8,61
13,-8,61
14,-8,61
13,-8,61
13,-8,61
13,-9,61
13,-9,61
13,-9,61
13,-9,61
13,-9,61
13,-9,61
12,-9,61
12,-9,61
12,-9,62
12,-8,62
9,-9,62
10,-10,63
13,-10,64
13,-10,63
12,-12,65
12,-14,65
9,-14,66
6,-14,69
5,-14,71
5,-14,72
5,-12,72
4,-11,70
4,-9,67
3,-7,63
0,-6,62
-6,-4,59
-6,-4,57
-14,0,54
-19,2,52
-21,7,48
-25,5,49
-26,5,51
-22,0,48
-19,-2,47
-1,-10,48
5,-1,60
-23,-8,64
-23,-5,65
5,-10,62
14,-1,70
-5,-15,64
-1,-8,63
-2,-2,63
-8,-5,62
-4,-9,61
2,-8,60
-4,-6,62
-10,-6,63
-9,-6,64
-3,-9,65
-5,-10,66
-6,-10,64
-6,-9,60
-8,-10,61
-8,-8,65
-5,-9,63
-7,-8,61
-7,-7,61
-6,-6,62
-12,-7,61
-7,-7,61
-15,-8,58
-16,-9,60
-21,-6,61
-23,-5,60
-18,-8,57
-16,-11,60
-11,-8,61
-14,-8,59
-18,-8,59
-17,-6,62
-19,-5,60
-16,-6,60
-14,-6,61
-14,-6,61
-15,-7,62
-14,-5,61
-15,-5,61
-16,-6,61
-14,-5,61
-14,-5,62
-23,-3,57
-24,-2,55
-24,-4,57
-21,-5,59
-24,-3,57
-27,-3,55
-24,-3,58
-30,-2,54
-31,-2,55
-30,0,54
-31,0,53
-28,-2,58
-29,-1,57
-31,-3,54
-30,-3,55
-31,0,54
-30,-2,55
