1478929894.000000, 1478929894.000000, 1478929894.000000
32.000000, 32.000000, 32.000000
15,-23,51
9,-11,43
6,-10,47
14,-9,67
19,-7,73
23,-5,73
23,-8,69
16,-17,57
11,-19,50
4,-15,44
2,-12,49
11,-10,68
19,-6,72
19,-6,69
18,-14,60
16,-20,56
7,-15,46
3,-12,48
5,-11,64
12,-7,71
15,-4,71
14,-7,67
13,-18,60
11,-22,54
5,-14,44
3,-12,49
6,-10,66
10,-8,72
15,-5,71
16,-10,67
15,-21,58
11,-20,50
3,-12,47
1,-10,53
9,-10,67
14,-8,71
15,-9,69
16,-16,62
13,-17,57
6,-11,50
3,-11,51
7,-12,61
12,-11,65
13,-11,67
15,-12,65
14,-13,59
10,-12,56
6,-12,56
7,-14,58
11,-12,61
13,-12,63
13,-11,63
12,-11,62
10,-12,60
9,-12,58
9,-14,58
11,-12,60
11,-12,62
11,-11,62
10,-10,61
10,-14,59
9,-16,57
7,-14,58
9,-12,61
12,-9,64
10,-10,65
9,-13,64
9,-12,63
8,-13,59
9,-14,57
7,-15,54
7,-15,55
11,-13,58
11,-12,59
10,-12,63
12,-11,64
11,-10,63
9,-10,61
7,-12,57
7,-13,57
7,-13,59
9,-12,62
10,-12,63
11,-10,63
11,-10,63
11,-10,62
10,-10,61
6,-10,60
7,-10,60
6,-11,58
4,-9,57
5,-6,58
9,-6,59
10,-6,63
12,-6,65
5,-6,62
1,-7,61
3,-7,66
4,-9,65
-4,-6,61
-6,-6,62
-5,-5,65
-8,-2,64
-7,-5,61
-3,-5,53
-4,-2,51
-15,-5,61
-15,-5,67
-15,-9,74
-16,-12,69
-12,-15,64
-14,-15,64
-14,-14,63
-14,-10,61
-10,-4,63
-9,-6,64
-12,-7,59
-13,-8,57
-11,-7,58
-9,-7,61
-8,-10,62
-10,-12,61
-8,-10,61
-9,-9,59
-7,-8,59
-5,-8,58
-10,-10,55
-6,-10,63
-6,-9,64
-11,-8,66
-12,-8,65
-14,-9,61
-15,-11,60
-10,-12,60
-10,-11,60
-11,-11,59
-9,-10,59
-8,-9,60
-8,-9,61
-8,-9,63
-7,-10,63
-10,-12,63
-12,-13,63
-13,-13,64
-14,-12,64
-12,-12,63
-11,-12,62
-11,-13,58
-10,-13,55
-8,-13,56
-5,-13,57
-5,-13,58
-8,-15,62
-10,-15,63
-12,-15,63
-13,-16,62
-12,-15,60
-10,-15,60
-10,-15,58
-10,-16,57
-5,-15,59
-4,-15,60
-5,-14,61
-7,-14,61
-9,-15,60
-10,-15,59
-11,-16,58
-11,-16,58
-11,-14,58
-12,-15,58
-11,-16,61
-11,-15,63
-13,-13,66
-13,-13,63
-13,-12,61
-11,-12,58
-9,-12,58
-8,-12,58
-8,-13,57
-7,-13,61
-7,-13,63
-9,-13,64
-10,-13,64
-12,-15,61
-10,-15,61
-9,-13,58
-10,-12,57
-7,-12,59
-7,-12,60
-6,-12,61
-6,-11,62
-8,-12,62
-10,-13,59
-10,-13,58
-9,-14,59
-5,-13,61
-3,-11,64
-3,-11,66
-4,-11,65
-4,-11,63
-3,-11,61
-2,-11,60
1,-12,59
-1,-12,59
-1,-12,59
-1,-12,61
-2,-12,63
-2,-12,64
-3,-12,67
-1,-12,66
0,-14,60
0,-14,58
2,-12,57
0,-10,56
-3,-12,58
-3,-12,61
0,-12,65
-6,-12,63
-5,-12,63
-1,-12,61
-1,-13,60
0,-13,60
1,-14,61
1,-14,61
1,-14,62
2,-15,61
1,-13,60
0,-13,58
1,-13,58
1,-12,62
2,-11,63
0,-12,64
0,-13,64
-1,-12,62
-1,-12,60
0,-13,58
1,-13,59
3,-12,60
3,-12,61
3,-12,63
1,-12,63
1,-13,62
0,-13,60
-1,-13,60
0,-12,61
1,-12,61
2,-12,62
2,-12,62
2,-12,61
2,-13,61
2,-12,60
1,-12,61
2,-12,62
1,-13,62
1,-12,62
1,-12,62
1,-12,61
1,-12,61
1,-12,61
1,-12,61
2,-12,61
2,-12,61
1,-12,61
1,-13,62
1,-12,62
2,-12,61
2,-12,61
2,-12,61
2,-12,61
1,-12,61
1,-12,61
2,-12,61
1,-12,62
1,-12,62
2,-13,61
1,-12,61
1,-12,61
2,-12,62
2,-12,62
2,-12,62
2,-12,61
1,-12,61
1,-12,61
1,-12,61
2,-12,62
1,-12,62
2,-12,62
2,-12,62
2,-12,61
2,-12,60
2,-13,61
2,-12,62
2,-12,62
2,-12,62
2,-12,61
1,-12,60
2,-12,61
2,-12,61
2,-12,61
2,-12,62
2,-12,61
1,-12,61
2,-12,62
1,-12,61
2,-12,61
2,-12,61
2,-12,61
2,-12,61
3,-12,62
2,-12,61
1,-12,61
2,-12,61
2,-12,61
2,-12,61
2,-12,61
2,-12,61
2,-12,61
2,-12,61
2,-12,61
2,-12,61
2,-12,62
2,-12,61
2,-12,61
2,-12,61
2,-12,61
2,-12,61
2,-12,62
2,-12,62
2,-12,61
2,-12,61
2,-12,61
2,-12,62
2,-12,62
2,-12,61
2,-12,61
2,-12,61
2,-12,62
2,-12,61
2,-12,61
2,-12,62
2,-12,61
2,-12,61
2,-12,62
2,-12,61
2,-12,61
2,-12,61
2,-12,61
2,-12,61
2,-12,61
2,-12,61
2,-12,62
2,-12,62
2,-12,62
2,-12,62
2,-12,61
2,-12,61
2,-12,61
2,-12,61
2,-12,61
2,-12,62
2,-12,61
1,-12,61
2,-12,61
2,-12,61
2,-12,61
2,-12,62
2,-12,62
2,-12,61
1,-12,61
2,-12,61
2,-12,61
2,-12,62
2,-12,62
2,-12,61
2,-12,61
2,-12,61
2,-12,62
2,-12,62
2,-12,61
2,-12,61
2,-12,61
2,-12,61
2,-12,62
3,-12,62
2,-12,61
2,-12,61
3,-12,61
2,-12,62
2,-12,62
2,-12,62
2,-12,61
2,-12,61
2,-12,61
2,-12,62
3,-12,62
2,-12,61
2,-12,61
2,-12,61
2,-12,61
3,-12,62
2,-12,61
3,-12,61
2,-12,62
2,-12,62
2,-12,61
2,-12,61
2,-12,61
2,-12,62
2,-12,62
2,-12,62
2,-12,61
2,-12,61
3,-12,61
3,-12,62
3,-12,62
2,-12,61
2,-12,61
2,-12,61
2,-12,61
3,-12,62
3,-12,62
2,-12,61
2,-12,61
2,-12,61
2,-12,62
2,-12,62
2,-12,61
2,-12,61
2,-12,61
2,-12,61
2,-12,62
2,-12,61
2,-12,61
2,-12,61
3,-12,62
2,-12,62
2,-12,61
2,-12,61
2,-12,61
2,-12,61
3,-12,62
2,-12,61
2,-12,61
2,-12,61
2,-12,61
2,-12,61
2,-12,62
3,-12,61
3,-12,61
2,-12,61
2,-12,61
2,-12,61
2,-12,61
2,-11,62
3,-12,62
2,-12,62
2,-12,61
2,-12,61
2,-12,61
2,-12,62
2,-12,62
3,-12,61
2,-12,61
2,-12,61
2,-12,61
2,-12,62
2,-12,61
2,-12,61
2,-12,61
3,-12,62
2,-12,61
2,-12,61
2,-12,61
2,-12,61
2,-12,62
3,-12,62
2,-12,61
2,-12,61
2,-12,61
3,-12,62
2,-12,61
2,-12,61
2,-12,61
2,-12,61
3,-12,61
3,-12,62
3,-12,62
2,-12,61
2,-12,61
3,-12,61
2,-12,62
3,-12,61
2,-12,62
2,-12,61
3,-12,61
3,-12,61
2,-12,61
3,-12,61
2,-12,61
3,-12,61
3,-12,61
3,-12,62
2,-12,61
2,-12,61
2,-12,61
2,-12,62
2,-12,61
3,-12,61
3,-12,61
2,-12,62
3,-12,62
2,-12,61
2,-12,61
2,-12,61
3,-12,62
3,-12,62
2,-12,62
2,-12,61
3,-12,61
2,-12,61
3,-12,62
3,-12,62
2,-12,61
2,-12,61
2,-12,62
2,-12,61
2,-12,61
2,-12,61
3,-12,61
2,-12,61
2,-12,61
2,-12,61
2,-12,61
2,-12,61
2,-12,62
3,-11,62
2,-12,62
2,-12,61
2,-12,61
2,-12,61
3,-12,61
3,-12,62
2,-12,61
3,-12,62
2,-12,61
2,-12,61
2,-12,62
2,-12,62
2,-12,61
2,-12,61
2,-12,62
2,-12,61
2,-12,61
2,-12,61
2,-12,61
3,-11,62
3,-12,62
2,-12,61
2,-12,61
2,-12,61
3,-12,62
2,-12,62
2,-12,61
2,-12,61
2,-12,61
2,-12,61
3,-12,62
3,-12,62
3,-12,62
3,-12,61
2,-12,62
2,-13,62
2,-12,62
3,-12,61
2,-11,59
2,-11,59
4,-12,62
3,-12,63
1,-10,64
3,-10,65
3,-11,62
3,-12,61
4,-12,61
3,-13,60
2,-14,60
1,-14,61
2,-14,61
3,-15,61
3,-15,61
4,-16,60
4,-17,60
4,-16,59
4,-16,59
4,-15,59
4,-16,60
1,-15,60
0,-15,61
1,-15,62
0,-15,62
-1,-15,61
-1,-15,60
-1,-15,60
-1,-16,60
-1,-16,61
-1,-16,61
-1,-15,62
-2,-15,61
-2,-15,60
-1,-15,60
0,-16,60
1,-16,60
1,-16,60
1,-14,61
1,-14,61
1,-15,62
0,-15,62
0,-15,62
-1,-15,61
-1,-15,60
-1,-15,60
-1,-15,61
-1,-15,61
-1,-15,60
-1,-15,60
-1,-15,61
-1,-15,61
-1,-14,61
0,-14,62
1,-15,61
1,-16,59
-1,-16,59
-1,-15,60
-1,-15,61
-1,-15,62
0,-15,62
1,-14,62
1,-15,62
0,-15,60
0,-16,59
-1,-16,59
-2,-15,60
-2,-15,62
-2,-15,62
-1,-15,62
0,-15,62
1,-15,60
2,-15,58
3,-18,58
1,-16,62
3,-8,66
4,-13,65
3,-17,60
1,-18,57
2,-16,57
4,-15,58
4,-16,58
4,-17,58
2,-18,58
0,-18,58
-2,-16,60
-4,-13,66
-5,-14,67
-4,-15,63
-3,-15,62
-1,-15,61
0,-14,60
4,-14,60
5,-15,60
6,-15,61
5,-15,60
2,-15,60
0,-16,62
-1,-16,61
-2,-16,60
-3,-16,60
-1,-16,59
-1,-16,59
1,-16,61
1,-15,62
1,-15,61
0,-15,60
0,-16,60
-1,-16,60
0,-16,61
0,-16,61
0,-15,60
1,-16,61
1,-16,60
0,-16,60
0,-16,61
0,-16,60
0,-16,60
0,-16,60
0,-16,60
0,-16,61
0,-16,60
0,-16,60
0,-16,60
0,-16,60
0,-16,61
0,-16,61
0,-16,61
0,-16,60
0,-16,60
0,-16,60
0,-16,60
0,-16,61
0,-16,61
0,-16,60
0,-16,61
0,-16,61
0,-16,60
0,-16,61
0,-16,61
0,-16,61
0,-16,61
0,-16,60
0,-16,60
0,-16,60
0,-16,61
0,-16,61
0,-16,61
0,-16,60
0,-16,61
0,-16,61
0,-16,60
0,-16,61
0,-16,61
0,-16,60
0,-16,61
0,-16,61
0,-16,60
0,-16,60
0,-16,60
1,-16,60
0,-16,60
0,-16,60
1,-16,60
0,-16,61
0,-16,61
0,-16,61
0,-16,61
0,-16,60
0,-16,60
0,-16,61
0,-16,61
0,-16,61
0,-16,61
0,-16,60
0,-16,60
0,-16,60
0,-16,60
0,-16,60
0,-16,61
0,-16,61
0,-16,60
0,-16,60
0,-16,60
0,-16,61
0,-16,61
0,-16,61
0,-16,60
0,-16,60
0,-16,61
0,-16,61
0,-16,61
0,-16,60
0,-16,60
0,-16,60
0,-16,60
0,-16,60
0,-16,60
0,-16,60
0,-16,61
0,-16,60
0,-16,60
0,-16,60
0,-16,61
0,-16,61
0,-16,60
0,-16,61
0,-16,60
0,-16,60
0,-16,60
0,-16,60
0,-16,61
0,-16,61
0,-16,61
0,-16,60
0,-16,60
0,-16,60
0,-16,61
0,-16,61
0,-16,60
0,-16,60
0,-16,60
0,-16,61
0,-16,61
0,-16,61
0,-16,61
0,-16,60
0,-16,60
0,-16,61
0,-16,61
0,-16,60
0,-16,61
0,-16,60
0,-16,61
0,-16,61
0,-16,60
0,-16,60
0,-16,60
0,-16,61
0,-16,60
0,-16,60
0,-16,61
0,-16,61
0,-16,61
0,-16,61
0,-16,60
0,-16,60
0,-16,60
0,-16,61
0,-16,61
0,-16,60
0,-16,61
0,-16,60
0,-16,60
0,-16,60
0,-16,61
0,-16,60
0,-16,60
0,-16,60
0,-16,60
0,-16,60
0,-16,60
0,-16,60
0,-16,61
0,-16,61
0,-16,61
0,-16,60
0,-16,60
0,-16,60
0,-16,61
0,-16,60
0,-16,61
0,-16,61
0,-16,60
-1,-16,60
0,-16,60
0,-16,60
0,-16,60
0,-16,60
0,-16,60
0,-16,60
0,-16,60
0,-16,60
0,-16,60
0,-16,60
0,-16,60
0,-16,61
0,-16,61
0,-16,61
0,-16,60
0,-16,60
0,-16,61
0,-16,61
0,-16,60
0,-16,61
0,-16,60
0,-16,60
0,-16,61
0,-16,60
0,-16,60
0,-16,61
0,-16,61
0,-16,60
0,-16,60
0,-16,60
0,-16,60
0,-16,60
0,-16,60
0,-16,61
0,-16,61
0,-16,60
0,-16,60
0,-16,60
0,-16,60
0,-16,60
0,-16,60
0,-16,61
0,-16,61
0,-16,60
0,-16,60
0,-16,60
0,-16,60
0,-16,60
0,-16,60
0,-16,60
0,-16,61
0,-16,60
0,-16,60
0,-16,60
0,-16,60
0,-16,61
0,-16,61
0,-16,61
0,-16,60
-1,-16,60
-1,-16,60
0,-16,61
0,-16,61
0,-16,60
0,-16,61
0,-16,61
0,-16,60
0,-16,60
0,-16,60
0,-16,60
0,-16,60
0,-16,60
0,-16,60
0,-16,60
0,-16,60
0,-16,60
0,-16,60
0,-16,60
0,-16,61
0,-16,61
0,-16,60
0,-16,60
0,-16,60
0,-16,60
0,-16,60
0,-16,60
0,-16,61
0,-16,60
0,-16,60
0,-16,60
0,-16,60
0,-16,61
0,-16,61
0,-16,60
0,-16,60
0,-16,60
0,-16,61
0,-16,60
0,-16,60
0,-16,60
0,-16,61
0,-16,61
0,-16,61
0,-16,60
0,-16,60
0,-16,60
0,-16,60
0,-16,61
0,-16,61
0,-16,60
0,-16,60
0,-16,60
0,-16,60
0,-16,60
0,-16,61
0,-16,60
0,-16,60
0,-16,60
0,-16,61
-1,-16,60
-1,-16,60
0,-16,60
0,-16,60
0,-16,61
0,-16,61
0,-16,60
0,-16,60
0,-16,60
0,-16,60
0,-16,60
0,-16,60
0,-16,60
0,-16,61
0,-16,61
0,-16,60
0,-16,60
0,-16,61
0,-16,60
0,-16,60
0,-16,60
0,-16,60
0,-16,61
0,-16,60
0,-16,60
0,-16,61
0,-16,61
0,-16,61
0,-16,61
0,-16,60
0,-16,60
0,-16,60
0,-16,61
0,-16,61
-1,-16,60
-1,-16,60
-1,-16,60
0,-16,61
0,-16,61
0,-16,60
0,-16,60
0,-16,60
0,-16,60
-1,-16,60
-1,-16,60
-1,-16,60
0,-16,60
0,-16,61
0,-16,61
-1,-16,61
0,-16,60
-1,-16,60
0,-16,61
0,-16,61
-1,-16,60
-1,-16,60
-1,-16,60
-1,-16,60
0,-16,60
-1,-16,60
0,-16,60
0,-16,60
-1,-16,60
-2,-16,60
-1,-17,61
-1,-17,61
-1,-16,61
-1,-17,60
1,-17,59
1,-15,59
2,-14,60
2,-15,62
2,-15,62
-1,-15,61
-2,-16,61
-3,-16,60
-3,-16,60
-3,-16,61
-2,-15,61
0,-16,62
0,-17,63
2,-15,66
0,-14,64
-5,-16,60
-3,-17,61
4,-18,63
1,-16,60
1,-15,58
8,-23,57
0,-22,53
-4,-19,53
-4,-19,56
-7,-19,60
-8,-18,61
-8,-18,62
-8,-19,61
-4,-19,60
-2,-18,60
-2,-17,60
-1,-18,60
0,-19,59
-1,-18,58
-3,-18,59
-4,-19,58
-6,-19,59
-6,-19,61
-2,-18,64
-4,-16,62
-2,-18,60
-1,-19,59
-4,-19,57
-4,-18,57
-3,-18,60
-4,-17,62
-5,-17,62
-5,-18,61
-5,-18,59
-5,-18,58
-4,-19,59
-3,-18,60
-3,-18,60
-2,-17,61
-2,-18,61
-2,-18,60
-2,-18,59
-2,-18,59
-1,-18,59
-1,-18,59
-3,-16,59
-4,-16,63
0,-18,64
-4,-17,60
-7,-17,59
-1,-20,59
-4,-21,56
-13,-19,56
-4,-19,64
-7,-18,64
-8,-17,61
-5,-16,60
-3,-16,57
-4,-16,56
-4,-17,59
-4,-18,62
-5,-18,64
-6,-18,61
0,-19,56
0,-22,54
-19,-23,50
-17,-20,51
-4,-18,57
-1,-18,63
-3,-16,69
-2,-15,69
3,-15,66
3,-16,63
-2,-18,58
-3,-18,57
-2,-16,58
-4,-15,60
-5,-16,60
-6,-16,61
-5,-16,63
-7,-16,65
-7,-16,63
-5,-16,61
-4,-16,60
-2,-16,57
-1,-16,57
-1,-15,59
0,-14,61
-1,-14,63
-2,-15,64
-4,-16,62
-3,-15,61
-3,-16,59
-4,-16,58
-3,-16,59
-3,-16,60
-4,-16,63
-5,-16,63
-4,-16,62
-4,-16,59
-3,-16,59
-2,-16,60
-1,-15,61
-2,-15,62
-2,-15,62
-3,-16,61
-4,-16,60
-4,-16,60
-4,-16,60
-3,-16,60
-3,-16,60
-3,-15,61
-3,-16,61
-3,-16,61
-3,-16,61
-3,-16,60
-4,-16,60
-4,-16,60
-3,-16,61
-3,-16,61
-3,-16,60
-3,-16,60
-2,-16,61
-2,-16,61
-3,-16,60
-3,-16,61
-3,-16,61
-3,-16,60
-3,-16,60
-3,-16,60
-3,-16,60
-3,-16,60
-3,-16,61
-2,-16,61
-3,-16,61
-3,-16,60
-3,-16,60
-3,-16,60
-3,-16,61
-2,-16,60
-3,-16,60
-3,-16,61
-3,-16,61
-3,-16,60
-3,-16,61
-3,-16,61
-3,-16,60
-3,-16,60
-3,-15,60
-3,-16,60
-3,-16,60
-3,-16,60
-3,-15,60
-3,-16,61
-3,-16,61
-3,-16,61
-3,-15,60
-3,-16,60
-3,-16,60
-2,-16,61
-3,-16,61
-3,-16,60
-3,-16,60
-3,-16,61
-3,-16,61
-3,-16,60
-3,-16,61
-3,-16,61
-3,-16,60
-3,-16,61
-3,-16,61
-3,-16,60
-3,-16,60
-3,-16,60
-2,-16,61
-2,-16,61
-3,-16,61
-3,-16,60
-3,-16,60
-3,-16,60
-2,-16,61
-2,-16,61
-3,-16,60
-3,-16,60
-3,-16,61
-3,-15,61
-3,-16,61
-3,-15,60
-2,-16,61
-3,-16,60
-3,-16,61
-3,-16,61
-3,-16,60
-3,-16,60
-3,-16,60
-3,-15,61
-3,-15,61
-3,-15,61
-3,-16,61
-3,-16,60
-3,-16,60
-3,-16,61
-3,-16,61
-3,-16,61
-3,-16,61
-3,-16,60
-3,-16,60
-3,-16,61
-3,-16,60
-3,-16,60
-3,-16,60
-3,-16,60
-3,-16,61
-3,-16,61
-3,-16,60
-3,-16,60
-3,-16,60
-3,-15,61
-2,-16,61
-3,-16,61
-3,-15,60
-3,-15,60
-3,-16,60
-3,-16,61
-3,-16,61
-3,-16,60
-3,-16,60
-2,-16,60
-2,-16,62
-1,-16,62
-1,-16,61
-1,-17,60
0,-16,60
-1,-16,61
-4,-15,64
-5,-15,65
-8,-14,66
-6,-14,63
-3,-17,61
-4,-17,53
-3,-17,52
1,-20,55
0,-20,55
-1,-18,60
1,-16,63
-2,-15,63
-3,-16,62
-3,-17,60
-3,-17,58
-2,-18,59
0,-19,60
-1,-18,60
-1,-18,60
-1,-16,60
-2,-17,60
-5,-17,57
-4,-17,59
-3,-15,60
-4,-14,58
-5,-15,58
-1,-14,60
0,-12,62
-2,-12,63
-3,-12,63
-3,-13,62
-2,-14,62
-2,-13,63
-3,-13,62
-3,-13,62
-3,-11,63
-3,-12,63
-4,-12,63
-7,-11,62
-7,-10,63
-5,-11,63
-6,-12,62
-8,-13,59
-9,-13,58
-6,-13,59
-7,-13,60
-8,-10,62
-9,-10,63
-9,-11,63
-7,-13,62
-7,-13,61
-7,-11,60
-6,-12,61
-7,-11,61
-8,-12,62
-10,-11,62
-11,-12,63
-10,-11,64
-9,-11,63
-9,-12,60
-9,-13,58
-10,-13,55
-9,-14,56
-7,-12,61
-6,-12,63
-7,-12,63
-7,-11,64
-5,-13,64
-6,-14,61
-7,-21,59
-7,-8,59
-8,-5,62
-2,-12,64
-1,-14,62
-4,-16,60
-8,-16,59
-8,-15,56
-6,-15,57
-3,-16,60
-2,-15,60
-3,-11,60
-2,-10,62
0,-10,64
-2,-11,62
-5,-14,61
-7,-13,60
-13,-13,59
-14,-12,60
-6,-15,65
-7,-16,64
-6,-13,62
-2,-10,62
-2,-8,61
-3,-8,62
-3,-9,62
-4,-11,62
-5,-10,61
-6,-10,60
-5,-11,59
-3,-13,60
-4,-14,60
-4,-13,60
-3,-12,61
-2,-11,62
-2,-12,63
-1,-12,64
-1,-11,64
-3,-11,63
-2,-11,63
0,-10,62
-2,-11,61
-3,-12,61
1,-12,63
0,-13,62
-2,-12,61
-2,-12,62
-3,-9,61
-3,-8,60
-5,-9,60
-9,-10,59
-14,-12,59
-14,-12,60
-14,-12,63
-12,-12,63
-7,-12,61
-4,-13,62
-4,-12,60
-4,-12,60
-4,-13,62
-5,-14,62
-6,-13,61
-6,-13,61
-5,-12,61
-6,-11,60
-7,-11,59
-7,-11,59
-7,-12,62
-7,-12,62
-8,-13,62
-9,-14,61
-8,-14,61
-7,-13,60
-10,-12,59
-12,-10,58
-11,-11,60
-10,-12,63
-11,-13,64
-12,-11,62
-10,-12,62
-8,-14,60
-8,-15,59
-9,-13,59
-10,-12,60
-9,-11,61
-8,-11,62
-10,-10,61
-11,-11,60
-10,-12,60
-9,-12,60
-13,-11,61
-13,-13,62
-11,-14,62
-13,-13,62
-10,-12,62
-11,-12,58
-13,-12,57
-11,-12,60
-13,-13,60
-17,-12,62
-19,-12,64
-18,-12,62
-14,-13,59
-16,-15,55
-18,-15,55
-13,-15,59
-14,-14,59
-14,-14,61
-12,-15,62
-14,-15,61
-13,-15,60
-17,-12,59
-18,-12,60
-13,-14,60
-18,-15,58
-19,-16,57
-18,-16,57
-20,-16,57
-19,-16,59
-18,-16,59
-20,-12,59
-18,-15,61
-14,-19,59
-15,-17,56
-15,-16,56
-12,-17,59
-16,-14,59
-18,-15,59
-20,-16,60
-20,-16,60
-20,-18,58
-20,-18,56
-16,-18,56
-16,-17,57
-16,-15,58
-14,-16,58
-13,-17,59
-16,-17,58
-15,-17,58
-12,-17,59
-13,-17,59
-12,-17,58
-13,-16,58
-12,-17,59
-11,-16,59
-9,-15,59
-10,-14,58
-11,-13,59
-12,-14,60
-13,-15,63
-14,-16,62
-14,-15,61
-15,-14,60
-12,-15,59
-14,-15,58
-16,-17,59
-14,-18,60
-14,-15,61
-13,-13,61
-9,-10,59
-8,-10,58
-6,-12,59
-10,-14,60
-10,-15,60
-8,-12,60
-7,-11,60
-9,-11,60
-10,-11,60
-13,-12,61
-12,-11,63
-12,-9,66
-12,-9,66
-8,-10,65
-6,-10,64
-5,-12,61
-6,-12,59
-9,-12,56
-10,-12,57
-10,-11,61
-9,-10,64
-9,-9,65
-8,-9,64
-8,-9,62
-8,-8,61
-5,-9,63
-2,-12,63
-3,-13,62
-6,-12,60
-7,-11,60
-9,-11,59
-9,-12,59
-8,-12,61
-9,-11,62
-7,-11,62
-6,-11,62
-5,-11,62
-5,-11,61
-4,-11,60
-4,-11,60
-5,-11,61
-5,-11,62
-6,-11,62
-6,-11,62
-6,-11,61
-6,-11,61
-6,-12,61
-6,-12,61
-6,-12,61
-5,-11,62
-6,-11,62
-6,-11,62
-6,-11,62
-6,-11,61
-6,-11,61
-6,-11,62
-6,-11,61
-6,-11,61
-6,-11,60
-6,-12,62
-6,-11,62
-6,-11,62
-6,-12,62
-6,-12,61
-6,-11,61
-5,-11,61
-5,-11,61
-5,-11,61
-5,-11,61
-5,-11,62
-6,-11,62
-6,-11,62
-6,-11,61
-5,-12,61
-5,-11,61
-5,-11,61
-5,-11,62
-5,-11,62
-5,-11,62
-6,-11,61
-6,-12,62
-5,-11,61
-6,-11,61
-5,-12,61
-4,-11,61
-5,-11,61
-4,-11,62
-5,-11,61
-6,-11,61
-5,-11,61
-5,-11,61
-5,-11,61
-5,-11,62
-5,-11,62
-5,-11,61
-5,-11,62
-5,-11,61
-5,-11,62
-5,-11,62
-6,-11,61
-5,-11,62
-5,-11,61
-6,-11,61
-6,-11,61
-6,-12,62
-3,-13,62
-5,-13,60
-8,-11,59
-5,-10,62
-1,-11,64
-2,-11,64
-5,-12,63
-4,-12,62
-2,-11,60
-3,-11,59
-4,-12,61
-4,-11,62
-6,-11,62
-5,-11,62
-5,-11,61
-5,-12,60
-5,-12,60
-5,-11,61
-4,-11,62
-4,-12,61
-4,-12,62
-4,-12,62
-3,-12,62
-4,-12,61
-5,-11,61
-3,-12,61
-4,-12,60
-5,-12,61
-4,-11,62
-4,-12,62
-4,-12,61
-4,-12,61
-4,-12,61
-4,-12,61
-4,-12,61
-5,-12,61
-4,-12,62
-4,-12,61
-4,-11,61
-4,-12,62
-4,-12,61
-5,-12,61
-4,-12,62
-4,-12,61
-4,-12,61
-4,-12,62
-5,-12,62
-4,-11,62
-4,-12,62
-4,-12,61
-4,-11,61
-3,-12,61
-3,-12,62
-3,-12,62
-4,-11,62
-4,-11,62
-4,-12,61
-5,-12,60
-5,-12,61
-4,-11,62
-4,-11,62
-4,-12,61
-4,-12,61
-4,-12,60
-4,-12,61
-3,-13,62
-3,-12,61
-2,-9,62
-2,-10,62
-2,-11,61
-1,-12,61
0,-11,62
-1,-11,62
-3,-11,62
-3,-12,62
-4,-12,63
-5,-12,62
-5,-12,62
-6,-11,61
-6,-10,61
-5,-9,61
-4,-9,62
-5,-11,61
-4,-12,62
-3,-11,63
-2,-11,63
-2,-11,62
-3,-12,61
-3,-12,60
-3,-11,61
-4,-11,62
-4,-11,62
-5,-12,61
-4,-11,61
-4,-11,61
-4,-12,61
-4,-11,61
-4,-11,62
-3,-11,62
-4,-11,61
-4,-12,62
-3,-12,62
-5,-12,61
-5,-11,62
-5,-11,62
-4,-12,62
-4,-11,62
-4,-11,61
-4,-12,61
-4,-11,62
-4,-11,62
-4,-11,62
-4,-11,62
-5,-11,61
-4,-11,62
-4,-11,61
-4,-11,61
-4,-12,61
-4,-11,61
-4,-11,62
-4,-11,62
-4,-11,61
-5,-11,61
-4,-11,61
-4,-11,62
-4,-11,62
-5,-11,61
-4,-11,61
-4,-11,61
-5,-11,61
-4,-11,62
-4,-11,62
-4,-11,61
-4,-11,61
-4,-11,62
-4,-11,61
-4,-11,61
-5,-12,61
-4,-11,62
-4,-11,62
-4,-11,62
-4,-12,61
-4,-12,61
-4,-11,61
-4,-12,62
-4,-12,62
-5,-11,62
-5,-11,61
-4,-11,62
-4,-11,62
-4,-12,62
-4,-12,61
-3,-11,61
-5,-11,61
-6,-11,61
-6,-11,62
-6,-11,62
-6,-11,61
-6,-12,61
-4,-12,61
-4,-12,61
-4,-11,62
-3,-11,62
-4,-11,62
-5,-11,61
-5,-11,61
-5,-11,61
-6,-11,60
-6,-11,61
-5,-12,62
-3,-11,63
-4,-11,63
-5,-11,61
-4,-11,61
-4,-12,61
-5,-11,61
-5,-11,62
-5,-10,62
-5,-11,61
-4,-11,61
-5,-11,61
-5,-11,61
-4,-11,62
-4,-11,62
-6,-11,62
-6,-11,61
-6,-11,62
-5,-11,62
-5,-11,61
-4,-11,61
-5,-11,61
-5,-11,62
-4,-12,62
-5,-11,61
-5,-11,62
-4,-11,62
-4,-11,61
-5,-11,61
-5,-11,62
-5,-11,61
-5,-11,61
-5,-11,61
-5,-11,61
-4,-11,62
-4,-11,62
-5,-12,61
-5,-12,62
-5,-11,61
-5,-11,62
-4,-12,61
-5,-12,60
-5,-11,61
-4,-11,62
-4,-11,62
-5,-11,62
-5,-11,61
-5,-11,61
-5,-11,61
-4,-11,62
-5,-11,62
-5,-11,62
-4,-11,61
-5,-12,61
-5,-11,61
-5,-11,62
-4,-11,62
-5,-11,62
-5,-11,62
-5,-11,61
-5,-11,61
-5,-11,62
-5,-12,62
-5,-11,61
-5,-11,61
-5,-11,62
-5,-11,62
-5,-11,62
-5,-12,61
-6,-11,61
-5,-11,61
-5,-11,61
-6,-11,62
-6,-11,62
-5,-12,62
-5,-13,61
-4,-13,61
-3,-12,61
-2,-10,61
-3,-10,60
-6,-10,60
-6,-11,62
-8,-11,63
-9,-11,63
-8,-11,61
-8,-11,61
-5,-12,61
-5,-12,60
-5,-12,61
-4,-12,62
-4,-11,62
-5,-12,62
-5,-11,61
-5,-11,62
-5,-11,62
-6,-11,62
-5,-11,62
-5,-11,61
-4,-11,61
-4,-11,61
-5,-11,61
-4,-11,63
-4,-11,63
-7,-11,61
-7,-12,61
-5,-12,60
-5,-11,60
-4,-11,62
-4,-11,62
-5,-11,62
-5,-11,62
-5,-11,62
-5,-12,61
-5,-11,61
-5,-11,61
-5,-11,61
-4,-11,61
-5,-11,61
-5,-11,61
-5,-11,61
-5,-12,62
-5,-11,61
-6,-11,61
-5,-11,62
-5,-11,62
-5,-11,62
-6,-11,61
-5,-11,61
-5,-11,62
-6,-11,62
-6,-11,61
-6,-11,61
-6,-11,61
-6,-11,62
-5,-11,62
-5,-11,62
-6,-12,61
-5,-12,61
-5,-11,62
-6,-12,61
-6,-11,61
-5,-11,61
-6,-11,61
-5,-11,61
-5,-11,62
-5,-11,62
-5,-11,61
-5,-11,61
-5,-11,61
-5,-12,61
-5,-11,61
-5,-11,61
-5,-11,62
-5,-11,61
-6,-11,61
-5,-11,62
-5,-11,62
-5,-11,61
-5,-11,62
-5,-11,61
-5,-11,61
-5,-11,61
-5,-12,61
-5,-12,61
-5,-11,62
-5,-11,62
-5,-11,62
-5,-11,61
-5,-12,61
-5,-11,61
-5,-11,62
-5,-12,62
-5,-11,61
-5,-11,61
-5,-11,62
-5,-11,61
-5,-11,62
-5,-12,62
-5,-12,61
-5,-11,61
-5,-11,62
-5,-11,62
-5,-11,62
-5,-12,61
-5,-12,60
-5,-11,61
-5,-12,61
-4,-12,62
-4,-11,62
-3,-11,62
-3,-11,61
-3,-11,61
-3,-11,60
-4,-10,61
-4,-10,61
-4,-12,62
-4,-12,64
-6,-11,64
-7,-11,63
-5,-12,60
-4,-12,60
-5,-11,60
-5,-11,61
-5,-11,62
-5,-12,62
-5,-12,62
-7,-12,61
-5,-12,62
-5,-12,62
-5,-12,62
-5,-12,60
-5,-12,60
-4,-12,60
-4,-12,60
-5,-12,61
-5,-12,61
-5,-12,62
-5,-11,62
-6,-12,61
-6,-12,61
-6,-12,61
-6,-12,61
-6,-12,61
-5,-12,62
-5,-12,62
-5,-11,61
-6,-11,61
-5,-11,62
-6,-11,62
-7,-12,62
-6,-12,62
-5,-12,61
-5,-12,61
-6,-12,60
-6,-12,60
-4,-13,63
-5,-12,63
-5,-11,63
-4,-11,62
-5,-11,60
-4,-11,60
-5,-12,60
-6,-11,61
-5,-11,62
-6,-12,62
-6,-12,61
-6,-12,61
-5,-12,62
-4,-12,62
-4,-11,61
-4,-12,61
-5,-11,61
-4,-12,62
-5,-11,62
-6,-12,61
-5,-12,61
-5,-12,61
-5,-12,61
-4,-11,61
-4,-11,61
-5,-12,61
-5,-12,61
-5,-12,62
-5,-12,62
-5,-12,62
-5,-12,61
-5,-12,60
-5,-12,60
-5,-11,61
-5,-12,62
-5,-12,62
-6,-12,62
-4,-12,62
-4,-12,61
-5,-12,61
-4,-12,61
-4,-12,61
-5,-12,62
-5,-12,62
-5,-12,62
-5,-12,62
-5,-12,61
-5,-12,61
-5,-12,61
-4,-12,61
-4,-12,61
-4,-12,61
-5,-12,61
-5,-12,62
-4,-12,62
-5,-12,62
-5,-12,61
-5,-12,61
-5,-12,61
-4,-12,61
-4,-12,61
-4,-12,62
-4,-12,62
-4,-11,62
-4,-11,61
-4,-11,60
-4,-11,61
-4,-12,62
-5,-12,62
-4,-12,62
-4,-12,62
-5,-12,60
-4,-12,61
-3,-11,61
-4,-11,60
-1,-11,62
1,-11,63
2,-11,62
2,-11,62
2,-11,62
2,-12,61
1,-12,61
1,-11,62
1,-12,62
-1,-11,61
-1,-11,61
1,-12,62
1,-11,62
0,-11,62
0,-12,62
1,-11,62
1,-11,62
0,-11,61
0,-12,61
0,-11,62
0,-11,62
0,-11,62
0,-11,61
0,-11,61
0,-11,62
0,-12,62
0,-12,62
0,-12,62
0,-11,61
-1,-12,61
-1,-12,61
0,-11,62
0,-11,62
0,-11,61
0,-11,61
0,-12,62
-2,-11,62
-2,-12,62
-1,-11,62
-1,-11,61
-2,-12,61
-2,-12,61
-2,-12,62
-1,-12,63
-1,-11,62
-2,-11,62
-1,-11,62
-2,-11,61
-1,-11,60
0,-11,61
0,-11,62
-1,-11,62
-1,-13,64
-1,-14,63
-3,-12,62
-3,-11,61
-1,-11,60
-1,-13,59
-1,-13,60
-1,-11,62
-2,-10,63
-4,-10,63
-4,-10,63
-3,-12,61
-3,-13,61
-2,-12,60
-2,-13,60
-1,-13,62
-1,-12,62
-1,-12,63
-2,-13,61
-4,-12,60
-3,-12,61
-2,-11,62
-3,-11,61
-3,-12,61
-2,-12,62
-2,-12,62
-2,-11,62
-2,-12,62
-3,-12,61
-3,-12,61
-2,-12,62
-2,-12,62
-3,-12,62
-3,-12,62
-3,-12,61
-3,-12,61
-3,-12,61
-3,-12,61
-3,-12,62
-3,-12,62
-2,-11,62
-3,-12,61
-3,-12,61
-3,-12,62
-2,-12,62
-3,-12,62
-3,-12,61
-3,-12,61
-3,-12,61
-4,-11,61
-3,-11,62
-3,-12,62
-3,-12,62
-3,-12,61
-3,-12,60
-2,-12,62
-2,-12,62
-2,-12,61
-2,-12,62
-3,-12,61
-3,-12,61
-3,-12,61
-3,-12,62
-3,-12,62
-3,-12,61
-2,-12,61
-3,-12,61
-3,-12,62
-2,-12,62
-3,-11,62
-3,-12,62
-3,-12,61
-3,-12,61
-3,-12,61
-3,-12,61
-3,-12,61
-2,-12,62
-2,-12,61
-3,-12,61
-3,-12,62
-2,-12,62
-3,-12,62
-3,-12,62
-3,-12,61
-3,-12,61
-3,-12,61
-3,-12,62
-3,-12,62
-2,-12,62
-3,-12,61
-3,-12,61
-2,-12,62
-3,-12,62
-3,-12,62
-2,-12,61
-3,-11,62
-3,-12,62
-3,-12,61
-3,-12,61
-2,-12,61
-3,-12,61
-3,-12,62
-3,-12,62
-2,-12,62
-3,-12,61
-3,-12,61
-3,-12,61
-3,-12,62
-3,-12,62
-2,-12,61
-2,-12,61
-3,-12,61
-3,-12,62
-3,-12,62
-3,-11,62
-3,-12,62
-3,-12,61
-3,-11,61
-2,-12,62
-2,-12,62
-3,-12,61
-2,-12,62
-3,-12,61
-3,-12,61
-2,-12,62
-2,-12,62
-2,-12,62
-3,-12,61
-3,-12,61
-3,-12,62
-2,-12,62
-3,-12,61
-3,-12,61
-2,-12,61
-2,-12,62
-2,-12,62
-2,-12,62
-3,-12,61
-3,-12,61
-3,-12,61
-3,-12,62
-3,-12,62
-3,-12,62
-3,-12,61
-3,-12,61
-3,-12,62
-3,-12,62
-2,-12,62
-2,-12,62
-3,-12,62
-3,-12,61
-2,-12,62
-2,-12,62
-3,-12,61
-3,-12,61
-3,-12,62
-2,-12,62
-3,-12,62
-2,-12,61
-2,-12,61
-2,-12,61
-3,-12,61
-3,-12,61
-2,-12,62
-2,-12,62
-3,-12,61
-3,-11,61
-3,-12,61
-5,-12,61
-4,-12,62
-5,-12,62
-4,-11,62
-3,-12,61
-3,-12,61
-4,-12,60
-4,-12,61
-3,-11,63
-3,-12,64
-3,-12,63
-3,-12,62
-3,-12,60
-2,-12,60
-3,-12,60
-3,-12,61
-3,-12,62
-2,-12,63
-4,-11,62
-3,-12,61
-3,-12,61
-3,-11,61
-4,-11,61
-3,-11,62
-3,-11,62
-3,-12,60
-2,-12,61
-3,-12,61
-5,-11,60
-4,-11,62
-1,-12,63
-3,-12,61
-4,-12,61
-3,-12,61
-4,-12,61
-3,-11,61
-3,-12,61
-2,-12,61
-2,-12,62
-2,-12,62
-2,-12,62
-3,-12,61
-3,-12,62
-4,-12,62
-4,-11,61
-4,-12,61
-3,-12,61
-3,-12,61
-2,-12,62
-2,-12,62
-3,-12,62
-3,-12,61
-4,-12,61
-3,-12,61
-4,-12,61
-4,-12,61
-3,-12,62
-3,-12,61
-3,-12,62
-3,-12,61
-3,-12,61
-3,-12,61
-4,-12,62
-4,-12,62
-3,-12,62
-4,-12,61
-4,-12,61
-4,-11,61
-4,-12,62
-4,-12,61
-4,-12,61
-4,-12,61
-3,-12,62
-4,-12,61
-4,-12,61
-4,-12,62
-4,-12,62
-4,-11,62
-4,-12,62
-4,-12,61
-4,-12,61
-5,-12,61
-5,-12,61
-3,-12,62
-4,-12,62
-5,-12,61
-4,-11,62
-4,-11,62
-4,-12,61
-4,-12,61
-4,-12,61
-3,-12,62
-4,-12,61
-4,-12,61
-4,-11,61
-4,-11,62
-4,-12,62
-4,-12,62
-4,-12,61
-4,-12,61
-3,-12,61
-3,-12,61
-3,-12,62
-2,-12,62
-1,-12,61
-1,-12,61
-2,-11,60
-2,-11,61
-2,-11,61
-3,-11,61
-3,-11,62
-4,-12,62
-4,-12,62
-4,-12,63
-6,-12,62
-4,-11,62
-3,-11,62
-4,-12,60
-4,-12,60
-4,-12,62
-3,-11,62
-3,-11,61
-3,-11,62
-3,-12,62
-3,-11,62
-2,-11,62
-2,-11,61
-3,-12,61
-3,-12,61
-3,-12,62
-3,-12,62
-4,-11,62
-4,-11,62
-4,-11,61
-4,-12,61
-4,-12,61
-3,-12,61
-3,-12,61
-3,-12,61
-3,-12,61
-2,-12,62
-1,-12,62
-3,-12,61
-3,-12,61
-4,-12,61
-3,-12,61
-5,-12,61
-5,-12,61
-3,-12,62
-3,-12,62
-3,-12,61
-4,-12,60
-2,-12,62
-3,-12,61
-4,-11,61
-3,-11,61
-2,-12,61
-3,-12,62
-4,-12,62
-5,-12,63
-4,-12,63
-5,-12,61
-4,-13,59
-3,-13,59
-3,-13,59
-2,-12,63
-1,-11,63
-1,-10,63
-2,-10,62
-3,-11,60
-3,-12,60
-3,-13,61
-3,-13,61
-3,-12,62
-3,-12,62
-3,-12,62
-3,-12,62
-3,-11,62
-4,-11,62
-4,-11,62
-4,-12,61
-4,-12,61
-3,-12,62
-2,-12,62
-3,-12,61
-3,-12,61
-4,-12,61
-4,-12,62
-4,-12,61
-5,-12,61
-5,-12,61
-5,-12,61
-4,-12,61
-4,-12,61
-3,-12,61
-3,-11,61
-3,-11,61
-3,-11,61
-4,-11,61
-4,-12,62
-5,-13,62
-5,-12,62
-5,-12,62
-4,-11,61
-3,-11,61
-3,-11,60
-4,-11,61
-5,-12,62
-5,-12,62
-4,-12,62
-4,-12,62
-3,-12,61
-4,-12,60
-4,-11,61
-4,-11,61
-4,-12,62
-4,-12,62
-5,-12,61
-5,-12,61
-4,-12,61
-4,-12,61
-4,-12,61
-4,-12,62
-3,-12,62
-4,-11,62
-3,-11,62
-4,-11,61
-4,-11,60
-4,-12,61
-4,-12,61
-4,-12,62
-4,-12,62
-3,-12,62
-4,-12,62
-4,-12,61
-4,-12,61
-4,-12,61
-4,-12,61
-5,-12,62
-4,-12,62
-4,-12,62
-4,-12,61
-5,-12,61
-4,-11,62
-4,-11,62
-4,-12,62
-4,-12,61
-4,-11,62
-5,-11,62
-4,-12,61
-4,-12,60
-4,-12,61
-4,-12,61
-4,-12,62
-4,-12,62
-4,-12,62
-4,-12,61
-4,-12,61
-4,-12,60
-5,-11,62
-4,-11,62
-4,-12,62
-4,-12,61
-5,-11,61
-4,-11,61
-4,-12,61
-4,-12,61
-5,-13,60
-5,-13,59
-5,-12,62
-4,-11,64
-3,-11,64
-2,-11,62
-2,-12,60
-3,-12,58
-3,-12,59
-3,-12,62
-3,-12,63
-3,-11,62
-3,-11,62
-2,-12,60
-2,-11,60
0,-11,60
0,-10,61
-2,-11,61
-2,-11,62
-1,-11,64
-2,-12,63
-4,-12,62
-4,-12,62
-4,-12,62
-4,-11,62
-4,-11,63
-4,-10,62
-3,-10,62
-2,-10,62
-3,-10,61
-2,-12,62
-1,-12,62
-1,-12,61
-2,-12,61
-2,-12,60
-1,-12,60
-3,-12,61
-2,-12,62
-2,-11,63
-2,-11,62
-2,-11,61
-3,-11,60
-2,-12,60
-2,-12,61
-3,-11,62
-3,-12,62
-2,-12,62
-3,-11,61
-3,-12,60
-2,-12,61
-2,-11,61
-2,-11,62
-2,-11,62
-4,-11,62
-4,-11,62
-4,-11,61
-4,-12,61
-3,-12,61
-3,-12,61
-2,-12,62
-2,-11,62
-3,-11,61
-3,-11,61
-3,-11,61
-3,-12,61
-4,-11,61
-4,-11,61
-3,-11,62
-4,-11,62
-3,-11,63
-3,-11,62
-4,-11,61
-3,-11,61
-3,-12,62
-4,-11,61
-3,-12,62
-4,-11,62
-3,-11,62
-3,-11,62
-3,-11,61
-3,-11,61
-3,-12,62
-3,-11,62
-2,-11,62
-2,-12,61
-3,-11,61
-3,-11,61
-3,-11,61
-4,-12,62
-3,-12,62
-4,-11,62
-4,-11,61
-3,-12,61
-3,-11,62
-3,-11,62
-2,-11,62
-3,-12,61
-4,-11,61
-3,-12,61
-3,-11,62
-3,-11,62
-3,-12,61
-2,-11,61
-3,-12,62
-3,-12,62
-4,-11,62
-4,-11,62
-3,-11,61
-3,-12,60
-3,-12,61
-3,-12,62
-3,-11,62
-3,-11,63
-3,-11,61
-4,-11,60
-3,-12,61
-3,-11,61
-3,-12,62
-3,-12,62
-3,-12,62
-3,-12,61
-3,-11,61
-3,-11,61
-3,-11,62
-3,-12,62
-3,-12,62
-3,-11,62
-3,-12,62
-3,-12,62
-3,-11,62
-3,-11,61
-3,-11,62
-3,-11,62
-3,-11,62
-2,-11,62
-2,-11,62
-4,-11,60
-5,-12,60
-4,-13,62
-4,-12,62
-4,-11,62
-3,-11,61
-2,-11,61
-2,-11,62
-2,-11,61
-3,-11,62
-5,-12,62
-6,-11,62
-7,-11,62
-6,-12,61
-5,-12,61
-1,-13,60
-1,-13,60
-4,-11,62
-3,-11,63
0,-13,62
-1,-12,61
-2,-11,60
0,-11,60
-1,-12,60
-2,-12,62
-3,-12,62
-6,-10,64
-7,-10,64
-6,-11,63
-4,-12,61
-3,-12,59
-2,-12,59
-1,-12,62
-1,-11,62
-2,-11,63
-2,-11,63
-3,-12,61
-4,-12,60
-3,-12,61
-3,-12,61
-3,-12,61
-3,-12,62
-2,-12,62
-2,-12,62
-3,-12,61
-3,-12,61
-2,-12,62
-3,-12,61
-4,-12,62
-3,-11,61
-3,-11,61
-3,-12,61
-2,-12,62
-3,-12,62
-3,-11,62
-3,-12,62
-3,-12,62
-3,-11,61
-3,-12,61
-4,-12,62
-3,-12,63
-1,-12,64
-2,-11,62
-2,-11,61
-3,-11,58
-4,-12,58
-4,-12,59
-3,-12,62
-3,-12,63
-2,-12,63
-2,-12,62
-2,-12,61
-2,-12,61
-2,-12,61
-2,-12,62
-3,-11,62
-2,-11,62
-2,-12,61
-2,-12,60
-2,-12,60
-2,-12,62
-3,-12,62
-3,-12,62
-3,-12,61
-3,-12,61
-3,-12,61
-3,-12,62
-3,-12,62
-2,-12,62
-2,-12,61
-2,-12,61
-2,-12,62
-3,-12,61
-4,-12,61
-4,-12,61
-2,-13,62
-2,-12,61
-3,-12,61
-2,-12,62
-2,-12,61
-2,-12,61
-3,-12,61
-3,-12,61
-3,-12,61
-3,-12,61
-3,-12,61
-2,-12,62
-2,-12,62
-2,-12,61
-2,-12,61
-2,-12,61
-3,-12,61
-3,-12,62
-3,-12,61
-3,-12,61
-2,-13,61
-1,-12,62
-1,-12,62
-2,-11,62
-3,-11,61
-4,-12,61
-4,-12,61
-4,-11,62
-4,-12,62
-3,-12,62
-3,-13,62
-4,-13,61
-3,-13,61
-2,-13,61
-2,-13,61
-2,-13,62
-1,-13,62
-2,-12,61
-1,-11,61
-2,-11,60
-5,-11,59
-5,-11,62
-5,-12,63
-6,-12,63
-5,-13,62
-4,-12,61
-3,-12,61
-3,-12,60
-3,-13,59
-3,-13,60
-2,-13,62
-2,-12,63
-3,-12,63
-3,-12,63
-3,-11,62
-3,-12,60
-4,-12,59
-4,-12,59
-4,-12,62
-4,-13,62
-4,-12,63
-4,-12,63
-3,-12,61
-4,-12,60
-3,-12,60
-3,-12,62
-3,-12,62
-4,-12,62
-4,-12,62
-4,-12,61
-4,-12,61
-4,-12,61
-4,-12,61
-3,-12,62
-3,-12,62
-4,-12,61
-4,-12,61
-4,-12,61
-4,-12,61
-3,-12,62
-3,-12,62
-4,-12,61
-4,-12,61
-3,-12,62
-3,-12,62
-4,-12,61
-4,-12,61
-3,-12,62
-3,-12,62
-4,-12,62
-4,-12,61
-3,-12,61
-4,-12,61
-4,-12,61
-3,-12,62
-3,-12,61
-4,-12,61
-4,-12,62
-4,-12,62
-4,-12,61
-4,-12,61
-4,-12,61
-3,-12,62
-3,-12,62
-4,-12,61
-3,-12,62
-4,-12,61
-4,-12,61
-4,-12,62
-4,-12,61
-3,-12,61
-3,-12,61
-3,-12,61
-4,-12,61
-3,-12,61
-3,-13,61
-4,-12,61
-4,-12,62
-3,-12,62
-3,-12,61
-4,-12,61
-3,-12,62
-2,-12,62
-4,-12,61
-4,-12,61
-2,-12,62
-3,-12,61
-3,-12,62
-3,-12,61
-3,-12,61
-3,-12,61
-3,-12,61
-3,-12,62
-3,-12,61
-3,-12,61
-3,-12,61
-3,-12,61
-3,-12,62
-3,-12,62
-4,-12,61
-3,-12,61
-3,-12,61
-3,-12,62
-3,-12,61
-3,-12,62
-2,-12,62
-3,-12,62
-4,-12,61
-3,-12,61
-3,-13,61
-3,-12,61
-3,-12,62
-3,-12,62
-3,-12,61
-3,-12,61
-3,-12,61
-4,-12,61
-3,-12,61
-3,-12,62
-3,-12,62
-3,-12,61
-3,-12,61
-3,-12,61
-3,-12,62
-3,-12,62
-3,-12,61
-3,-12,61
-4,-12,61
-4,-12,61
-3,-12,62
-2,-12,62
-2,-12,62
-2,-12,62
-3,-12,61
-4,-12,60
-3,-12,61
-3,-13,61
-4,-12,61
-3,-12,62
-2,-12,62
-3,-12,61
-3,-12,61
-3,-12,61
-3,-12,62
-4,-12,61
-4,-12,61
-3,-12,62
-3,-12,61
-3,-12,61
-3,-12,62
-3,-12,62
-3,-12,61
-3,-12,62
-3,-12,62
-4,-11,62
-4,-12,61
-3,-12,61
-3,-12,61
-3,-12,62
-3,-12,62
-3,-12,61
-3,-12,61
-4,-12,61
-3,-12,62
-3,-12,62
-4,-12,61
-3,-12,61
-3,-12,61
-3,-12,61
-3,-12,61
-3,-12,61
-4,-12,61
-4,-12,62
-3,-12,62
-3,-13,61
-3,-12,62
-2,-12,61
-3,-12,61
-3,-12,61
-4,-12,61
-4,-12,61
-3,-12,62
-3,-12,62
-2,-12,61
-2,-12,62
-2,-12,61
-2,-12,62
-2,-12,62
-3,-12,62
-3,-12,61
-4,-12,61
-3,-12,62
-3,-12,61
-3,-12,61
-2,-12,61
-3,-12,61
-3,-12,62
-2,-12,62
-3,-12,61
-3,-12,60
-2,-12,61
-2,-12,62
-3,-12,62
-3,-12,62
-2,-12,61
-3,-12,61
-3,-12,62
-3,-12,61
-3,-12,61
-2,-12,62
-3,-12,61
-3,-12,61
-3,-12,61
-3,-12,62
-3,-12,62
-3,-12,61
-3,-12,61
-2,-12,61
-2,-12,61
-2,-12,62
-2,-12,62
-3,-12,60
-3,-12,61
-2,-12,62
-2,-12,62
-3,-12,62
-3,-12,62
-2,-12,61
-2,-12,61
-3,-12,61
-2,-12,62
-2,-12,62
-3,-12,61
-3,-12,61
-3,-12,61
-2,-12,61
-2,-12,62
-2,-12,62
-2,-12,61
-2,-12,61
-3,-12,61
-3,-12,61
-2,-12,61
-3,-12,61
-3,-12,62
-2,-12,62
-3,-12,62
-3,-12,61
-4,-12,61
-4,-12,61
-3,-12,62
-3,-12,62
-3,-12,62
-4,-12,61
-3,-12,61
-3,-12,62
-3,-12,61
-3,-12,62
-3,-12,62
-3,-12,61
-3,-12,61
-3,-12,61
-3,-12,61
-3,-12,62
-3,-12,61
-3,-12,61
-3,-12,61
-3,-12,62
-3,-12,61
-3,-12,61
-3,-12,61
-3,-12,61
-3,-12,62
-2,-12,62
-3,-12,62
-4,-12,61
-3,-12,61
-3,-12,61
-3,-12,62
-3,-12,61
-3,-12,61
-3,-12,61
-3,-12,62
-3,-12,62
-3,-12,61
-3,-12,61
-3,-12,61
-3,-12,61
-3,-12,61
-2,-12,62
-3,-12,62
-3,-12,61
-3,-12,61
-3,-12,61
-3,-12,62
-3,-12,62
-3,-12,61
-3,-12,61
-3,-12,61
-3,-12,61
-3,-12,62
-3,-12,61
-3,-12,61
-3,-12,61
-3,-12,62
-3,-12,62
-3,-12,61
-3,-12,61
-3,-12,62
-3,-12,62
-3,-12,61
-3,-12,61
-3,-12,61
-3,-12,62
-3,-12,62
-3,-12,61
-3,-12,61
-3,-12,61
-3,-12,61
-2,-12,62
-2,-12,62
-3,-12,61
-2,-12,62
-3,-12,62
-3,-12,62
-3,-12,62
-3,-12,61
-4,-12,61
-4,-12,61
-4,-12,62
-3,-12,62
-3,-12,62
-2,-12,61
-2,-12,60
-2,-12,61
-3,-12,62
-3,-11,62
-4,-12,62
-4,-13,61
-5,-13,60
-4,-13,61
-3,-12,62
-3,-12,62
-3,-12,61
-3,-12,60
-3,-12,61
-3,-12,61
-3,-12,62
-4,-12,62
-4,-12,61
-4,-12,60
-4,-12,61
-4,-12,62
-3,-11,63
-3,-12,62
-4,-12,60
-5,-12,60
-3,-13,62
-4,-13,62
-3,-13,62
-3,-12,62
-4,-12,62
-4,-12,61
-4,-11,60
-4,-11,60
-4,-11,61
-4,-12,62
-4,-12,62
-3,-12,62
-3,-12,61
-3,-12,60
-4,-12,61
-4,-12,62
-4,-12,62
-4,-12,62
-4,-12,61
-4,-12,60
-4,-12,60
-3,-12,62
-3,-12,62
-3,-12,62
-4,-12,61
-4,-12,61
-4,-12,61
-5,-12,61
-5,-12,61
-4,-12,62
-4,-12,61
-4,-12,61
-4,-12,61
-2,-12,62
-3,-12,61
-3,-12,61
-3,-12,61
-4,-12,61
-4,-12,61
-4,-12,61
-4,-12,61
-4,-12,61
-3,-12,62
-3,-12,62
-2,-12,62
-3,-12,61
-3,-12,62
-3,-12,62
-4,-12,61
-4,-12,61
-4,-12,61
-4,-12,61
-4,-12,62
-4,-12,61
-3,-12,61
-3,-12,61
-3,-12,61
-3,-12,62
-2,-12,62
-4,-12,61
-3,-12,61
-3,-12,61
-3,-12,61
-3,-12,62
-3,-12,62
-3,-12,62
-3,-12,62
-4,-13,61
-4,-12,61
-3,-12,62
-3,-12,62
-3,-12,61
-4,-12,61
-5,-12,60
-5,-12,61
-6,-12,61
-6,-12,61
-5,-13,62
-5,-12,62
-5,-12,61
-4,-12,61
-4,-12,61
-5,-13,62
-4,-13,62
-5,-12,61
-5,-12,62
-3,-12,62
-4,-12,61
-5,-12,61
-4,-12,61
-5,-13,61
-4,-13,61
-5,-12,61
-5,-11,61
-4,-13,61
-4,-13,61
-5,-12,62
-4,-12,62
-4,-12,61
-4,-12,61
-5,-12,61
-4,-12,62
-4,-12,62
-5,-12,61
-5,-12,61
-4,-12,61
-4,-12,62
-4,-12,62
-4,-12,62
-4,-12,61
-5,-12,61
-4,-12,62
-4,-12,62
-4,-12,61
-4,-12,61
-4,-12,61
-4,-12,62
-4,-12,62
-4,-11,62
-4,-12,61
-5,-12,61
-5,-12,62
-5,-12,62
-6,-12,61
-5,-12,61
-6,-12,60
-5,-12,61
-4,-12,62
-4,-12,62
-4,-12,61
-4,-12,61
-4,-12,61
-5,-12,62
-4,-12,62
-5,-12,61
-4,-12,61
-4,-12,61
-5,-12,61
-4,-12,61
-4,-12,62
-4,-12,62
-4,-13,62
-4,-12,61
-4,-12,62
-4,-12,61
-4,-12,61
-4,-12,62
-4,-12,61
-5,-12,61
-5,-12,62
-4,-12,62
-4,-12,61
-4,-12,61
-4,-12,62
-3,-11,62
-4,-12,62
-5,-12,61
-4,-12,61
-4,-12,62
-5,-12,61
-4,-12,61
-3,-12,61
-4,-12,61
-5,-12,61
-4,-12,62
-4,-12,62
-4,-12,61
-4,-12,61
-4,-12,61
-4,-12,61
-5,-12,61
-4,-12,61
-4,-12,62
-4,-12,61
-4,-12,61
-4,-12,61
-4,-12,61
-4,-12,62
-4,-12,62
-4,-12,61
-4,-12,61
-4,-12,61
-4,-12,62
-4,-12,62
-5,-12,61
-5,-12,61
-4,-12,61
-4,-12,61
-4,-12,61
-4,-12,62
-4,-12,62
-5,-12,61
-4,-12,61
-5,-12,60
-5,-12,61
-4,-12,62
-4,-12,62
-4,-12,62
-4,-12,61
-5,-12,60
-5,-12,61
-4,-12,61
-5,-12,61
-5,-12,62
-5,-12,62
-4,-12,62
-4,-12,61
-5,-12,61
-5,-12,61
-5,-12,61
-5,-12,62
-5,-12,62
-5,-12,61
-5,-12,61
-4,-12,61
-4,-12,61
-5,-12,62
-5,-12,62
-5,-12,62
-5,-12,61
-5,-12,61
-5,-12,61
-4,-12,62
-5,-12,62
-5,-12,61
-5,-12,61
-5,-12,61
-5,-12,62
-5,-12,62
-5,-12,62
-5,-12,61
-5,-12,61
-5,-12,61
-5,-12,61
-5,-12,61
-5,-12,61
-5,-12,61
-5,-12,61
-4,-11,62
-5,-12,62
-6,-12,61
-6,-12,61
-5,-12,61
-4,-12,62
-5,-12,62
-6,-12,61
-6,-12,61
-6,-12,61
-6,-12,61
-5,-12,62
-5,-12,62
-4,-12,61
-4,-12,62
-5,-12,61
-5,-12,61
-5,-12,61
-5,-12,61
-5,-12,61
-6,-12,61
-5,-12,62
-5,-12,62
-5,-12,62
-5,-12,61
-5,-12,61
-5,-12,61
-5,-12,62
-5,-12,61
-5,-12,61
-5,-12,61
-5,-12,61
-5,-12,62
-6,-12,61
-5,-12,61
-5,-12,61
-5,-12,61
-5,-12,61
-5,-12,61
-5,-12,61
-5,-12,61
-6,-12,61
-5,-12,62
-5,-12,62
-5,-12,62
-5,-12,61
-5,-12,60
-5,-12,61
-5,-12,61
-5,-12,61
-5,-12,62
-5,-12,62
-5,-12,61
-6,-12,61
-5,-12,62
-6,-12,61
-6,-12,62
-6,-12,61
-6,-12,61
-6,-12,61
-6,-12,61
-6,-12,61
-5,-12,62
-5,-12,62
-6,-12,62
-6,-12,61
-6,-12,60
-6,-12,61
-6,-12,62
-5,-12,61
-5,-12,61
-5,-11,61
-6,-12,62
-6,-12,62
-6,-12,62
-6,-12,62
-7,-12,60
-7,-12,60
-5,-12,62
-5,-11,62
-6,-12,62
-6,-11,62
-5,-12,61
-6,-12,60
-6,-12,61
-6,-12,62
-5,-12,62
-6,-12,62
-6,-12,60
-5,-12,60
-6,-12,61
-6,-12,62
-5,-12,62
-6,-12,61
-6,-12,61
-5,-12,61
-5,-12,61
-5,-12,61
-5,-12,61
-6,-12,61
-6,-12,61
-5,-11,62
-6,-12,61
-6,-12,61
-6,-12,61
-6,-12,62
-6,-12,62
-6,-12,61
-6,-12,61
-5,-12,61
-5,-12,61
-5,-12,61
-6,-12,61
-6,-12,62
-6,-12,61
-6,-12,61
-6,-12,61
-5,-12,61
-5,-12,61
-6,-12,61
-5,-12,62
-5,-12,62
-6,-12,61
-6,-12,61
-6,-12,61
-5,-12,61
-5,-12,61
-5,-12,61
-5,-12,61
-5,-12,61
-6,-12,61
-5,-12,62
-5,-12,61
-5,-12,62
-4,-12,61
-5,-12,61
-5,-12,61
-4,-12,61
-5,-12,61
-5,-12,61
-5,-12,62
-5,-12,61
-5,-12,61
-5,-12,61
-5,-12,61
-5,-12,61
-5,-12,61
-5,-12,61
-6,-12,61
-5,-12,61
-5,-12,62
-5,-12,62
-5,-12,61
-4,-12,61
-5,-12,61
-5,-12,61
-5,-12,62
-5,-12,61
-5,-12,61
-4,-12,61
-5,-12,61
-4,-12,62
-4,-12,61
-5,-12,61
-5,-12,60
-5,-12,61
-5,-12,61
-5,-12,61
-5,-12,61
-5,-12,62
-6,-12,62
-6,-12,62
-8,-12,61
-7,-12,60
-8,-12,61
-8,-12,60
-8,-12,61
-8,-12,62
-9,-10,63
-8,-11,64
-9,-12,63
-8,-12,62
-3,-12,61
-4,-13,58
-5,-13,58
-5,-13,59
-5,-12,61
-5,-11,63
-4,-12,63
-5,-13,60
-4,-19,59
-8,-4,59
-11,-4,63
0,-14,66
1,-16,65
-4,-11,62
-6,-12,61
-2,-15,57
-3,-13,56
-2,-12,62
0,-12,63
-3,-11,61
-3,-8,61
1,-15,62
0,-16,61
-6,-16,57
-3,-10,66
3,-11,64
-1,-9,59
-4,-10,59
0,-13,60
0,-15,59
-6,-16,60
-8,-13,62
-6,-11,65
-6,-11,65
-7,-12,64
-5,-11,64
-6,-11,61
-5,-10,60
-1,-10,62
1,-10,62
-2,-7,65
0,-11,67
-4,-16,60
-7,-16,57
-10,-15,54
-10,-15,56
-12,-14,57
-10,-12,63
-8,-11,65
-4,-11,64
-4,-12,63
-3,-13,61
-1,-13,61
-2,-13,61
-4,-12,60
-6,-12,62
-6,-12,62
-8,-12,62
-7,-12,62
-5,-13,62
-1,-13,63
-2,-12,62
-5,-11,60
-7,-11,59
-8,-12,58
-11,-14,58
-12,-14,59
-11,-13,62
-6,-12,64
-4,-12,63
-3,-12,62
-3,-12,61
-4,-12,61
-6,-12,61
-8,-12,61
-9,-12,61
-7,-12,62
-8,-12,61
-6,-12,61
-5,-12,61
-4,-12,62
-4,-12,62
-6,-12,61
-6,-12,61
-6,-12,61
-7,-12,61
-6,-13,61
-6,-12,61
-6,-12,61
-5,-12,62
-5,-12,61
-6,-12,61
-5,-12,61
-6,-12,61
-7,-12,61
-5,-12,61
-5,-12,61
-6,-12,61
-6,-12,61
-5,-12,62
-5,-12,62
-6,-12,61
-6,-12,60
-6,-12,60
-6,-12,61
-6,-12,62
-6,-12,62
-6,-12,61
-5,-12,61
-6,-12,60
-6,-12,61
-6,-12,62
-6,-12,61
-6,-12,61
-6,-12,61
-5,-12,61
-5,-12,61
-5,-12,62
-5,-12,61
-5,-11,61
-6,-11,60
-6,-11,60
-7,-11,60
-7,-12,62
-6,-13,64
-6,-12,64
-4,-12,63
-4,-12,62
-3,-12,60
-4,-13,59
-5,-13,60
-6,-12,61
-5,-11,63
-5,-11,63
-6,-10,61
-6,-11,61
-5,-11,61
-4,-11,61
-4,-11,62
-5,-12,61
-5,-12,61
-4,-12,62
-4,-12,62
-5,-11,61
-5,-11,61
-4,-11,61
-5,-11,61
-6,-11,61
-5,-11,61
-5,-11,62
-5,-12,62
-5,-11,62
-4,-11,62
-2,-12,62
-4,-12,60
-4,-12,61
-4,-12,61
-4,-12,62
-5,-11,62
-5,-10,63
-3,-10,61
-3,-10,60
-3,-12,59
-3,-12,59
-3,-12,63
-4,-11,63
-6,-12,63
-6,-12,62
-5,-12,61
-4,-12,61
-4,-11,61
-3,-11,62
-4,-11,61
-4,-11,61
-4,-11,62
-5,-11,61
-5,-11,62
-5,-11,62
-5,-11,61
-4,-11,62
-4,-11,61
-4,-11,60
-3,-12,62
-4,-11,62
-4,-11,62
-4,-11,62
-5,-11,61
-5,-12,61
-4,-12,61
-5,-11,61
-5,-11,62
-5,-11,61
-5,-12,61
-4,-12,61
-4,-11,62
-5,-11,62
-4,-11,62
-5,-12,61
-5,-11,61
-4,-11,61
-5,-11,61
-5,-11,62
-5,-12,62
-5,-11,61
-5,-11,61
-4,-11,62
-5,-11,61
-5,-12,61
-3,-12,62
-5,-11,61
-5,-11,62
-4,-12,61
-5,-12,61
-5,-11,61
-4,-11,62
-5,-11,61
-5,-12,62
-5,-12,61
-5,-11,61
-4,-12,62
-5,-12,61
-5,-12,61
-4,-11,62
-5,-11,61
-5,-11,62
-4,-11,62
-4,-11,61
-4,-12,61
-4,-12,61
-4,-11,62
-4,-11,62
-4,-12,61
-5,-12,61
-4,-11,61
-4,-11,62
-4,-11,62
-4,-11,62
-5,-11,61
-5,-11,61
-4,-11,62
-4,-12,62
-5,-11,61
-5,-12,62
-4,-11,62
-4,-11,61
-4,-11,62
-4,-11,61
-5,-11,61
-5,-11,61
-4,-11,62
-5,-11,61
-4,-11,61
-4,-12,61
-5,-11,61
-4,-11,62
-4,-11,62
-5,-11,61
-4,-12,61
-4,-11,61
-4,-11,61
-4,-11,62
-4,-11,61
-4,-11,61
-4,-11,61
-5,-11,61
-4,-11,62
-4,-11,61
-4,-11,62
-5,-12,61
-5,-11,61
-4,-11,62
-4,-11,62
-4,-11,61
-5,-11,61
-5,-11,62
-4,-11,62
-5,-11,62
-5,-11,61
-5,-11,61
-5,-11,61
-5,-11,62
-5,-11,61
-5,-11,62
-5,-11,62
-5,-11,62
-5,-11,62
-5,-11,62
-5,-11,62
-5,-11,61
-5,-11,62
-5,-11,61
-5,-11,62
-5,-11,61
-5,-11,61
-5,-11,62
-4,-11,62
-5,-11,61
-5,-11,61
-5,-11,61
-5,-11,62
-5,-11,62
-5,-12,61
-5,-11,62
-5,-11,61
-5,-11,62
-5,-11,62
-5,-11,61
-5,-11,62
-5,-11,62
-5,-11,62
-5,-11,61
-5,-11,61
-5,-11,61
-5,-11,61
-5,-11,62
-4,-11,62
-5,-11,62
-5,-11,62
-5,-11,61
-5,-11,62
-4,-11,62
-5,-11,61
-5,-11,61
-4,-11,62
-4,-11,62
-5,-11,61
-5,-11,61
-5,-11,61
-5,-11,61
-5,-11,62
-5,-11,62
-4,-11,62
-4,-11,62
-4,-11,61
-4,-11,61
-5,-11,62
-4,-11,62
-5,-11,61
-5,-11,61
-4,-11,62
-4,-11,61
-5,-11,62
-4,-11,62
-5,-11,61
-4,-11,62
-4,-11,62
-5,-11,61
-5,-11,62
-4,-11,62
-4,-11,61
-5,-11,62
-4,-11,62
-5,-11,62
-5,-11,62
-4,-11,62
-4,-11,62
-5,-11,61
-5,-11,61
-4,-11,62
-4,-11,62
-5,-11,61
-4,-12,61
-4,-11,61
-4,-11,62
-4,-11,61
-4,-11,62
-4,-11,62
-5,-11,61
-5,-11,62
-4,-11,62
-4,-11,62
-4,-11,61
-4,-11,62
-5,-11,61
-4,-11,62
-4,-11,62
-5,-11,61
-4,-12,61
-4,-11,61
-4,-11,62
-4,-11,62
-4,-11,61
-5,-11,61
-5,-11,61
-4,-11,61
-4,-11,62
-4,-11,62
-4,-12,62
-4,-11,62
-4,-11,62
-4,-11,62
-4,-11,61
-5,-11,61
-4,-11,61
-4,-11,62
-4,-11,61
-4,-11,62
-5,-11,62
-4,-11,61
-4,-11,62
-4,-11,61
-5,-11,61
-4,-11,62
-4,-11,62
-5,-11,61
-5,-12,61
-5,-11,61
-4,-11,62
-4,-11,61
-5,-11,61
-5,-11,62
-5,-11,61
-5,-11,62
-4,-11,62
-5,-11,61
-5,-11,61
-4,-11,62
-5,-11,61
-5,-11,62
-5,-11,61
-5,-11,61
-4,-11,61
-5,-11,61
-5,-11,62
-4,-11,62
-4,-11,62
-4,-11,61
-4,-11,61
-4,-11,60
-4,-10,62
-4,-11,62
-4,-11,62
-5,-12,62
-5,-12,62
-4,-11,62
-5,-11,61
-6,-10,61
-6,-10,61
-6,-10,61
-6,-11,61
-7,-12,63
-7,-12,63
-5,-13,63
-4,-13,63
-2,-12,61
0,-12,60
0,-13,59
-2,-13,59
-3,-11,62
-3,-11,64
-4,-10,63
-5,-10,62
-4,-11,60
-5,-11,60
-4,-11,61
-3,-11,62
-3,-11,62
-3,-12,62
-4,-11,61
-3,-11,60
-3,-12,61
-3,-11,62
-4,-11,62
-2,-11,62
-2,-12,62
-3,-13,62
-3,-12,61
-2,-11,61
-2,-11,62
-3,-11,61
-4,-11,60
-3,-10,62
-4,-10,62
-5,-11,62
-6,-11,62
-6,-12,63
-6,-12,62
-6,-12,62
-5,-12,62
-5,-12,61
-5,-12,61
-4,-12,61
-4,-11,62
-5,-11,62
-4,-11,62
-4,-12,61
-5,-12,61
-5,-12,61
-4,-11,62
-4,-11,62
-5,-11,60
-5,-12,59
-5,-12,60
-5,-12,62
-6,-13,62
-7,-13,61
-6,-12,61
-4,-12,62
-5,-11,59
-5,-11,59
-4,-11,60
-5,-11,61
-4,-12,63
-3,-12,63
-4,-12,63
-2,-11,62
-3,-11,61
-6,-11,60
-6,-11,62
-8,-11,63
-8,-11,63
-8,-12,62
-7,-12,62
-6,-12,61
-4,-12,62
-4,-11,61
-5,-11,61
-4,-11,62
-5,-11,61
-6,-11,61
-6,-11,62
-5,-12,61
-5,-12,61
-5,-11,62
-4,-12,61
-3,-12,61
-5,-11,60
-6,-11,61
-5,-11,62
-5,-12,62
-6,-12,61
-6,-12,61
-4,-12,62
-4,-12,62
-4,-12,62
-4,-12,61
-5,-12,61
-4,-12,61
-6,-12,61
-6,-12,62
-5,-11,61
-5,-12,61
-5,-12,61
-5,-12,61
-5,-12,62
-5,-12,61
-5,-12,61
-5,-12,62
-5,-12,62
-5,-12,62
-5,-12,61
-5,-12,61
-5,-12,61
-5,-12,61
-5,-12,61
-5,-11,62
-5,-12,62
-6,-12,62
-6,-11,61
-6,-11,61
-6,-11,61
-6,-11,61
-6,-12,61
-6,-12,62
-6,-12,61
-5,-14,62
-4,-14,62
-3,-13,63
-1,-12,63
-2,-12,59
-4,-12,58
-4,-11,59
-4,-10,62
-4,-10,63
-5,-10,63
-6,-10,62
-6,-11,60
-6,-11,60
-5,-12,62
-4,-12,63
-4,-12,61
-4,-12,61
-3,-12,61
-3,-11,61
-4,-11,62
-4,-11,62
-5,-11,62
-5,-11,62
-4,-12,62
-4,-12,61
-4,-12,61
-3,-12,62
-4,-12,61
-4,-12,61
-4,-12,61
-6,-12,61
-6,-12,61
-5,-11,62
-4,-11,62
-4,-12,61
-4,-12,61
-5,-12,61
-5,-11,61
-5,-12,61
-5,-12,61
-5,-12,61
-5,-11,62
-5,-12,62
-5,-12,62
-5,-12,61
-5,-11,61
-5,-11,61
-5,-12,61
-5,-11,62
-5,-11,62
-5,-11,62
-5,-11,61
-5,-11,61
-5,-11,61
-5,-12,62
-5,-12,62
-5,-12,62
-5,-11,61
-5,-12,61
-5,-11,61
-6,-11,62
-4,-11,62
-5,-12,61
-5,-11,61
-5,-12,61
-5,-11,61
-5,-12,62
-5,-12,61
-5,-11,61
-5,-11,62
-5,-11,62
-5,-11,61
-5,-11,61
-5,-11,62
-5,-12,61
-5,-11,61
-5,-12,62
-5,-11,61
-5,-12,61
-5,-11,61
-5,-13,63
-4,-18,61
-4,-10,58
-5,-9,59
-3,-6,60
-3,-7,63
-3,-10,67
-3,-10,67
-5,-14,61
-6,-14,59
-6,-13,58
-3,-12,61
-2,-11,62
-1,-10,63
0,-10,63
-1,-11,61
-2,-12,60
-3,-13,60
-4,-11,60
-3,-15,59
-3,-12,59
-2,-8,63
0,-9,63
-1,-10,62
-2,-10,63
-3,-10,63
-3,-10,63
-1,-10,63
-1,-11,63
-3,-11,61
-5,-11,61
-3,-11,62
-2,-11,63
-3,-11,62
-5,-11,62
-4,-12,63
-1,-11,63
-5,-10,61
0,-8,63
0,-10,64
-3,-15,61
-4,-12,61
-6,-14,63
-3,-16,64
-7,-15,60
-11,-15,59
-13,-14,60
-11,-16,62
-15,-16,63
-16,-17,63
-14,-18,62
-16,-18,61
-13,-18,60
-9,-16,62
-12,-22,60
-14,-24,59
-10,-23,62
-5,-25,65
-17,-29,53
-17,-28,48
-20,-34,39
-21,-38,34
-19,-38,34
-24,-38,35
-28,-36,37
-21,-37,43
-19,-38,45
-29,-35,44
-37,-33,44
-42,-35,45
-40,-35,47
-32,-34,47
-30,-36,46
-32,-37,39
-30,-38,37
-26,-39,37
-25,-38,38
-29,-36,38
-31,-37,39
-29,-37,43
-31,-36,43
-36,-36,41
-36,-35,41
-35,-35,42
-35,-35,42
-34,-34,43
-32,-34,44
-32,-36,44
-28,-36,45
-25,-36,45
-26,-38,42
-28,-38,40
-29,-38,39
-30,-37,39
-32,-36,41
-34,-36,40
-35,-36,38
-34,-37,37
-32,-36,39
-32,-36,40
-32,-36,43
-32,-35,43
-35,-35,43
-35,-34,45
-32,-33,44
-29,-34,42
-33,-33,39
-34,-35,42
-34,-34,44
-32,-34,48
-34,-34,48
-36,-34,46
-36,-34,44
-32,-34,41
-32,-33,40
-33,-33,41
-34,-34,43
-29,-36,42
-27,-35,41
-30,-32,41
-26,-32,41
-20,-32,43
-29,-32,52
-22,-28,67
-19,-28,63
-13,-28,56
-8,-30,57
-6,-34,55
-6,-35,50
-6,-34,48
-7,-34,50
-8,-34,51
-12,-33,48
-13,-33,48
-12,-32,50
-14,-32,50
-15,-34,54
-14,-34,57
-14,-30,56
-14,-29,54
-14,-29,53
-13,-31,51
-12,-31,49
-11,-29,51
-7,-27,50
-6,-27,51
-9,-27,59
-9,-27,62
-9,-25,61
-8,-24,63
-8,-24,64
-7,-24,66
-3,-26,64
-7,-23,53
-8,-22,48
-11,-26,47
-13,-27,48
-24,-24,48
-23,-21,52
-33,-20,57
-33,-20,61
-28,-23,58
-27,-20,56
-20,-16,55
-18,-14,53
-17,-12,54
-12,-15,60
-9,-15,65
-8,-16,65
-7,-11,64
-6,-10,57
-9,-10,60
-11,-12,62
-18,-15,59
-20,-13,59
-21,-12,58
-19,-10,59
-18,-10,62
-14,-8,65
-10,-8,68
-13,-11,67
-12,-12,65
-9,-12,57
-6,-13,54
-6,-14,58
-4,-13,61
-2,-13,58
0,-11,57
1,-11,63
-2,-10,63
-4,-10,63
-3,-8,63
-4,-9,63
-4,-10,64
-4,-12,65
-5,-12,63
-2,-10,60
-4,-6,63
-5,-5,61
-3,-4,62
-5,-4,63
-9,-5,63
-10,-5,62
-6,-6,64
-6,-6,62
-4,-5,61
-5,-4,60
-1,0,62
0,0,64
2,2,65
2,1,64
2,-2,60
2,-3,61
1,-6,64
-2,-4,64
-5,-3,63
-6,-2,61
-5,-2,64
-4,-5,63
-4,-4,62
-2,-6,60
-2,-6,61
1,-6,62
1,-5,63
-2,-6,64
-4,-5,63
-5,-4,62
-5,-2,62
-5,0,61
-3,0,63
-2,0,63
-1,-1,64
0,-3,62
1,-2,62
3,-2,60
1,-1,61
-2,0,64
-1,-2,64
-1,-4,63
-3,-4,63
-3,-3,62
-1,-3,62
0,-2,62
3,0,64
4,0,64
2,0,64
1,-2,63
3,-2,61
3,-1,61
3,-2,62
2,-2,62
5,-2,63
4,-2,63
1,-1,63
2,0,65
4,-1,66
6,-1,67
9,-3,66
7,-5,61
9,-10,58
12,-12,57
13,-9,58
17,-6,60
19,-9,58
17,-11,59
16,-11,63
14,-12,60
13,-13,58
15,-13,56
17,-14,55
19,-15,55
21,-13,57
26,-12,58
27,-13,58
27,-10,60
26,-11,59
25,-15,55
20,-16,53
17,-19,48
17,-19,49
22,-17,52
22,-17,53
24,-15,58
23,-14,58
20,-13,61
17,-13,63
12,-15,59
11,-15,56
14,-13,55
18,-11,52
22,-9,51
28,-6,50
32,-4,49
35,-2,48
37,-2,47
43,1,49
46,1,49
42,2,49
37,4,48
44,4,47
47,6,48
46,10,46
45,9,45
39,10,46
39,10,47
43,11,47
42,12,48
40,15,52
38,15,52
36,15,48
38,15,47
38,17,50
34,18,50
36,18,50
33,17,50
31,17,53
24,18,51
22,18,51
16,22,53
15,23,55
14,23,60
15,24,60
16,26,54
15,27,54
17,28,58
14,28,58
9,27,55
8,27,57
3,28,58
2,28,57
2,28,57
1,28,56
1,29,57
2,29,57
-2,29,56
-6,29,56
-5,30,58
-6,29,58
-8,28,56
-10,27,52
-12,27,52
-9,28,56
-8,28,57
-11,29,54
-12,29,54
-11,29,56
-10,29,56
-12,29,55
-12,29,54
-12,29,55
-13,29,55
-16,29,54
-14,29,55
-13,29,55
-14,29,54
-12,29,55
-12,29,55
-15,29,54
-14,29,56
-13,29,55
-13,28,53
-13,28,54
-13,29,55
-13,29,55
-15,28,54
-15,28,55
-18,29,54
-17,29,54
-14,30,54
-12,32,55
-16,29,53
-17,27,52
-17,30,54
-16,32,55
-17,31,53
-18,29,53
-14,31,55
-11,32,56
-15,28,52
-19,29,51
-19,30,52
-15,31,55
-14,29,55
-19,29,49
-18,31,50
-19,27,50
-17,30,53
-18,31,54
-16,32,54
-20,35,52
-20,34,52
-15,35,53
-17,36,51
-18,33,51
-18,35,51
-19,32,48
-16,33,50
-17,34,48
-15,34,51
-14,33,52
-12,36,54
-10,35,54
-9,34,52
-10,35,53
-15,33,51
-16,34,49
-13,35,51
-14,34,52
-15,33,51
-15,34,51
-14,35,52
-14,34,52
-15,35,52
-13,35,51
-12,34,50
-13,35,50
-15,37,51
-16,36,52
-16,37,51
-18,34,50
-15,35,51
-12,37,51
-15,33,49
-15,34,51
-13,37,51
-16,34,49
-15,34,50
-14,36,51
-15,37,51
-15,33,50
-14,35,50
-13,36,51
-13,36,51
-13,33,50
-11,35,52
-14,37,52
-15,36,51
-13,36,51
-12,36,52
-15,35,50
-14,35,49
-13,36,50
-14,35,50
-14,36,51
-14,36,50
-15,37,51
-16,37,50
-14,37,50
-11,36,50
-14,36,50
-16,37,49
-18,37,49
-17,37,49
-16,37,49
-15,36,49
-14,36,50
-14,36,50
-15,36,49
-14,37,51
-15,38,50
-16,38,49
-15,37,50
-16,37,50
