1478932402.000000, 1478932402.000000, 1478932402.000000
32.000000, 32.000000, 32.000000
-20,11,55
-22,15,57
-23,16,58
-22,16,60
-22,15,61
-23,10,62
-23,5,59
-23,3,57
-23,5,53
-24,6,52
-24,9,53
-24,11,54
-21,14,56
-20,15,57
-22,17,59
-22,17,60
-22,16,60
-22,13,59
-21,12,58
-23,9,56
-24,8,55
-25,8,54
-24,9,54
-24,11,56
-23,12,56
-23,14,57
-22,15,58
-21,14,58
-20,15,58
-20,14,58
-21,14,58
-21,14,58
-23,14,57
-23,13,56
-24,11,56
-25,11,55
-25,10,56
-26,10,56
-25,10,57
-24,10,57
-24,9,57
-24,9,57
-23,9,57
-22,11,57
-22,11,57
-22,11,56
-21,11,57
-21,11,57
-23,10,58
-23,10,57
-24,8,57
-24,7,58
-24,6,58
-24,6,58
-22,6,57
-21,7,57
-21,7,57
-20,8,57
-19,9,58
-18,10,59
-17,10,59
-17,9,59
-17,8,58
-19,7,58
-20,9,58
-20,11,58
-20,13,59
-20,13,59
-20,11,59
-21,10,59
-19,7,59
-17,7,60
-16,7,61
-16,8,60
-18,10,59
-17,11,59
-16,10,59
-18,9,58
-20,8,58
-21,7,59
-21,7,59
-19,8,62
-19,9,61
-18,7,59
-18,6,59
-18,3,56
-21,4,55
-22,6,55
-21,9,55
-20,11,56
-21,14,58
-22,15,59
-22,13,61
-24,11,61
-23,6,62
-22,2,59
-21,1,58
-20,2,55
-21,4,56
-22,8,57
-21,10,58
-22,11,59
-23,11,59
-24,10,57
-24,10,58
-22,7,59
-20,5,58
-20,4,57
-20,4,56
-20,5,56
-23,8,58
-24,9,59
-24,9,59
-23,8,59
-21,5,57
-21,5,56
-22,6,57
-22,8,59
-21,8,60
-20,8,60
-20,7,58
-22,7,57
-23,7,57
-23,7,58
-22,7,59
-22,6,59
-21,7,58
-21,7,58
-21,7,58
-21,7,58
-22,7,59
-22,7,59
-22,7,58
-22,6,58
-21,7,58
-20,8,58
-21,8,58
-22,7,58
-22,6,58
-22,6,58
-23,6,58
-22,7,58
-22,7,58
-21,8,58
-21,8,58
-21,7,58
-21,7,58
-22,7,58
-22,7,58
-22,7,58
-22,7,58
-22,7,58
-22,6,58
-21,6,58
-21,8,57
-21,10,57
-21,11,57
-21,11,57
-22,11,58
-22,9,59
-22,8,60
-21,5,60
-21,5,59
-19,6,58
-20,10,56
-21,11,56
-22,14,57
-22,14,57
-22,14,58
-22,13,58
-23,11,58
-23,10,58
-22,9,58
-21,9,59
-19,9,59
-19,10,57
-20,11,56
-25,13,55
-26,11,54
-23,13,55
-22,15,57
-23,16,60
-23,16,60
-19,13,61
-17,8,59
-17,7,58
-20,11,56
-21,13,55
-23,15,56
-23,16,56
-22,16,57
-22,15,58
-22,11,59
-23,9,57
-23,6,56
-21,7,57
-20,8,57
-21,11,57
-20,13,58
-19,15,58
-19,15,58
-21,14,58
-22,12,57
-21,10,58
-20,9,58
-21,9,58
-22,10,57
-22,11,57
-21,12,58
-20,12,58
-21,12,58
-21,11,57
-21,11,58
-20,11,58
-21,11,58
-21,11,57
-21,11,58
-21,11,57
-20,11,57
-21,11,58
-21,11,58
-20,11,58
-20,11,58
-21,11,58
-21,11,57
-21,11,58
-21,11,58
-21,11,57
-21,11,58
-21,11,58
-21,11,58
-21,11,58
-20,11,58
-20,11,57
-20,11,58
-20,11,58
-21,11,58
-21,10,58
-21,10,58
-21,11,58
-21,11,58
-20,11,58
-21,11,58
-20,11,58
-20,11,58
-20,11,58
-20,11,58
-21,11,58
-21,11,58
-21,11,58
-21,11,58
-21,11,58
-20,11,58
-20,11,58
-21,11,58
-20,11,58
-20,11,58
-21,10,58
-21,10,58
-21,10,58
-21,10,58
-21,11,58
-21,11,58
-21,10,58
-21,11,58
-21,11,58
-20,11,58
-21,11,58
-21,10,58
-21,10,58
-21,11,58
-20,11,58
-20,12,58
-21,11,57
-21,11,57
-22,9,58
-22,9,58
-22,7,58
-21,7,58
-20,8,58
-20,9,57
-19,12,58
-20,13,58
-20,14,58
-20,14,58
-20,13,58
-21,12,58
-20,11,58
-20,10,58
-20,10,58
-21,10,58
-22,9,58
-22,7,58
-20,7,59
-19,7,58
-20,9,57
-21,11,57
-21,13,58
-20,13,58
-20,13,58
-21,12,57
-21,10,57
-20,10,58
-20,10,59
-20,10,58
-21,10,58
-21,10,58
-21,9,58
-21,9,58
-21,10,58
-21,11,58
-21,11,58
-21,11,58
-21,10,58
-21,10,58
-21,10,58
-21,10,58
-21,10,58
-21,10,58
-21,10,58
-20,11,58
-20,10,58
-21,10,58
-21,10,58
-21,11,58
-21,11,58
-21,10,58
-20,10,58
-21,10,58
-21,10,58
-21,11,58
-21,11,58
-20,10,58
-21,10,58
-21,10,58
-21,10,58
-21,10,58
-21,10,58
-21,10,58
-20,10,58
-20,11,58
-21,11,58
-20,10,58
-21,10,58
-21,11,58
-21,11,58
-21,11,58
-21,10,58
-21,10,58
-21,10,58
-21,11,58
-20,11,58
-20,10,58
-20,10,58
-20,10,58
-20,10,58
-21,10,58
-21,11,58
-21,11,58
-20,11,58
-20,11,58
-20,11,58
-20,11,58
-20,11,58
-21,11,58
-21,11,58
-21,11,58
-21,11,58
-21,11,58
-21,11,58
-21,11,58
-21,11,58
-21,11,57
-21,12,57
-20,12,57
-20,12,57
-20,12,57
-20,12,58
-21,12,59
-20,11,58
-20,11,58
-21,11,57
-21,11,57
-20,11,58
-20,12,58
-20,11,58
-20,11,58
-20,12,58
-20,11,58
-20,11,58
-21,11,58
-21,12,57
-20,12,58
-20,12,58
-20,12,58
-21,12,58
-21,11,58
-21,11,58
-21,11,58
-20,12,58
-20,12,58
-21,12,58
-20,12,58
-19,12,57
-20,12,57
-20,12,57
-20,12,58
-20,12,59
-19,12,58
-21,12,57
-21,12,58
-21,12,58
-19,13,58
-19,12,57
-20,12,57
-22,11,58
-21,11,59
-19,12,58
-19,11,57
-21,12,57
-22,11,57
-20,12,59
-19,12,58
-20,12,57
-21,12,57
-21,12,57
-22,8,56
-20,9,57
-20,13,56
-21,13,57
-21,16,60
-19,16,61
-16,15,61
-18,13,58
-20,12,57
-22,10,56
-21,10,56
-22,12,58
-23,11,58
-22,12,58
-19,13,59
-17,11,59
-18,10,58
-17,11,58
-19,10,58
-20,10,58
-22,12,59
-24,11,59
-22,11,59
-21,12,59
-18,10,59
-22,7,56
-23,5,55
-23,1,55
-23,2,55
-23,6,59
-22,8,60
-20,10,60
-18,9,60
-17,5,57
-19,5,58
-22,6,58
-22,4,57
-23,3,55
-25,5,58
-25,6,59
-22,7,59
-21,8,59
-21,6,58
-22,6,56
-22,7,57
-23,7,57
-25,7,57
-25,7,57
-25,7,57
-25,8,59
-23,8,58
-22,8,57
-23,8,56
-25,7,55
-24,10,59
-24,10,58
-24,10,58
-24,9,58
-24,9,57
-24,9,57
-23,9,57
-23,9,57
-24,8,57
-24,8,57
-25,9,57
-24,8,56
-24,8,56
-25,9,57
-24,9,56
-24,9,57
-25,9,57
-24,9,57
-24,9,57
-23,9,57
-23,10,57
-23,10,57
-24,10,57
-24,10,57
-23,10,57
-24,10,57
-24,10,57
-23,10,57
-23,10,57
-23,10,57
-23,11,57
-24,11,57
-23,11,57
-23,11,57
-23,10,57
-24,11,57
-23,10,57
-23,11,57
-23,10,57
-24,11,57
-24,11,57
-23,11,56
-24,11,57
-24,11,57
-24,11,57
-24,11,57
-23,10,58
-23,9,57
-24,9,56
-24,10,57
-24,11,57
-24,11,56
-24,11,56
-24,11,56
-24,10,56
-24,10,57
-23,10,57
-23,9,57
-23,10,58
-23,10,57
-23,9,57
-23,10,57
-23,10,56
-23,11,57
-23,11,57
-23,11,57
-22,11,58
-22,11,57
-22,12,58
-22,12,57
-22,11,57
-23,11,57
-22,11,57
-22,11,58
-22,11,57
-23,11,57
-23,11,58
-22,10,57
-22,9,57
-24,11,56
-23,13,57
-22,13,57
-22,11,58
-22,11,58
-22,9,57
-23,8,58
-23,10,58
-22,11,58
-23,10,57
-23,10,56
-22,10,57
-22,10,58
-22,10,58
-22,9,57
-22,10,57
-23,11,58
-23,11,58
-22,11,58
-22,10,57
-23,9,57
-22,10,57
-22,10,57
-22,11,58
-22,11,58
-22,11,57
-22,11,58
-23,10,57
-23,10,58
-22,11,58
-22,11,57
-22,10,56
-22,10,57
-22,10,57
-22,10,58
-22,10,57
-23,10,58
-22,10,57
-23,10,58
-23,10,58
-22,10,58
-22,9,57
-22,9,57
-22,9,57
-22,9,57
-22,8,56
-23,8,56
-22,10,57
-22,10,58
-22,11,58
-22,11,58
-22,11,57
-22,11,57
-22,10,57
-22,12,58
-21,12,58
-19,9,57
-20,10,57
-24,13,57
-23,14,58
-22,15,60
-21,13,58
-22,12,57
-22,10,56
-22,10,56
-21,12,58
-20,12,58
-20,13,58
-20,13,58
-21,11,57
-22,11,58
-21,11,58
-21,11,58
-22,11,58
-21,12,57
-21,11,57
-21,12,57
-21,12,57
-21,12,57
-21,11,57
-21,11,58
-21,12,58
-21,11,58
-21,12,58
-21,11,57
-21,12,58
-21,12,58
-21,12,57
-20,12,57
-21,12,58
-21,12,57
-21,12,57
-21,12,58
-21,12,58
-21,12,57
-21,12,57
-21,12,58
-21,12,57
-21,12,58
-21,12,57
-21,13,57
-21,12,57
-20,12,57
-21,12,58
-21,12,58
-21,12,57
-21,12,58
-21,12,57
-21,12,57
-21,12,57
-21,12,57
-21,12,58
-21,12,58
-21,12,57
-21,12,58
-21,12,58
-21,12,57
-20,12,57
-21,12,57
-21,12,58
-20,12,57
-21,13,57
-21,13,57
-21,12,57
-21,12,57
-21,12,57
-21,12,57
-21,12,57
-21,12,57
-21,12,57
-21,12,58
-21,12,57
-21,12,57
-21,12,57
-21,12,57
-21,12,58
-21,12,58
-21,12,58
-21,12,58
-21,12,57
-21,12,57
-21,12,58
-21,13,58
-21,13,57
-21,13,57
-21,12,57
-21,12,57
-21,12,58
-20,12,58
-21,12,57
-21,12,56
-21,12,57
-21,13,58
-21,13,58
-21,13,58
-20,13,58
-21,13,57
-21,13,57
-21,13,58
-21,13,58
-21,13,58
-21,13,58
-20,14,58
-21,13,58
-21,13,57
-21,13,57
-20,13,56
-20,12,57
-21,12,56
-21,11,57
-21,13,58
-21,13,57
-22,14,58
-21,15,58
-21,13,57
-20,13,57
-20,13,57
-21,14,57
-21,15,57
-20,15,58
-20,14,58
-21,13,58
-21,13,58
-20,13,58
-20,13,57
-21,13,56
-21,13,56
-20,15,57
-22,13,54
-21,14,54
-20,15,59
-23,16,59
-20,15,60
-16,12,61
-16,10,57
-20,13,55
-21,17,54
-19,17,55
-18,15,58
-20,15,58
-20,15,58
-17,16,56
-18,16,53
-20,17,53
-20,17,56
-18,17,60
-20,17,60
-18,16,61
-17,19,54
-18,21,53
-21,22,54
-20,22,55
-19,21,57
-18,20,57
-19,20,53
-19,21,53
-20,24,54
-18,25,54
-15,25,56
-14,24,58
-12,22,60
-13,21,58
-13,22,57
-16,24,54
-14,25,55
-15,27,54
-15,28,55
-13,27,54
-16,25,54
-17,24,55
-15,24,57
-15,25,57
-11,28,57
-8,27,56
-15,27,56
-16,26,54
-16,24,54
-17,24,55
-17,24,56
-18,23,55
-18,23,54
-18,22,54
-19,22,54
-17,21,56
-17,22,56
-18,23,56
-18,22,55
-18,21,57
-21,20,57
-23,19,56
-18,18,56
-17,16,54
-22,23,58
-23,23,55
-25,16,52
-23,16,57
-24,12,55
-21,10,56
-20,12,58
-22,14,57
-25,15,58
-26,12,55
-28,12,54
-30,11,55
-30,10,55
-31,9,54
-35,9,52
-34,14,52
-26,9,44
-38,-9,46
-39,-10,62
-16,-10,67
-49,-5,53
-103,12,61
-29,15,52
-38,-2,32
-27,-3,41
-34,5,55
-35,4,55
-32,-2,48
-33,-7,46
-34,-7,52
-35,-7,55
-38,-8,50
-39,-7,49
-34,-9,49
-36,-9,47
-38,-6,47
-38,-7,48
-36,-6,50
-37,-5,51
-38,-5,51
-40,-7,50
-40,-7,49
-37,-5,48
-35,-5,48
-35,-3,48
-38,1,45
-37,-1,45
-36,0,48
-37,-1,51
-38,0,54
-36,1,55
-32,4,53
-31,6,52
-28,10,52
-30,10,52
-31,12,51
-31,15,54
-29,16,55
-23,20,55
-22,21,56
-25,23,61
-26,20,60
-27,10,54
-25,9,53
-25,10,53
-26,19,53
-25,22,54
-20,22,57
-18,21,56
-18,25,54
-18,27,53
-20,29,53
-18,29,52
-13,29,52
-13,31,55
-14,30,55
-13,29,54
-15,29,53
-14,29,53
-13,29,52
-12,29,52
-12,28,51
-13,32,53
-13,35,51
-10,35,50
-11,37,51
-10,38,52
-9,39,51
-9,40,51
-10,41,47
-11,41,46
-11,41,47
-11,40,47
-9,42,49
-9,40,48
-7,38,49
-5,35,51
-4,33,50
-5,32,49
-5,34,48
-9,39,48
-9,41,48
-6,42,48
-5,43,48
-6,44,46
-7,43,45
-8,42,45
-7,40,46
-7,40,46
-7,42,45
-7,43,45
-4,42,46
-4,43,47
-5,44,46
-6,44,46
-5,44,45
-7,42,44
-6,43,45
-5,41,42
-3,39,41
-1,45,44
0,48,45
0,47,42
-1,48,43
-3,49,44
-6,48,42
-5,50,42
-2,47,41
0,47,43
-1,45,45
-3,44,45
-6,42,44
-7,43,43
-8,41,43
-8,44,45
-6,46,47
-4,45,46
-5,45,45
-4,44,45
-5,44,46
-6,43,47
-7,42,49
-9,41,52
-10,37,52
-12,36,51
-16,33,53
-18,31,52
-14,29,56
-10,28,58
-4,22,54
-6,20,52
-7,18,55
-5,17,55
-11,17,58
-14,17,59
-14,16,56
-17,17,56
-18,17,57
-15,18,58
-15,18,58
-15,16,57
-15,16,57
-16,16,59
-16,16,58
-15,17,58
-14,17,57
-14,18,58
-13,17,59
-14,17,59
-14,17,59
-13,18,59
-12,19,57
-11,20,57
-11,19,57
-11,16,58
-11,16,59
-11,15,59
-11,16,59
-9,18,59
-8,19,59
-7,21,59
-6,21,58
-7,20,58
-7,19,58
-7,19,59
-8,19,59
-8,19,60
-8,20,59
-8,20,59
-7,20,59
-6,20,58
-6,19,58
-6,20,58
-7,21,59
-8,21,58
-8,20,58
-7,20,59
-6,20,59
-6,19,58
-6,20,58
-7,20,58
-7,20,58
-7,21,59
-7,21,58
-7,21,58
-7,20,58
-6,20,58
-6,20,59
-6,21,58
-7,21,58
-7,21,58
-6,22,58
-6,21,58
-6,21,58
-6,21,59
-6,21,58
-6,21,58
-6,22,57
-5,25,55
-5,26,55
-8,24,54
-6,24,59
-5,21,61
-3,21,60
-3,22,60
-4,25,58
-5,26,57
-6,25,57
-6,26,57
-5,26,57
-5,25,57
-6,24,58
-6,24,53
-5,24,53
-4,24,56
-4,24,57
-5,24,59
-6,24,59
-7,25,59
-7,24,58
-7,23,60
-7,23,60
-6,24,57
-6,25,55
-5,25,56
-8,24,57
-9,23,58
-10,21,59
-9,21,60
-7,19,59
-6,19,59
-6,19,57
-8,19,56
-9,18,56
-13,18,58
-14,17,60
-14,16,58
-13,17,59
-10,19,59
-9,20,59
-10,19,57
-8,19,59
-9,18,59
-14,17,57
-15,18,58
-15,19,58
-15,19,58
-13,18,58
-11,18,58
-10,17,59
-10,18,59
-11,18,58
-12,18,58
-12,18,58
-11,19,57
-11,19,57
-11,18,59
-11,19,60
-11,20,59
-10,21,58
-10,20,59
-11,19,58
-12,18,58
-13,18,58
-12,19,58
-10,20,58
-10,20,58
-10,19,58
-11,18,59
-11,18,58
-11,18,57
-11,18,58
-11,20,58
-11,19,59
-12,18,59
-12,18,58
-11,18,58
-11,19,58
-11,19,58
-11,19,59
-10,20,58
-12,18,58
-13,18,58
-13,19,58
-12,20,58
-11,20,58
-9,19,59
-6,20,64
-2,24,71
-3,29,80
-10,31,77
-15,13,65
-7,-1,72
-2,3,76
-12,-10,68
-2,-4,73
-4,-6,63
-11,-10,56
3,-9,57
4,-9,54
3,-10,48
-4,-10,44
-4,-11,43
3,-12,47
2,-12,49
5,-13,51
6,-12,50
1,-11,43
0,-13,43
-4,-21,47
2,-24,55
6,-25,71
5,-17,78
6,-14,77
-4,-11,71
-8,-12,69
-5,-10,65
-5,-8,64
-2,-8,65
-4,-6,64
-6,-4,59
3,-5,64
3,-5,63
-2,-7,59
1,-8,62
1,-8,64
-1,-8,63
0,-7,64
-1,-6,64
-1,-6,63
-2,-6,61
-2,-6,63
1,-6,63
1,-6,63
-1,-7,63
1,-7,64
2,-7,63
0,-6,61
0,-5,64
0,-5,63
-1,-5,65
3,-7,66
6,-7,63
-9,-8,52
-8,-9,55
2,-8,63
0,-7,62
-1,-6,63
0,-4,65
-3,-4,65
-3,-5,64
-3,-6,63
-2,-8,62
-3,-9,61
-5,-9,61
-3,-7,61
0,-4,61
-1,-2,61
-2,-3,63
-2,-5,63
-3,-8,63
-2,-9,62
-3,-8,62
-5,-6,62
-5,-5,62
-4,-5,62
-3,-5,62
-4,-5,62
-3,-5,63
-4,-5,63
-6,-5,61
-5,-5,62
-4,-6,62
-4,-7,63
-6,-7,62
-5,-6,63
-6,-6,63
-5,-6,62
-5,-6,61
-5,-6,61
-6,-7,61
-6,-6,62
-6,-5,62
-5,-5,63
-4,-5,63
-7,-6,62
-8,-6,61
-9,-5,61
-10,-5,60
-2,-5,64
4,-5,65
4,-6,64
0,-6,62
-3,-6,61
-4,-6,60
-2,-6,62
-1,-5,63
-1,-5,63
-2,-6,63
-2,-6,63
-1,-6,63
-1,-6,63
-1,-6,62
-3,-6,61
-2,-6,61
-1,-6,62
-1,-6,62
-2,-6,62
-2,-6,62
-4,-6,62
-2,-6,63
-1,-6,64
0,-6,65
-1,-6,63
-1,-6,61
-2,-6,61
-2,-6,61
-2,-6,61
-4,-6,61
-4,-6,62
-5,-6,62
-5,-6,62
-4,-6,62
-3,-7,62
-4,-7,61
-3,-7,63
-2,-6,63
0,-6,64
0,-6,64
-1,-6,63
-1,-6,61
-2,-6,61
-2,-6,61
-3,-6,62
-4,-5,62
-5,-5,63
-5,-5,63
-4,-6,63
-3,-6,62
-4,-6,61
-4,-7,62
-2,-6,63
-2,-6,64
-1,-6,64
-1,-7,63
-1,-7,62
-1,-7,62
-4,-6,61
-4,-5,61
-5,-4,62
-5,-4,63
-6,-5,62
-6,-6,62
-6,-7,62
-4,-8,62
-4,-9,62
-2,-8,62
-2,-7,62
-2,-7,63
-3,-6,61
-4,-6,61
-4,-6,62
-4,-5,62
-4,-4,63
-4,-4,64
-4,-4,63
-4,-5,62
-4,-6,61
-4,-5,61
-5,-5,61
-5,-6,61
-3,-6,63
-3,-7,65
-1,-7,65
-2,-6,63
-2,-6,63
-1,-6,62
-2,-6,62
-3,-5,62
-4,-4,62
-4,-4,63
-4,-5,63
-3,-5,62
-4,-7,61
-4,-7,61
-4,-6,62
-4,-5,63
-4,-5,64
-3,-6,63
-3,-6,62
-5,-7,62
-5,-6,62
-4,-5,62
-4,-5,62
-5,-6,63
-5,-5,62
-4,-6,63
-3,-6,63
-4,-6,61
-5,-6,62
-4,-6,62
-4,-6,62
-4,-6,62
-4,-6,63
-4,-6,62
-5,-6,62
-4,-6,62
-4,-6,62
-4,-6,62
-4,-6,62
-4,-5,62
-5,-5,62
-5,-4,63
-5,-4,63
-4,-5,63
-4,-5,63
-3,-5,62
-4,-6,61
-5,-6,61
-4,-5,62
-4,-4,62
-5,-5,62
-5,-5,62
-5,-6,63
-5,-6,62
-4,-6,62
-4,-6,62
-3,-6,62
-4,-6,62
-4,-6,62
-5,-5,62
-5,-5,62
-5,-6,62
-5,-6,62
-5,-5,62
-6,-6,62
-5,-6,62
-4,-6,62
-5,-6,62
-5,-5,62
-5,-6,62
-6,-6,62
-6,-5,62
-6,-5,62
-5,-5,62
-5,-5,62
-5,-5,62
-5,-5,62
-5,-5,62
-5,-6,62
-6,-5,62
-6,-6,62
-5,-5,62
-5,-5,63
-5,-5,62
-6,-5,62
-6,-5,62
-5,-5,62
-5,-5,62
-6,-5,62
-5,-5,63
-5,-5,62
-6,-6,62
-6,-6,62
-5,-5,62
-5,-5,62
-5,-5,63
-5,-5,62
-5,-5,62
-5,-5,62
-5,-5,62
-6,-5,62
-5,-5,63
-5,-5,63
-5,-5,62
-5,-5,62
-5,-5,62
-5,-5,62
-6,-6,62
-5,-5,62
-5,-5,62
-5,-6,62
-5,-5,62
-5,-5,62
-5,-5,62
-5,-5,62
-6,-5,62
-6,-5,62
-5,-5,63
-5,-5,63
-6,-5,62
-5,-5,61
-5,-5,62
-5,-5,62
-5,-5,63
-6,-5,62
-6,-5,62
-5,-5,62
-5,-5,62
-5,-5,62
-6,-5,62
-6,-5,62
-5,-6,62
-5,-5,62
-5,-5,62
-5,-4,63
-5,-5,63
-5,-5,63
-5,-5,62
-5,-5,62
-5,-5,61
-5,-5,62
-5,-6,62
-5,-5,62
-5,-5,62
-5,-5,62
-5,-5,62
-4,-6,62
-4,-6,62
-5,-5,62
-5,-5,62
-5,-5,62
-5,-5,62
-6,-5,62
-6,-5,62
-5,-6,62
-4,-5,62
-5,-5,62
-5,-5,62
-5,-6,62
-5,-6,62
-5,-5,63
-5,-5,63
-4,-4,63
-5,-5,62
-5,-5,62
-5,-5,62
-5,-5,62
-5,-5,62
-5,-5,63
-6,-5,63
-5,-5,62
-5,-5,62
-5,-5,62
-5,-5,62
-5,-5,62
-5,-5,62
-5,-5,62
-6,-5,62
-5,-5,63
-5,-5,62
-5,-5,62
-6,-5,62
-6,-5,62
-5,-4,62
-5,-5,62
-5,-5,62
-5,-5,62
-5,-5,62
-5,-5,62
-5,-5,62
-5,-5,62
-5,-5,62
-6,-5,62
-5,-5,62
-5,-5,63
-5,-5,62
-5,-5,62
-5,-5,62
-5,-5,62
-5,-5,63
-5,-5,63
-5,-5,63
-5,-5,62
-6,-5,62
-5,-5,62
-5,-5,62
-5,-5,62
-5,-5,62
-5,-5,62
-5,-5,62
-5,-5,63
-5,-5,63
-5,-4,63
-5,-5,62
-5,-5,62
-5,-5,62
-5,-5,62
-5,-5,62
-5,-5,62
-6,-5,62
-5,-5,62
-5,-5,62
-5,-5,62
-5,-5,62
-5,-5,62
-5,-5,62
-5,-5,62
-5,-5,62
-5,-5,62
-5,-5,62
-5,-5,61
-5,-5,62
-5,-5,62
-5,-5,63
-5,-5,63
-5,-5,62
-5,-5,62
-5,-5,62
-5,-5,62
-5,-5,62
-5,-5,62
-5,-5,62
-5,-5,62
-5,-5,62
-5,-5,62
-5,-5,63
-5,-6,62
-5,-5,62
-5,-5,62
-5,-5,62
-5,-5,62
-5,-5,62
-5,-5,62
-5,-5,62
-5,-5,62
-5,-5,62
-5,-5,62
-5,-5,62
-5,-5,62
-5,-5,62
-5,-5,62
-5,-5,62
-5,-5,62
-5,-5,62
-5,-5,62
-5,-5,62
-5,-5,62
-6,-5,62
-5,-5,62
-6,-4,63
-5,-5,62
-5,-5,62
-6,-5,62
-7,-5,63
-6,-4,63
-5,-4,63
-6,-5,62
-7,-4,62
-7,-4,62
-7,-4,62
-6,-4,62
-5,-5,62
-5,-5,62
-5,-5,62
-5,-5,62
-5,-4,63
-5,-4,64
-5,-4,63
-5,-6,61
-4,-6,61
-4,-6,62
-5,-5,62
-6,-5,62
-5,-4,63
-5,-4,63
-15,-8,59
-11,-8,57
13,-1,72
5,-1,71
-12,-6,60
-14,-8,56
-6,-8,57
-1,-8,62
-2,-6,63
-6,-3,62
-7,-4,62
-4,-6,62
-4,-6,63
-6,-7,63
-5,-6,65
-4,-3,65
-5,-4,64
-4,-3,62
-5,-6,60
-4,-7,61
-5,-7,61
-6,-7,61
-5,-4,63
-5,-4,64
-4,-4,64
-4,-4,63
-6,-6,61
-5,-6,61
-5,-6,62
-5,-5,63
-4,-5,63
-4,-5,63
-5,-4,63
-5,-4,62
-5,-5,62
-5,-6,62
-5,-5,62
-5,-4,63
-6,-4,63
-5,-4,63
-4,-5,62
-5,-5,62
-6,-5,61
-6,-5,62
-4,-5,63
-4,-5,63
-5,-5,62
-6,-5,62
-5,-5,62
-4,-5,62
-4,-5,63
-5,-5,62
-5,-5,62
-5,-5,62
-5,-5,62
-5,-5,62
-5,-5,62
-5,-5,62
-5,-5,62
-4,-5,63
-5,-4,62
-5,-4,62
-5,-6,62
-5,-5,62
-5,-5,62
-5,-5,62
-5,-5,62
-5,-5,62
-5,-5,62
-5,-5,62
-4,-5,63
-5,-5,63
-5,-5,63
-5,-5,62
-5,-5,62
-5,-5,62
-5,-5,62
-5,-5,62
-5,-5,62
-4,-5,62
-4,-5,63
-4,-4,63
-5,-5,62
-4,-5,62
-4,-5,62
-5,-5,62
-6,-5,62
-4,-5,63
-4,-4,62
-5,-5,62
-5,-5,62
-5,-5,62
-5,-5,63
-4,-5,63
-4,-5,62
-5,-5,62
-5,-5,62
-5,-5,62
-5,-5,62
-5,-4,62
-4,-5,63
-4,-4,63
-3,-3,64
-2,-3,65
-6,-4,63
-7,-5,62
-7,-8,62
-9,-9,61
-10,-8,61
-8,-7,60
-7,-7,60
-5,-7,60
-5,-7,59
-6,-6,59
-6,-7,60
-5,-9,63
-8,-7,64
-9,-7,64
-10,-6,63
-7,-5,63
-4,-3,62
-4,-2,62
-4,-3,62
-5,-4,62
-5,-6,62
-6,-6,62
-6,-5,63
-6,-4,64
-5,-3,64
-4,-3,63
-4,-3,62
-5,-5,61
-5,-5,61
-4,-6,61
-4,-6,62
-5,-6,63
-6,-4,63
-6,-3,63
-5,-4,63
-5,-4,62
-5,-5,62
-5,-5,61
-5,-5,62
-5,-5,62
-5,-5,63
-6,-5,63
-6,-5,62
-6,-6,61
-5,-5,62
-5,-5,62
-6,-5,62
-5,-5,62
-6,-5,62
-5,-6,62
-5,-6,62
-6,-5,62
-5,-5,62
-5,-5,62
-6,-5,62
-5,-5,62
-5,-5,62
-5,-5,62
-6,-5,62
-6,-5,62
-5,-5,62
-5,-5,62
-6,-5,62
-5,-5,62
-5,-5,62
-6,-6,62
-6,-5,62
-6,-5,62
-5,-5,62
-5,-5,62
-6,-5,62
-6,-5,62
-5,-5,63
-5,-5,62
-5,-5,62
-6,-5,62
-6,-5,62
-5,-5,62
-6,-5,62
-6,-5,62
-5,-5,62
-5,-5,62
-6,-5,62
-5,-5,62
-5,-5,62
-6,-5,62
-6,-5,62
-6,-5,62
-6,-5,63
-6,-5,62
-5,-5,62
-5,-5,62
-6,-5,62
-5,-5,62
-6,-5,62
-5,-5,62
-6,-5,63
-6,-4,63
-5,-4,62
-5,-4,62
-5,-4,62
-6,-4,62
-6,-5,62
-5,-5,62
-5,-5,62
-5,-5,63
-5,-5,62
-6,-4,62
-6,-4,62
-5,-4,62
-6,-5,62
-6,-5,62
-6,-4,62
-6,-4,62
-5,-4,62
-5,-4,62
-6,-4,61
-6,-4,62
-5,-5,62
-5,-5,63
-5,-5,63
-6,-5,62
-6,-4,62
-6,-5,62
-6,-5,62
-6,-4,62
-5,-4,63
-4,-4,62
-4,-4,63
-5,-4,62
-5,-4,62
-4,-5,63
-4,-5,63
-6,-5,62
-6,-5,63
-6,-5,63
-5,-4,62
-5,-5,62
-6,-5,61
-6,-5,61
-6,-6,61
-6,-6,61
-5,-6,62
-5,-5,63
-5,-5,63
-4,-4,63
-4,-5,63
-4,-5,63
-4,-5,62
-5,-5,62
-4,-5,62
-4,-5,63
-6,-4,62
-6,-4,62
-5,-4,62
-4,-4,63
-4,-5,63
-4,-5,63
-6,-5,62
-4,-5,62
-4,-5,63
-5,-5,62
-5,-5,61
-5,-5,62
-5,-5,62
-4,-5,63
-4,-5,63
-5,-5,62
-5,-5,62
-5,-5,62
-4,-5,62
-5,-5,62
-5,-5,62
-5,-5,62
-5,-5,62
-5,-5,62
-3,-4,63
-3,-4,63
-5,-4,62
-5,-5,62
-4,-5,62
-4,-5,63
-5,-5,62
-5,-5,62
-5,-5,62
-4,-5,62
-4,-5,62
-3,-4,63
-3,-4,63
-3,-4,62
-3,-5,62
-4,-5,62
-5,-6,62
-5,-6,63
-6,-5,62
-6,-5,62
-6,-5,62
-5,-5,62
-4,-5,63
-4,-5,62
-4,-5,62
-4,-5,62
-4,-5,62
-4,-6,63
-5,-6,62
-5,-6,63
-5,-6,62
-4,-5,62
-5,-5,62
-5,-6,62
-4,-6,62
-5,-6,62
-5,-6,63
-5,-5,63
-4,-5,63
-4,-5,62
-3,-5,63
-4,-5,63
-5,-5,63
-5,-6,62
-5,-6,62
-5,-5,63
-6,-4,62
-4,-4,62
-4,-5,62
-3,-7,62
-4,-7,62
-6,-6,63
-5,-6,64
-5,-6,64
-5,-6,62
-6,-7,61
-7,-7,61
-7,-6,61
-7,-6,62
-6,-6,62
-6,-7,62
-7,-7,62
-7,-8,61
-6,-7,61
-6,-7,62
-6,-7,62
-6,-7,62
-6,-7,61
-6,-7,61
-6,-8,61
-6,-7,62
-5,-7,62
-6,-7,62
-6,-7,62
-6,-6,62
-5,-6,62
-5,-6,62
-6,-7,63
-6,-7,62
-6,-7,62
-5,-6,62
-5,-6,62
-6,-7,61
-6,-6,61
-6,-6,62
-5,-6,63
-5,-6,64
-5,-6,63
-6,-6,62
-5,-7,61
-6,-7,61
-6,-7,62
-8,-7,61
-9,-7,61
-6,-6,62
-5,-6,63
-5,-6,62
-5,-6,62
-4,-7,62
-5,-7,62
-6,-8,62
-6,-7,63
-7,-6,63
-6,-6,62
-6,-6,62
-5,-6,62
-5,-6,62
-6,-7,62
-6,-7,62
-6,-6,62
-6,-6,62
-6,-6,62
-6,-6,62
-5,-7,62
-6,-7,62
-6,-7,61
-6,-7,62
-6,-6,62
-5,-6,63
-6,-6,63
-6,-6,62
-6,-7,62
-6,-7,62
-7,-7,62
-6,-6,62
-5,-6,62
-6,-7,62
-6,-7,62
-5,-6,62
-5,-7,62
-5,-8,62
-5,-8,62
-6,-7,62
-6,-7,62
-5,-7,62
-5,-7,62
-5,-6,62
-6,-6,62
-5,-7,63
-6,-7,62
-6,-7,62
-5,-7,62
-5,-6,62
-6,-7,62
-5,-7,62
-5,-7,63
-6,-6,62
-6,-6,62
-6,-6,62
-6,-7,62
-6,-6,62
-7,-7,62
-7,-7,62
-6,-7,62
-6,-7,62
-6,-7,62
-7,-7,62
-7,-7,62
-6,-7,62
-6,-7,62
-6,-8,62
-7,-7,62
-8,-7,62
-8,-8,61
-8,-8,61
-8,-8,61
-9,-8,61
-9,-8,63
-11,-8,63
-10,-6,63
-10,-6,63
-10,-6,62
-8,-7,61
-5,-9,61
-5,-11,61
-6,-11,60
-11,-11,61
-10,-10,62
-9,-9,64
-11,-10,63
-9,-11,61
-9,-11,60
-9,-12,59
-8,-13,59
-7,-13,59
-9,-12,61
-11,-12,60
-11,-12,60
-10,-12,61
-12,-12,61
-10,-12,61
-9,-11,61
-10,-11,60
-9,-10,60
-10,-7,62
-10,-6,61
-19,-6,59
-20,-5,59
-15,-8,59
-12,-8,64
-5,-8,65
-5,-7,65
-5,-7,65
-7,-6,63
-5,-6,62
-5,-5,59
-4,-5,59
-7,-4,60
-8,-4,61
-5,-4,65
-3,-5,65
-2,-6,65
-4,-6,63
-5,-6,61
-8,-5,62
-11,-4,62
-12,-5,60
-10,-4,61
-5,-4,62
-5,-4,63
-5,-5,63
-4,-5,64
-6,-5,63
-9,-3,64
-9,-4,64
-6,-5,65
-8,-6,65
-8,-8,66
-6,-10,65
-6,-11,61
-10,-12,57
-9,-13,56
-9,-14,56
-8,-15,57
-6,-16,59
-6,-16,59
-9,-17,60
-8,-17,61
-9,-16,62
-11,-16,60
-10,-16,60
-9,-16,60
-9,-17,61
-8,-18,62
-8,-18,62
-8,-19,60
-7,-19,60
-6,-21,57
-6,-21,57
-6,-22,57
-7,-22,59
-7,-23,58
-8,-22,59
-7,-22,59
-6,-22,57
-6,-23,57
-6,-23,58
-7,-22,59
-7,-22,60
-5,-22,61
-6,-22,60
-7,-22,58
-6,-22,58
-6,-22,60
-6,-22,60
-6,-22,58
-5,-22,58
-6,-22,59
-7,-21,61
-7,-22,60
-5,-22,59
-5,-22,59
-5,-22,59
-5,-22,59
-5,-21,60
-5,-22,60
-4,-22,61
-4,-22,59
-3,-22,58
1,-22,58
1,-22,60
0,-21,61
-1,-20,60
6,-22,60
9,-23,60
8,-23,59
6,-23,58
5,-23,58
5,-23,58
5,-23,58
4,-23,59
4,-22,61
3,-22,61
3,-22,60
6,-21,60
6,-22,61
4,-23,59
4,-23,58
5,-22,59
5,-22,60
4,-21,60
3,-21,60
3,-22,60
4,-22,60
4,-22,60
3,-22,59
3,-22,60
3,-22,59
2,-22,58
3,-22,59
3,-22,59
3,-22,59
3,-22,59
3,-22,59
3,-22,59
3,-21,60
1,-22,61
2,-23,59
2,-22,59
2,-22,59
2,-22,59
3,-22,59
3,-22,59
3,-23,58
2,-22,59
2,-22,60
2,-22,60
3,-22,60
1,-22,59
1,-22,59
2,-22,59
2,-22,59
2,-22,60
1,-22,59
2,-22,60
2,-22,60
1,-22,60
1,-21,60
1,-21,60
2,-22,59
2,-22,59
1,-22,59
1,-22,59
2,-22,59
1,-22,59
1,-22,60
1,-22,59
2,-22,60
1,-22,59
1,-22,59
1,-22,60
2,-21,60
1,-21,60
1,-22,60
1,-21,60
1,-21,60
2,-22,59
0,-21,59
0,-21,59
1,-21,61
2,-22,61
1,-21,60
1,-21,59
-2,-21,59
-2,-21,59
0,-21,60
1,-21,61
0,-21,61
-1,-22,59
0,-22,59
1,-21,60
1,-22,59
0,-21,59
0,-21,60
0,-22,60
0,-22,60
0,-22,60
0,-21,60
1,-21,60
0,-21,59
0,-22,59
1,-22,59
1,-22,60
0,-22,59
-1,-21,59
-1,-21,60
1,-21,60
0,-21,60
-1,-21,59
0,-22,59
0,-22,60
-1,-21,60
0,-22,60
0,-21,60
0,-21,59
0,-22,59
0,-22,60
0,-21,60
0,-21,60
0,-21,60
0,-21,59
0,-22,59
-1,-22,60
0,-21,60
0,-21,60
-1,-20,60
0,-21,60
0,-21,59
0,-22,60
0,-22,60
1,-21,59
0,-21,60
-1,-21,60
-1,-21,60
-1,-21,60
-1,-21,60
-1,-21,60
-1,-21,60
-1,-21,59
-1,-21,59
-1,-21,60
-1,-21,60
-1,-21,60
-1,-21,60
0,-21,60
0,-21,60
0,-21,60
0,-21,59
-1,-21,59
0,-21,60
0,-21,60
-1,-21,60
-1,-21,59
-1,-21,59
0,-21,59
0,-21,59
0,-21,59
-1,-20,60
0,-21,61
0,-21,61
0,-21,61
-1,-21,60
-1,-20,59
-1,-20,59
-1,-21,59
0,-21,60
0,-21,60
0,-21,60
0,-21,60
0,-21,60
0,-21,59
1,-21,60
0,-21,60
0,-21,60
1,-21,61
0,-21,60
0,-21,60
0,-20,60
1,-21,60
1,-21,60
1,-21,60
0,-21,60
1,-21,60
1,-21,60
1,-21,60
1,-20,60
1,-21,60
1,-21,60
0,-21,60
1,-20,60
1,-20,60
1,-21,60
1,-21,59
0,-21,59
1,-21,60
1,-21,60
0,-21,60
0,-21,60
0,-21,60
1,-21,60
1,-21,60
1,-21,60
0,-21,60
1,-21,60
1,-21,60
0,-21,60
0,-20,60
1,-20,60
0,-21,60
0,-21,60
0,-20,60
1,-20,60
0,-21,60
0,-21,59
0,-21,60
1,-21,60
1,-21,60
0,-21,60
1,-21,60
0,-21,60
0,-21,60
1,-21,60
1,-21,59
0,-21,60
1,-21,60
1,-21,60
0,-21,60
1,-21,60
0,-20,60
0,-20,60
1,-21,60
0,-21,60
0,-21,60
1,-21,60
0,-21,60
0,-21,59
1,-21,59
1,-21,60
1,-21,60
1,-21,60
1,-21,60
1,-21,60
1,-21,60
1,-21,60
0,-21,60
1,-21,60
1,-21,60
1,-21,59
0,-21,60
1,-21,60
1,-20,60
1,-21,60
0,-21,60
0,-21,60
0,-21,60
1,-20,60
0,-21,60
0,-21,59
1,-21,59
1,-21,60
0,-21,60
0,-21,60
1,-21,60
1,-21,60
0,-21,60
0,-21,60
1,-21,60
1,-21,60
1,-21,60
0,-21,60
1,-21,60
1,-20,60
1,-21,60
0,-21,60
0,-21,60
0,-21,60
0,-21,60
1,-21,59
1,-21,59
1,-21,60
1,-21,60
1,-21,60
1,-21,60
0,-21,59
0,-21,60
1,-21,60
0,-21,60
0,-21,59
1,-21,60
1,-21,60
1,-21,60
0,-20,60
0,-21,60
1,-21,60
1,-21,60
0,-21,60
0,-20,60
1,-20,60
0,-20,60
0,-21,60
1,-21,60
1,-21,60
0,-21,60
1,-21,60
0,-20,60
0,-20,60
1,-21,60
0,-21,60
0,-20,60
0,-21,59
1,-21,60
0,-21,60
0,-20,60
0,-20,60
0,-20,61
0,-20,60
0,-20,60
0,-20,60
0,-21,60
0,-21,60
0,-20,60
0,-20,59
0,-21,57
-1,-21,56
1,-19,58
2,-18,59
0,-20,60
0,-19,61
1,-18,63
2,-19,63
2,-18,61
1,-18,61
1,-18,59
1,-16,59
1,-15,59
1,-17,63
1,-17,64
0,-14,65
2,-14,64
2,-17,61
3,-18,60
0,-16,59
1,-14,59
2,-14,59
3,-16,60
1,-18,60
0,-18,59
1,-18,60
0,-17,61
1,-16,61
1,-14,62
0,-13,61
1,-13,62
1,-13,62
1,-13,63
-2,-13,64
-2,-12,63
-2,-9,63
-1,-8,62
-1,-7,60
-2,-7,60
-2,-7,61
-3,-7,62
-5,-7,63
-5,-8,66
-4,-8,67
-4,-8,66
-6,-9,65
-4,-11,63
-3,-11,62
-3,-11,60
-4,-10,60
-3,-10,60
-2,-9,61
-3,-9,61
-5,-11,62
-4,-11,63
-5,-12,62
-5,-12,62
-5,-12,61
-5,-11,61
-5,-11,61
-5,-10,61
-5,-10,60
-4,-11,61
-3,-11,62
-4,-11,63
-4,-10,63
-4,-10,63
-4,-10,62
-4,-10,61
-5,-10,61
-5,-10,61
-4,-10,62
-4,-10,62
-6,-11,62
-6,-11,62
-4,-10,62
-5,-10,62
-5,-10,62
-5,-10,61
-5,-10,61
-4,-11,62
-4,-11,62
-5,-11,61
-6,-11,62
-5,-10,62
-5,-10,62
-5,-10,62
-5,-10,61
-4,-10,62
-4,-10,62
-5,-10,62
-5,-11,62
-5,-11,62
-6,-10,62
-6,-10,62
-5,-9,62
-5,-10,62
-4,-10,61
-5,-11,61
-5,-11,61
-4,-10,62
-4,-10,63
-5,-10,62
-5,-10,62
-5,-11,61
-5,-11,61
-5,-10,62
-5,-11,61
-5,-10,62
-5,-10,62
-4,-10,62
-5,-11,62
-6,-11,61
-5,-11,62
-5,-10,62
-5,-10,62
-5,-10,62
-5,-10,62
-5,-10,61
-5,-10,62
-4,-11,62
-5,-11,62
-6,-11,61
-5,-11,61
-5,-11,62
-6,-10,62
-6,-10,61
-5,-10,62
-5,-11,62
-5,-11,61
-5,-11,62
-5,-10,62
-5,-10,62
-5,-11,61
-5,-11,62
-6,-10,62
-6,-10,62
-5,-11,61
-6,-11,61
-6,-11,61
-5,-11,61
-5,-11,62
-5,-10,62
-5,-10,62
-6,-10,62
-5,-10,62
-5,-10,62
-5,-10,61
-6,-10,61
-5,-11,62
-5,-11,62
-6,-10,62
-6,-10,62
-6,-11,62
-5,-11,62
-6,-11,62
-6,-10,61
-5,-10,62
-5,-10,61
-6,-11,61
-6,-11,61
-5,-11,62
-5,-11,62
-6,-11,61
-6,-11,61
-6,-11,61
-6,-10,62
-6,-10,61
-6,-11,61
-5,-11,62
-6,-11,62
-6,-11,62
-6,-11,62
-6,-11,62
-6,-11,62
-5,-10,62
-5,-10,62
-6,-11,62
-6,-11,62
-6,-10,62
-6,-11,61
-6,-11,61
-7,-12,60
-7,-12,61
-6,-11,61
-6,-11,62
-6,-11,62
-5,-11,62
-5,-11,61
-6,-11,61
-5,-11,61
-6,-11,62
-6,-11,62
-6,-11,62
-6,-11,61
-6,-11,62
-6,-11,62
-6,-11,61
-6,-12,61
-6,-12,61
-6,-12,61
-6,-12,62
-6,-11,62
-6,-10,62
-6,-11,61
-6,-12,61
-6,-12,61
-6,-12,61
-6,-12,61
-7,-12,61
-7,-12,61
-5,-11,62
-6,-11,61
-6,-12,61
-5,-11,61
-4,-10,63
-4,-10,63
-5,-11,62
-6,-12,61
-5,-13,61
-4,-13,61
-5,-13,61
-6,-12,61
-5,-11,62
-5,-10,63
-5,-10,62
-5,-11,62
-3,-12,61
-3,-12,61
-5,-12,61
-5,-12,61
-4,-12,62
-5,-12,62
-6,-12,61
-5,-12,61
-4,-12,62
-5,-12,62
-5,-12,61
-6,-12,62
-5,-12,62
-3,-13,62
-4,-13,61
-5,-14,59
-5,-13,60
-3,-11,61
-4,-11,62
-7,-10,62
-7,-10,62
-5,-11,62
-4,-13,62
-5,-14,61
-5,-13,60
-5,-13,60
-5,-12,61
-5,-11,62
-5,-10,63
-6,-10,62
-5,-10,62
-5,-11,62
-5,-11,61
-5,-11,61
-4,-10,62
-5,-10,62
-5,-10,62
-5,-11,62
-5,-10,62
-5,-10,62
-6,-10,62
-6,-10,62
-5,-10,61
-5,-10,62
-5,-11,61
-5,-11,61
-5,-11,62
-5,-11,62
-5,-10,62
-6,-10,62
-6,-10,62
-5,-10,61
-6,-11,61
-5,-10,62
-5,-10,62
-6,-11,62
-5,-11,62
-5,-10,62
-6,-11,61
-6,-11,61
-4,-10,62
-5,-11,61
-6,-12,60
-6,-11,61
-5,-10,63
-5,-9,64
-5,-11,62
-5,-11,61
-7,-11,60
-5,-12,61
-4,-11,63
-9,-10,62
-8,-11,61
-4,-9,63
-8,-9,63
-8,-10,61
-2,-10,63
-4,-10,64
-6,-11,58
-3,-12,59
-1,-13,59
-1,-12,58
-4,-13,58
-1,-12,60
-2,-7,63
-4,-6,63
-2,-5,63
-5,-3,65
-8,-4,64
-7,-4,63
-8,-6,62
-5,-9,63
-5,-9,62
-5,-8,61
-5,-7,60
0,-5,62
2,-3,62
1,1,61
-3,1,63
-4,-1,61
-4,-2,64
-6,-2,63
-6,-4,62
-9,-5,62
-13,-3,59
-11,-1,60
-6,7,63
-5,6,64
-6,6,64
-8,5,65
-4,4,64
-7,3,63
-7,3,64
-10,3,58
-13,3,59
-9,5,64
-7,4,60
-14,1,61
-13,4,63
-13,6,63
-17,8,64
-16,7,63
-15,4,58
-15,5,59
-14,6,64
-12,5,63
-15,0,58
-16,0,60
-17,1,60
-14,2,62
-12,2,62
-17,-1,60
-16,-2,60
-14,-2,61
-15,-2,62
-16,-2,61
-14,-3,58
-18,-4,57
-19,-2,59
-19,-1,60
-19,-1,59
-19,-1,61
-18,0,62
-17,0,61
-14,-1,62
-14,-1,60
-15,-3,60
-16,-3,62
-16,-3,60
-16,-7,57
-17,-8,58
-18,-6,59
-18,-5,60
-18,-5,60
-17,-5,60
-17,-3,60
-18,-4,59
-17,-3,58
-17,-3,60
-15,-3,61
-16,-2,62
-18,-1,62
-18,-1,62
-17,-2,63
-14,-4,63
-12,-3,63
-8,-3,59
-10,-4,57
-10,-4,59
-11,-6,59
-12,-6,60
-14,-6,64
-15,-5,64
-15,-5,62
-15,-5,61
-15,-5,60
-14,-3,60
-14,-3,60
-13,-2,61
-13,-2,62
-15,-3,62
-15,-3,62
-14,-4,61
-14,-4,61
-13,-4,61
-13,-5,59
-13,-5,59
-13,-5,62
-14,-5,62
-14,-5,61
-15,-7,60
-15,-10,59
-16,-10,60
-17,-7,61
-18,-3,61
-16,1,60
-11,5,61
-9,5,62
-6,2,60
-10,0,56
-11,-1,52
-9,1,55
-1,6,64
-2,8,68
-5,9,71
-2,9,70
-1,9,69
-1,9,62
-2,7,57
10,6,63
17,10,69
5,1,63
1,2,72
0,10,72
0,2,58
7,1,59
6,2,56
0,6,55
-1,11,59
-2,9,56
-1,2,46
1,0,45
-3,0,47
-2,2,54
-5,-3,80
7,-1,95
7,1,82
2,2,59
0,1,54
-1,1,52
1,1,55
-2,4,61
-4,3,63
-12,3,64
-11,6,62
-6,7,63
-5,6,66
-7,6,66
-6,6,64
-5,6,62
-4,5,60
-4,5,60
-6,5,61
-6,4,61
-5,4,63
-8,3,62
-9,2,62
-8,2,62
-7,2,62
-8,3,61
-8,4,61
-8,4,61
-7,5,62
-5,4,62
-6,3,62
-6,3,62
-7,3,62
-7,3,62
-7,3,62
-7,3,62
-8,4,62
-7,4,62
-6,4,62
-6,4,62
-7,4,62
-6,4,62
-6,4,62
-6,4,62
-7,4,62
-8,4,61
-7,4,62
-6,4,61
-6,4,61
-8,4,61
-6,4,63
-6,4,63
-7,4,62
-7,4,62
-7,4,61
-6,4,61
-6,4,62
-6,4,62
-7,4,62
-6,4,63
-7,4,62
-7,4,62
-7,4,62
-7,4,62
-7,4,62
-6,4,62
-7,4,62
-6,4,62
-6,4,62
-7,4,62
-7,4,62
-7,4,62
-6,4,62
-6,4,62
-7,4,62
-7,4,62
-7,4,62
-7,4,62
-6,4,62
-6,4,63
-7,4,62
-6,4,62
-6,4,62
-7,4,62
-7,4,62
-6,4,62
-6,4,62
-7,4,62
-7,4,62
-7,4,62
-6,4,62
-6,4,62
-7,4,62
-7,4,62
-7,4,62
-7,4,61
-6,4,62
-6,4,62
-7,4,62
-6,4,62
-6,4,62
-7,4,62
-6,4,62
-7,4,62
-7,4,62
-6,4,62
-6,4,62
-6,4,62
-6,4,62
-6,4,62
-6,4,62
-6,4,62
-6,4,62
-6,4,62
-6,4,62
-6,4,62
-6,4,62
-6,4,62
-6,4,62
-6,4,62
-6,4,62
-6,4,62
-6,4,62
-6,4,62
-6,4,62
-6,4,62
-6,4,62
-5,4,62
-4,3,61
-5,3,61
-6,4,61
-7,5,61
-7,6,62
-7,6,63
-6,7,64
-6,6,64
-5,5,64
-5,4,64
-4,3,63
-5,1,61
-5,2,61
-6,2,61
-6,3,61
-8,3,62
-9,3,61
-7,2,61
-7,2,61
-10,4,61
-7,6,62
-6,6,64
-5,6,65
-3,5,66
-9,3,63
-9,1,62
-9,0,60
-11,-1,59
-12,0,59
-11,1,60
-11,1,61
-10,1,62
-9,1,62
-9,1,62
-9,1,62
-8,1,61
-8,1,62
-8,2,62
-9,2,62
-9,1,61
-9,1,62
-9,1,62
-8,1,62
-8,1,62
-8,2,62
-8,2,63
-8,2,62
-7,3,62
-7,2,62
-8,2,62
-8,2,62
-9,2,62
-9,2,62
-10,2,62
-10,2,62
-9,2,63
-10,2,63
-10,2,62
-10,2,61
-9,1,59
-9,-1,58
-10,-1,58
-10,1,61
-11,2,61
-9,4,64
-10,4,64
-10,6,63
-9,6,63
-8,6,62
-6,6,62
-5,6,62
-5,5,62
-6,4,63
-7,3,63
-7,3,63
-6,4,63
-6,4,62
-7,5,60
-7,5,60
-7,6,61
-6,6,63
-6,6,63
-5,6,62
-6,5,61
-5,5,61
-6,5,61
-7,4,62
-7,4,63
-7,4,62
-7,4,62
-7,5,62
-6,6,62
-6,6,62
-6,6,62
-6,6,62
-6,5,62
-7,5,62
-7,5,62
-8,5,62
-7,5,62
-6,4,62
-7,4,62
-7,5,61
-7,5,62
-5,5,62
-6,5,62
-7,5,61
-6,5,62
-6,5,62
-7,5,62
-7,5,62
-6,5,62
-6,4,62
-7,4,61
-7,5,62
-6,5,63
-5,6,63
-6,6,62
-5,5,62
-5,5,63
-6,5,62
-6,5,61
-8,4,60
-8,3,61
-8,2,61
-8,3,61
-8,3,62
-8,3,62
-7,3,62
-6,5,62
-6,5,62
-5,5,62
-5,5,62
-7,5,63
-7,5,62
-7,4,62
-7,4,62
-8,4,61
-7,4,62
-7,5,62
-6,5,62
-6,5,62
-6,5,62
-6,5,62
-6,5,62
-8,5,61
-6,5,62
-7,4,62
-7,4,62
-7,4,61
-7,4,62
-7,4,62
-8,5,62
-7,5,62
-7,5,62
-7,5,61
-7,5,61
-6,5,62
-7,5,62
-7,5,62
-7,5,62
-7,5,62
-7,5,62
-7,5,62
-7,5,62
-7,5,62
-6,5,62
-6,5,62
-6,5,62
-7,5,62
-6,5,62
-7,5,62
-8,5,61
-7,5,62
-6,5,62
-7,5,62
-7,5,61
-6,5,62
-5,5,62
-6,5,62
-7,5,62
-6,5,62
-6,5,62
-6,5,62
-7,5,62
-6,5,62
-6,5,62
-7,5,62
-7,5,62
-6,5,62
-6,5,62
-7,5,62
-7,5,62
-7,5,62
-6,5,62
-7,5,62
-5,6,62
-5,5,62
-7,5,61
-7,5,61
-6,5,61
-6,5,61
-8,6,61
-8,6,62
-7,6,64
-7,6,63
-6,5,62
-6,4,61
-6,4,61
-7,5,61
-7,6,62
-7,7,62
-7,6,62
-6,6,62
-6,5,62
-6,5,61
-6,5,61
-6,5,61
-6,5,62
-7,5,62
-7,5,62
-6,6,62
-7,6,62
-7,6,61
-6,6,61
-5,6,62
-6,6,62
-7,5,62
-7,5,62
-7,5,62
-7,5,61
-7,5,62
-6,5,62
-6,5,62
-6,6,62
-6,5,62
-6,5,62
-6,5,62
-6,6,62
-7,6,62
-6,6,61
-6,6,62
-6,6,62
-7,6,62
-6,6,62
-6,6,62
-6,6,62
-6,6,62
-6,5,62
-6,5,62
-6,5,62
-7,5,62
-6,6,62
-6,6,62
-6,6,62
-6,6,62
-6,6,62
-6,6,62
-6,5,62
-6,6,62
-6,5,62
-6,5,62
-7,6,62
-7,5,62
-6,6,62
-6,6,62
-6,6,62
-6,6,62
-6,6,61
-6,5,62
-6,5,62
-6,6,62
-7,5,62
-6,5,62
-6,5,62
-6,6,62
-6,6,62
-6,6,61
-6,5,62
-6,5,62
-7,5,62
-8,5,62
-8,6,62
-7,7,62
-7,7,62
-7,6,61
-6,5,61
-5,4,62
-6,4,62
-6,5,62
-7,5,62
-7,6,62
-7,6,61
-8,5,61
-7,5,62
-7,4,62
-7,4,62
-7,4,62
-7,5,62
-8,6,61
-7,5,61
-6,5,61
-7,4,62
-6,4,62
-6,4,62
-7,5,62
-7,5,62
-7,5,62
-7,5,62
-7,5,62
-7,5,62
-6,5,62
-6,5,62
-7,5,62
-6,5,62
-6,5,62
-7,5,62
-7,6,62
-7,5,61
-7,5,62
-7,5,62
-7,5,62
-6,5,62
-7,5,62
-7,4,62
-6,4,62
-7,5,61
-7,5,61
-7,6,61
-7,5,62
-7,5,62
-7,5,62
-7,5,62
-6,5,62
-7,6,61
-6,6,62
-6,5,62
-6,4,62
-7,5,62
-7,5,62
-7,5,62
-7,5,61
-7,5,61
-7,5,62
-6,5,62
-6,5,62
-7,5,62
-7,5,62
-7,5,61
-7,5,62
-7,5,62
-7,6,62
-6,5,62
-6,5,62
-7,5,62
-6,5,62
-6,5,62
-6,6,62
-7,5,62
-8,5,62
-6,5,62
-6,5,62
-6,5,62
-6,5,61
-6,6,62
-6,5,62
-6,5,62
-6,5,62
-6,5,62
-7,5,62
-7,5,62
-6,6,62
-6,6,62
-6,5,61
-6,6,62
-6,6,62
-6,6,62
-6,6,62
-6,5,62
-6,4,62
-7,4,61
-6,5,62
-7,4,62
-6,4,63
-6,3,63
-7,3,63
-6,3,63
-6,3,61
-7,2,61
-7,2,59
-8,3,60
-9,4,62
-8,5,63
-8,5,64
-8,4,62
-9,4,61
-6,3,61
-5,3,62
-7,3,62
-7,3,62
-7,3,62
-8,3,62
-9,3,62
-8,3,62
-8,3,62
-7,4,62
-6,3,62
-6,3,62
-6,3,62
-6,3,62
-7,3,62
-8,3,62
-8,3,62
-7,3,62
-7,3,62
-8,3,62
-6,4,62
-6,4,62
-7,3,62
-7,3,62
-7,3,62
-8,4,62
-7,3,62
-8,3,61
-7,3,62
-6,3,62
-7,3,62
-7,3,62
-7,3,62
-7,3,62
-8,4,62
-8,4,62
-6,4,62
-6,4,62
-7,3,62
-8,3,62
-7,4,62
-7,4,62
-8,3,62
-8,3,62
-7,3,62
-7,4,62
-7,4,62
-7,4,61
-6,3,62
-7,3,62
-8,4,62
-7,3,62
-7,4,62
-7,4,62
-7,4,62
-7,4,62
-7,4,62
-7,4,62
-7,4,62
-7,4,62
-6,4,62
-6,4,62
-7,3,62
-7,4,62
-6,4,62
-8,4,62
-7,4,61
-7,4,62
-6,4,62
-7,4,62
-7,4,62
-6,4,62
-7,4,62
-7,4,62
-7,4,62
-7,4,62
-8,4,61
-8,4,61
-7,4,62
-7,4,62
-7,4,62
-7,3,62
-7,3,62
-7,3,62
-7,4,62
-8,4,62
-7,4,61
-6,4,62
-6,4,62
-7,4,62
-7,3,62
-7,3,62
-7,3,62
-8,3,62
-8,3,62
-7,3,62
-7,3,62
-7,3,61
-6,4,62
-7,3,62
-7,3,62
-7,4,62
-8,3,61
-8,3,61
-7,3,62
-8,3,62
-8,4,62
-7,4,61
-7,4,61
-7,4,62
-7,4,62
-7,4,62
-7,4,62
-7,4,63
-7,4,62
-7,4,61
-6,4,62
-6,4,62
-6,5,61
-6,5,61
-8,4,61
-6,5,62
-6,6,62
-6,6,62
-4,6,63
-3,6,64
-4,6,63
-5,6,62
-5,6,62
-6,5,61
-7,4,60
-7,4,61
-6,5,61
-6,5,62
-6,6,63
-5,6,63
-4,6,62
-4,6,62
-5,5,61
-5,5,61
-5,4,62
-6,4,62
-7,4,63
-6,3,62
-5,3,62
-6,3,61
-7,4,61
-6,5,62
-6,5,62
-6,6,63
-8,6,62
-8,5,62
-7,4,62
-6,3,62
-6,3,62
-7,3,61
-8,3,61
-9,2,60
-8,2,60
-6,4,61
-7,6,63
-7,7,64
-5,6,64
-4,3,64
-5,2,62
-7,3,61
-7,4,61
-7,5,62
-7,6,62
-8,6,61
-7,5,61
-6,5,62
-7,5,62
-8,5,62
-6,6,62
-6,6,63
-6,7,63
-6,7,62
-6,6,61
-6,6,62
-7,6,61
-8,6,61
-6,6,63
-7,6,62
-8,6,62
-6,5,63
-6,6,63
-7,7,62
-7,7,62
-6,6,62
-6,7,61
-7,5,61
-5,4,62
-6,4,61
-7,3,62
-6,3,62
-5,4,62
-8,3,62
-10,1,61
-9,2,62
-9,5,61
-8,6,62
-7,7,62
-2,4,62
-4,4,64
-6,4,65
-5,4,64
-5,1,61
-5,1,63
-13,2,61
-11,1,61
-11,1,61
-7,4,62
-9,0,59
-10,2,60
-10,0,61
-8,0,61
-11,0,62
-13,0,63
-12,1,62
-16,0,59
-17,-2,58
-10,-3,61
-10,-1,64
-8,0,64
-8,0,63
-9,-1,61
-9,1,60
-11,1,60
-12,1,60
-12,0,60
-13,-1,61
-10,-2,63
-12,-2,61
-13,-3,62
-12,-4,62
-13,-4,61
-12,-3,62
-14,-1,61
-15,-1,61
-12,3,62
-13,3,61
-14,2,61
-12,-1,60
-11,-1,61
-11,0,63
-12,-1,62
-13,-1,61
-13,0,62
-13,-1,62
-14,-1,61
-14,0,60
-16,-2,59
-17,-4,60
-17,-3,61
-16,-3,60
-12,-3,61
-13,-2,61
-15,-2,61
-13,-2,61
-12,-1,62
-14,-1,61
-14,-1,60
-14,0,61
-14,0,62
-15,-3,62
-14,-3,62
-13,-3,60
-13,-4,59
-14,-3,59
-14,-2,60
-12,0,61
-13,1,63
-14,1,63
-14,0,63
-13,0,62
-13,0,61
-15,-1,60
-14,-1,60
-12,-1,62
-14,0,63
-11,-1,62
-8,-3,60
-10,-3,61
-13,-2,61
-14,-3,59
-12,-2,60
-11,-4,62
-12,-4,61
-11,-3,61
-12,-2,61
-13,-1,60
-15,0,60
-16,0,60
-10,-1,62
-11,1,64
-12,2,64
-7,-1,62
-8,-3,62
-11,-2,63
-10,-5,60
-10,-7,60
-12,-6,62
-16,-3,62
-15,-2,61
-11,-2,62
-11,-2,62
-11,-2,60
-11,-3,60
-12,-2,61
-13,-1,62
-13,-1,62
-13,-2,62
-14,-3,61
-13,-4,61
-11,-5,61
-12,-2,62
-12,-1,62
-11,-1,61
-11,-2,60
-12,-3,61
-12,-3,62
-13,-3,62
-13,-3,62
-13,-3,62
-13,-2,61
-11,-2,61
-11,-3,61
-12,-3,60
-14,-3,61
-12,-3,61
-11,-3,63
-13,-3,62
-14,-4,60
-13,-5,61
-13,-4,62
-13,-4,61
-14,-4,62
-11,-4,62
-13,-4,61
-13,-4,61
-11,-4,61
-12,-5,60
-13,-5,61
-16,-4,61
-17,-3,60
-16,-3,61
-15,-3,61
-16,-3,60
-15,-3,60
-15,-6,58
-17,-5,58
-17,-4,60
-16,-5,59
-17,-2,60
-18,0,61
-17,0,60
-18,0,59
-17,-1,58
-16,-4,56
-14,-5,59
-16,-1,64
-18,2,62
-19,5,60
-19,7,63
-19,6,57
-20,7,58
-17,8,57
-17,10,65
-19,6,59
-25,7,62
-20,6,61
-24,7,58
-26,10,62
-19,7,57
-20,6,58
-20,7,60
-20,7,58
-19,6,56
-22,6,57
-22,7,58
-20,7,61
-18,7,63
-17,7,59
-20,6,57
-24,10,61
-21,8,58
-23,9,59
-22,9,61
-21,6,58
-21,7,60
-20,7,60
-20,5,58
-18,6,60
-14,4,57
-23,0,53
-12,2,63
1,4,69
-14,3,61
-24,-2,53
-21,-2,52
-14,0,59
-15,1,62
-16,4,64
-16,4,65
-14,2,60
-15,2,58
-8,2,61
-7,2,63
-6,2,62
-7,2,61
-10,2,62
-8,2,61
-5,2,61
-9,2,62
-11,2,62
-9,2,62
-7,1,62
-10,1,63
-9,1,62
-9,1,62
-10,3,62
-9,3,61
-9,3,62
-10,3,62
-9,3,62
-9,3,62
-9,1,61
-10,1,61
-11,1,61
-12,1,61
-12,1,62
-11,2,62
-11,1,61
-12,2,61
-11,2,61
-10,1,61
-10,1,61
-11,1,61
-11,1,62
-11,1,62
-11,1,62
-11,1,61
-11,2,61
-11,2,62
-10,2,62
-11,2,62
-10,1,61
-12,1,62
-12,1,62
-10,2,62
-11,2,61
-11,2,61
-11,1,61
-11,1,61
-10,1,62
-11,1,62
-11,2,62
-11,2,61
-10,2,62
-11,2,61
-11,2,61
-11,2,61
-10,2,62
-11,2,62
-11,1,61
-11,1,62
-11,2,62
-10,2,61
-11,2,61
-10,2,61
-11,2,61
-11,2,61
-10,1,62
-11,1,62
-11,1,62
-11,2,62
-11,2,61
-12,2,61
-11,1,61
-10,2,61
-11,2,61
-11,2,61
-10,2,62
-9,2,63
-9,2,63
-10,2,62
-12,2,61
-10,2,62
-9,2,62
-11,2,61
-11,1,61
-10,2,62
-9,1,62
-9,1,62
-9,2,62
-10,2,62
-11,2,61
-11,2,61
-9,2,62
-9,2,62
-9,2,62
-9,1,61
-9,1,62
-10,1,62
-10,2,62
-9,2,61
-9,4,63
-8,3,61
-9,3,60
-10,2,61
-11,2,62
-10,1,62
-10,1,62
-11,1,61
-10,1,62
-9,2,61
-9,2,61
-8,3,61
-8,3,62
-8,3,62
-8,3,63
-8,3,62
-9,3,63
-9,2,62
-9,2,61
-9,3,61
-10,3,61
-8,3,61
-9,3,61
-9,4,62
-9,3,62
-10,2,61
-10,3,61
-11,3,60
-10,3,61
-9,3,59
-9,4,64
-8,5,64
-7,5,63
-8,5,63
-7,5,63
-7,5,62
-10,5,61
-10,4,61
-9,3,61
-9,2,61
-9,3,61
-8,4,63
-8,4,62
-8,4,62
-9,3,61
-7,3,61
-8,5,62
-9,6,63
-8,5,62
-9,4,62
-7,2,60
-8,1,60
-11,4,62
-11,5,62
-8,5,62
-8,5,62
-9,5,62
-8,5,61
-9,4,61
-9,3,61
-8,2,62
-8,4,63
-9,4,63
-8,5,62
-8,4,62
-9,4,61
-10,4,62
-10,3,61
-8,3,63
-10,4,62
-10,4,61
-9,5,62
-8,5,62
-10,4,62
-10,4,61
-10,4,62
-10,1,61
-9,1,61
-11,1,61
-10,2,60
-10,2,61
-10,2,61
-10,2,61
-10,2,61
-11,2,62
-11,2,62
-10,2,62
-11,1,61
-11,0,61
-12,0,61
-12,1,62
-11,1,62
-11,2,62
-11,3,62
-11,2,61
-11,1,61
-12,1,61
-13,0,61
-13,0,61
-12,0,61
-13,0,62
-13,1,62
-12,2,62
-11,2,61
-12,2,62
-11,1,61
-11,0,61
-13,-1,61
-11,-1,61
-12,-1,61
-12,0,62
-11,1,62
-11,2,61
-11,2,61
-12,2,61
-12,2,60
-13,0,61
-13,-2,62
-13,-2,62
-12,-3,61
-12,0,62
-11,5,63
-10,6,62
-10,5,60
-10,3,60
-14,-1,60
-15,-3,59
-13,-2,63
-12,1,63
-12,2,62
-15,2,60
-14,1,60
-12,-3,60
-13,-3,60
-13,0,61
-13,4,61
-13,4,62
-12,1,61
-12,-1,61
-13,-3,60
-14,-1,61
-13,2,62
-12,2,61
-13,1,62
-13,-1,61
-14,-2,59
-14,0,60
-14,3,62
-13,4,63
-13,3,63
-13,-2,60
-13,-3,61
-14,0,61
-15,2,61
-15,3,61
-14,4,61
-13,0,60
-15,-1,60
-15,-1,60
-14,1,62
-14,2,63
-13,1,61
-13,-1,60
-14,-3,59
-13,-1,59
-13,2,61
-14,4,64
-15,4,64
-14,1,61
-13,-2,60
-13,-5,59
-14,-2,60
-14,4,62
-12,5,63
-13,5,62
-14,2,60
-14,-4,59
-13,-4,60
-15,-1,62
-16,3,62
-15,4,62
-13,2,60
-13,-1,59
-15,-4,59
-15,-3,60
-15,2,62
-14,3,63
-14,2,61
-15,-1,59
-15,-2,59
-16,-2,60
-15,1,61
-14,3,63
-13,3,63
-13,0,60
-14,-2,59
-15,-2,60
-15,1,61
-15,2,62
-14,2,62
-13,1,61
-14,-1,60
-16,-1,60
-17,1,61
-17,1,61
-16,1,62
-14,-1,59
-15,-2,58
-15,-1,60
-15,0,61
-15,0,62
-16,0,62
-16,-1,60
-16,-2,59
-15,0,60
-17,0,59
-17,0,59
-18,-2,59
-17,-3,60
-17,-3,61
-16,-2,61
-17,-1,59
-17,0,59
-17,-1,59
-18,-1,61
-17,0,62
-15,-1,62
-16,-2,61
-20,-2,59
-19,-2,59
-17,0,60
-17,1,61
-17,0,58
-18,0,58
-19,-3,60
-17,-2,62
-16,-1,61
-16,1,61
-17,-1,60
-18,-1,59
-18,0,60
-18,0,60
-18,0,60
-17,-2,60
-18,-4,60
-20,-4,60
-18,-1,60
-16,0,60
-16,2,60
-17,0,59
-20,-2,59
-21,-3,60
-18,-2,61
-17,-1,61
-16,-1,59
-20,-2,58
-20,-3,60
-16,-2,60
-16,-1,60
-18,-1,60
-18,-2,60
-19,-2,60
-19,-2,61
-19,-2,60
-18,0,61
-18,0,60
-17,-2,59
-18,-2,59
-19,-3,60
-18,-3,59
-16,-1,60
-16,0,61
-18,-1,60
-19,-2,60
-18,-3,60
-19,-3,60
-17,-2,60
-15,0,60
-16,-1,60
-19,-1,60
-19,-2,60
-17,-3,59
-17,-2,60
-17,0,60
-17,-1,60
-18,-2,60
-18,-2,60
-18,-2,60
-15,-2,60
-15,0,60
-17,-1,60
-17,-2,60
-18,-1,61
-18,-1,61
-16,-1,60
-17,0,61
-18,0,61
-18,-1,59
-17,-1,59
-17,0,61
-16,-1,61
-16,-1,60
-17,0,60
-17,-2,60
-16,-3,60
-16,-2,61
-17,-2,61
-16,-2,60
-15,0,61
-16,0,61
-15,-1,60
-14,-1,59
-15,-2,59
-16,-1,60
-15,-1,61
-15,-1,61
-15,0,61
-16,0,62
-16,0,62
-14,0,61
-14,0,61
-15,0,60
-15,1,61
-14,0,60
-15,1,61
-16,1,61
-14,0,61
-14,1,61
-15,0,61
-16,0,60
-15,0,60
-16,0,61
-15,1,61
-15,0,61
-15,1,61
-15,0,60
-14,0,60
-15,0,61
-15,0,61
-15,0,60
-15,0,61
-15,1,61
-16,0,60
-16,0,61
-15,0,61
-15,0,60
-15,0,60
-15,0,60
-15,0,61
-16,1,61
-15,1,61
-15,0,61
-15,0,60
-16,0,60
-16,0,60
-15,1,61
-15,1,61
-15,1,60
-15,1,60
-15,1,61
-15,1,61
-16,1,60
-16,1,61
-16,1,61
-15,0,60
-15,0,60
-15,1,61
-15,1,61
-14,1,61
-14,1,61
-15,1,60
-16,1,60
-15,1,61
-15,0,61
-15,0,60
-15,0,60
-15,1,61
-15,1,61
-15,0,60
-16,0,60
-16,1,61
-14,0,61
-16,1,61
-16,1,61
-15,0,60
-15,1,61
-16,1,61
-15,0,61
-16,0,60
-16,1,61
-15,1,61
-16,0,61
-16,0,61
-16,-1,61
-15,0,62
-14,1,61
-15,1,59
-16,2,60
-16,2,60
-15,0,59
-16,0,61
-16,0,62
-15,-1,61
-15,-1,61
-15,0,60
-15,0,59
-16,1,60
-15,1,61
-15,1,61
-15,1,61
-15,2,62
-14,2,61
-13,2,61
-14,2,60
-14,2,60
-14,2,61
-14,2,61
-15,2,61
-14,2,61
-14,2,61
-14,2,61
-13,2,61
-14,2,61
-15,2,61
-14,2,61
-14,2,61
-14,3,61
-14,2,61
-15,2,60
-14,2,61
-15,3,61
-15,1,60
-14,1,60
-13,2,62
-13,2,62
-14,2,60
-14,2,61
-14,2,61
-13,1,61
-14,2,61
-14,2,61
-14,1,61
-15,1,60
-15,2,61
-14,2,61
-13,2,61
-14,2,61
-14,1,60
-14,2,61
-14,2,61
-14,2,61
-14,1,60
-14,1,59
-14,2,61
-14,3,62
-14,2,62
-13,1,61
-14,2,61
-14,2,60
-14,2,59
-15,2,61
-14,2,61
-14,1,61
-14,1,61
-14,1,61
-14,1,61
-13,2,61
-12,3,61
-13,3,61
-13,3,61
-13,2,61
-14,3,61
-14,2,61
-13,2,60
-13,2,61
-13,3,61
-13,3,61
-13,3,61
-13,3,61
-13,3,61
-13,3,61
-14,3,61
-13,3,61
-14,3,61
-13,3,61
-13,3,60
-14,4,61
-13,3,61
-13,3,61
-14,3,61
-14,3,61
-13,3,61
-13,3,61
-13,3,60
-13,2,60
-13,3,61
-13,3,61
-13,4,62
-13,4,61
-13,3,61
-13,3,61
-14,3,61
-13,3,61
-13,3,61
-13,3,61
-13,3,61
-13,3,61
-12,3,61
-13,3,61
-13,3,61
-13,2,60
-14,3,61
-13,3,61
-13,3,61
-14,3,61
-13,3,61
-13,3,61
-13,3,61
-13,3,61
-13,3,61
-13,3,61
-13,3,61
-13,3,61
-13,3,61
-13,3,61
-13,3,61
-13,3,61
-13,3,61
-13,3,61
-13,3,61
-13,3,61
-13,3,61
-13,3,61
-13,3,61
-12,3,61
-13,3,61
-14,3,61
-13,3,61
-12,3,61
-13,3,61
-14,3,61
-13,3,61
-13,3,61
-13,3,61
-14,3,61
-13,3,61
-13,3,61
-13,4,61
-13,3,61
-13,3,61
-13,3,61
-13,3,61
-13,3,61
-13,3,61
-13,3,61
-13,3,61
-13,4,61
-13,4,61
-13,3,61
-13,4,61
-13,3,61
-13,3,61
-13,3,61
-13,3,61
-14,3,61
-13,4,61
-14,4,61
-14,4,61
-13,4,61
-13,4,61
-14,4,61
-13,3,61
-13,4,61
-13,3,61
-13,3,61
-13,4,61
-13,4,61
-13,4,61
-13,4,61
-13,4,61
-13,3,61
-13,4,61
-13,4,61
-13,4,61
-13,3,61
-14,3,61
-14,4,61
-13,4,61
-13,4,61
-13,3,60
-13,3,60
-13,4,61
-13,3,61
-13,3,61
-14,4,61
-13,3,60
-13,3,61
-13,3,61
-14,4,61
-13,4,61
-13,4,61
-13,3,61
-13,4,61
-13,4,61
-13,4,61
-13,4,61
-14,3,61
-14,4,61
-13,4,61
-13,4,61
-13,4,60
-13,3,60
-13,3,61
-12,3,61
-13,4,62
-13,6,62
-13,5,61
-13,5,61
-14,3,60
-13,2,60
-14,1,60
-14,1,60
-13,2,61
-13,3,63
-12,5,63
-11,5,61
-12,4,59
-14,4,60
-15,4,61
-14,3,62
-14,3,62
-14,3,61
-14,3,60
-13,3,60
-12,4,60
-13,4,61
-13,4,62
-13,4,61
-14,3,60
-11,2,61
-14,2,61
-14,2,60
-13,3,59
-11,5,62
-12,9,62
-13,10,61
-11,6,60
-11,1,61
-12,0,61
-13,0,62
-13,1,63
-12,5,63
-13,6,61
-12,8,60
-11,7,60
-12,6,61
-11,5,61
-11,5,62
-12,4,63
-13,4,63
-13,4,61
-12,3,60
-13,2,59
-13,3,59
-13,4,61
-12,5,63
-12,5,63
-13,4,62
-14,4,61
-12,4,61
-12,4,61
-14,4,61
-14,3,61
-13,1,61
-13,1,61
-14,1,62
-13,2,61
-12,1,60
-14,1,60
-15,1,60
-13,1,61
-14,1,61
-14,1,62
-14,1,62
-15,0,61
-18,-2,61
-17,-1,61
-13,0,61
-13,1,61
-12,0,58
-11,-1,57
-13,0,61
-14,-1,61
-15,-3,61
-14,-4,61
-13,-6,63
-15,-2,63
-17,0,62
-16,1,59
-15,-6,60
-14,-3,59
-15,0,60
-16,-1,60
-15,-2,61
-14,-2,62
-15,-2,61
-16,-2,60
-15,-2,60
-15,-2,60
-16,-2,61
-16,-1,61
-16,-2,60
-16,-3,60
-16,-3,61
-16,-3,61
-15,-2,61
-14,-1,61
-15,-1,61
-14,-2,60
-14,-2,60
-15,-2,61
-15,-2,61
-15,-3,61
-15,-3,61
-16,-2,61
-14,-2,60
-14,-1,61
-14,-1,62
-14,-2,61
-16,-2,60
-16,-2,61
-16,-2,61
-15,-2,60
-15,-2,61
-14,-1,61
-14,-1,60
-14,0,61
-15,-1,62
-15,-3,60
-16,-3,59
-18,-3,62
-16,-2,62
-14,-2,61
-13,-2,59
-14,-2,60
-13,-2,61
-13,-2,61
-13,-2,61
-14,-2,62
-12,-2,62
-13,-2,61
-15,-3,60
-16,-1,63
-10,-5,68
-10,-3,63
-17,-3,58
-16,-1,60
-12,1,62
-11,-1,60
-14,-2,60
-15,-3,60
-14,-2,62
-13,-2,62
-15,-2,61
-15,-3,61
-11,-3,62
-12,-3,61
-11,-2,61
-14,-3,56
-6,1,62
-5,2,65
-10,-2,65
-14,-4,62
-13,-5,61
-11,-2,62
-8,1,62
-7,1,61
-7,1,61
-10,-2,60
-11,-2,62
-8,3,61
-7,-6,60
-14,-3,53
-14,-1,58
-13,1,60
1,7,72
0,6,65
-3,1,59
-2,1,63
2,3,65
5,5,64
0,4,61
3,5,63
6,5,64
4,5,62
2,5,61
4,6,64
5,7,64
4,7,62
1,7,62
5,6,62
6,7,63
5,8,62
3,7,62
3,7,62
5,6,60
6,6,61
4,8,62
4,7,62
6,7,62
6,7,63
6,7,62
5,7,62
4,7,62
5,7,60
4,7,61
5,7,62
6,7,62
5,7,61
4,8,62
5,9,63
4,9,63
5,7,62
4,8,62
5,8,63
6,6,59
6,6,60
5,8,64
5,8,63
5,7,61
5,8,61
5,8,63
5,8,62
5,7,60
5,7,61
6,8,63
6,8,62
5,8,61
5,8,61
6,8,63
6,8,62
5,8,61
5,8,62
5,9,62
6,8,61
5,8,61
5,8,63
6,8,61
5,8,62
6,8,61
6,8,61
6,9,62
6,9,62
6,9,63
5,9,61
6,9,62
6,9,62
6,9,62
6,9,61
7,8,61
7,9,63
5,10,61
4,9,61
