1478934707.000000, 1478934707.000000, 1478934707.000000
32.000000, 32.000000, 32.000000
43,12,43
44,13,43
44,14,42
45,13,43
44,12,43
43,10,44
43,10,44
42,10,43
42,11,43
44,13,43
44,13,43
44,12,43
43,10,43
43,10,43
43,11,43
43,11,43
43,11,43
44,11,43
45,11,43
44,11,43
43,11,43
43,11,43
44,11,43
44,11,43
44,11,43
43,11,42
45,11,43
44,11,43
43,10,43
43,10,43
43,10,43
44,10,43
44,10,43
44,10,43
44,10,43
44,10,43
44,10,43
44,10,43
44,10,43
45,10,42
45,10,42
45,10,42
45,9,41
49,7,40
50,8,39
48,9,43
45,10,44
40,11,45
41,11,44
41,10,43
40,9,45
41,10,46
41,9,46
41,9,45
42,9,44
43,9,45
43,9,45
43,9,45
43,9,44
43,9,44
42,9,45
42,9,45
42,9,45
43,8,44
45,8,44
45,8,43
44,9,44
43,9,45
41,10,47
38,11,48
39,9,48
37,8,47
39,7,47
47,4,40
60,0,40
43,6,55
2,18,53
-5,20,55
19,16,57
24,13,54
35,11,54
31,9,55
28,9,55
25,11,55
26,12,54
30,12,54
30,11,54
28,11,54
29,10,54
29,11,54
29,11,54
30,11,54
29,11,54
29,11,54
29,11,54
29,11,54
29,11,54
29,11,54
29,11,54
29,12,54
29,12,54
29,11,54
29,11,54
28,11,54
28,12,54
28,12,54
29,12,54
28,12,55
28,12,55
28,12,55
28,12,54
28,12,55
28,12,54
28,12,54
28,12,55
27,12,54
28,12,55
28,12,54
28,12,55
27,12,55
28,12,55
27,12,55
27,12,55
28,12,55
28,12,54
28,12,54
29,12,54
28,12,54
29,12,54
31,11,54
29,12,54
27,12,55
28,12,55
28,12,54
28,12,54
28,12,54
29,12,54
28,12,54
27,12,54
29,12,54
28,12,54
29,13,54
27,12,54
29,13,54
29,12,54
28,12,54
29,12,54
28,12,54
28,12,54
28,13,54
28,13,54
28,13,54
27,13,54
27,13,54
29,13,54
30,13,54
31,12,53
31,12,53
30,12,53
30,13,53
30,13,53
30,13,53
30,13,53
31,12,53
32,13,52
33,13,52
34,12,52
33,12,52
32,13,52
33,13,51
32,13,51
33,13,51
33,12,52
35,11,51
36,11,51
35,11,51
35,11,50
35,10,50
35,10,49
34,10,49
34,10,49
37,11,50
40,11,52
41,11,50
38,10,49
34,10,49
32,10,48
32,10,50
33,10,51
36,11,52
36,12,51
35,12,51
35,12,51
35,12,52
33,12,53
32,10,52
34,8,54
31,8,54
20,10,55
17,11,57
16,12,59
18,13,59
14,11,60
16,7,60
17,8,60
5,6,61
-3,9,48
8,8,57
16,17,66
17,19,67
8,16,60
3,17,56
3,21,58
2,22,59
-3,22,55
-5,25,53
1,26,58
6,29,62
6,29,60
2,28,56
2,28,57
5,27,58
6,26,58
6,26,56
6,26,56
8,27,56
12,28,57
12,27,58
11,26,57
8,24,56
9,24,56
10,24,57
10,25,56
12,26,56
13,27,56
12,27,56
15,28,57
13,28,55
14,28,56
14,28,56
12,26,54
12,26,55
12,26,55
12,27,54
14,27,55
14,27,55
16,27,55
15,26,55
17,25,56
17,25,56
17,24,55
17,24,55
19,24,56
19,23,56
19,21,55
19,20,55
20,19,55
21,19,55
23,18,55
23,18,55
24,18,55
25,18,55
24,18,54
24,17,55
26,17,55
25,17,54
25,17,54
28,17,55
28,17,55
28,18,54
28,18,54
27,18,54
27,17,54
27,18,55
27,17,55
25,17,55
25,16,55
24,16,55
24,15,55
21,16,55
22,16,55
25,15,56
26,15,56
24,15,55
25,15,55
24,15,55
25,15,56
24,15,56
23,14,56
23,13,57
20,12,57
21,12,58
21,13,57
21,15,59
21,13,58
21,13,57
20,12,58
20,12,58
18,12,61
19,12,61
12,11,65
8,11,68
-3,6,64
2,4,60
34,7,71
26,10,60
9,18,43
33,20,44
55,8,46
55,2,48
51,0,46
42,-4,50
35,-6,50
25,-10,45
26,-10,45
20,-10,44
19,-11,44
24,-7,49
22,-4,49
25,6,46
52,9,62
55,2,67
53,-1,64
39,-2,52
36,-2,47
34,-4,40
32,-3,39
30,1,38
37,4,44
49,7,52
49,5,56
47,5,58
41,2,52
37,1,48
32,2,46
30,2,45
31,0,41
27,2,44
17,9,56
24,14,63
31,20,68
37,19,72
31,13,60
30,9,52
29,7,45
27,7,44
38,9,50
38,10,52
36,12,57
36,12,57
36,11,50
33,10,49
26,11,51
25,11,49
25,12,51
14,16,61
24,16,64
24,15,59
28,14,58
33,11,51
33,10,48
35,12,52
33,13,51
34,14,51
37,16,58
27,13,56
28,11,56
27,9,59
25,7,54
25,5,47
24,6,47
24,6,47
25,7,46
43,10,56
47,10,54
49,10,45
47,7,40
45,6,37
38,7,36
44,8,40
47,11,49
41,12,49
37,13,50
38,14,51
34,13,48
36,14,49
36,13,48
36,12,45
42,12,43
46,12,45
43,13,48
38,14,46
34,14,50
33,13,51
32,14,51
32,14,50
36,14,49
36,14,50
37,14,47
41,14,45
43,13,47
35,16,51
29,16,53
31,15,52
31,14,49
35,14,47
37,14,49
35,16,50
34,16,50
35,16,49
37,18,47
42,19,42
43,17,40
42,14,40
37,13,40
24,16,39
40,18,57
43,20,71
27,24,70
36,22,51
46,19,41
49,20,35
40,22,37
40,23,39
41,24,40
44,24,41
44,25,35
45,26,35
47,25,34
48,23,32
51,23,29
52,25,27
57,25,23
55,26,22
53,26,23
55,25,22
53,25,19
55,25,18
57,25,17
56,25,17
57,25,16
57,24,14
58,22,12
59,22,11
60,22,8
59,22,8
59,23,8
59,23,10
59,23,10
55,24,15
53,25,18
51,25,18
50,25,20
51,25,21
50,26,21
52,27,24
51,27,23
55,23,25
55,23,25
51,20,30
47,20,32
43,19,34
47,20,32
50,22,31
50,23,31
49,24,30
50,23,30
50,23,30
50,22,31
49,22,31
48,23,31
49,23,32
49,23,32
49,23,32
49,23,32
49,22,32
48,22,32
48,22,32
49,22,32
48,23,32
48,24,33
48,24,33
48,23,33
48,25,33
48,24,32
49,24,32
49,24,31
49,23,31
49,25,31
49,24,31
49,23,31
49,23,32
48,23,31
48,24,32
49,24,32
50,25,31
50,25,31
50,24,30
49,24,31
50,24,30
50,24,30
49,24,30
49,24,30
49,24,30
50,24,30
49,24,31
49,24,31
49,24,30
50,24,29
50,25,29
51,25,28
50,24,29
50,23,29
50,23,29
50,23,29
50,24,29
50,25,27
50,25,27
51,24,29
51,24,28
52,24,25
52,25,27
50,25,28
50,25,27
52,24,27
51,24,27
51,24,27
50,25,27
51,24,26
52,25,26
52,24,25
52,24,24
53,25,24
53,25,24
53,24,24
53,24,24
52,24,24
52,24,24
52,24,24
53,24,25
53,24,25
52,24,25
52,24,25
52,24,25
52,24,24
53,24,23
53,25,24
53,24,24
52,24,24
51,25,25
51,25,25
52,24,25
52,24,25
51,25,25
51,25,25
52,25,25
52,26,25
52,26,25
52,26,25
51,26,25
51,26,26
50,26,26
51,26,25
51,26,25
50,26,25
51,26,26
51,27,25
51,27,25
51,27,25
51,27,25
50,28,24
51,27,24
51,27,24
51,27,24
51,27,25
50,27,25
50,27,25
51,26,24
51,27,24
51,28,23
52,28,23
52,27,24
52,27,24
52,26,23
52,26,24
52,27,24
51,28,23
52,34,23
54,34,18
99,32,36
96,25,30
83,7,29
74,1,30
54,-4,24
49,-5,20
50,-5,18
55,-4,20
60,-6,24
51,-9,25
24,-14,29
20,-14,32
28,-15,23
54,-15,31
53,-16,35
35,-16,41
30,-16,46
25,-13,49
24,-14,45
31,-15,41
35,-16,41
39,-18,47
37,-17,50
34,-17,47
36,-18,44
41,-18,43
42,-17,43
40,-15,39
40,-13,38
41,-9,37
42,-6,36
41,-6,33
43,-5,33
44,-5,33
46,-5,33
54,-5,40
60,-5,45
58,-3,43
53,6,45
51,11,47
41,37,72
-34,37,77
50,22,59
53,17,38
59,23,21
63,24,24
61,27,32
52,28,34
40,30,41
40,29,42
47,26,35
47,25,33
46,25,33
46,24,34
47,24,34
48,24,33
48,24,32
48,25,33
47,25,33
47,25,33
47,24,33
48,23,33
48,23,33
48,23,33
48,23,33
48,23,33
48,23,33
48,23,33
48,23,34
48,23,34
48,22,34
48,23,33
48,23,33
48,23,33
47,23,33
48,23,33
47,23,32
48,22,33
48,22,34
48,22,33
48,23,33
48,23,33
48,23,33
48,23,33
48,23,33
48,23,33
48,23,33
48,23,33
48,23,33
48,22,32
48,23,33
48,23,33
49,23,33
49,23,33
48,23,33
48,24,33
47,24,34
46,25,37
46,24,36
48,23,33
51,22,33
52,21,33
43,21,36
50,21,32
49,21,30
51,20,29
50,21,29
51,21,29
50,20,29
46,21,38
44,22,40
46,22,38
47,22,36
48,22,34
48,22,34
47,22,35
48,22,34
48,21,34
48,21,35
47,21,34
49,21,35
48,21,34
48,22,34
49,22,34
48,21,34
48,21,34
48,21,34
48,21,35
48,21,34
48,21,34
48,21,34
48,21,34
48,21,34
48,21,34
48,21,35
48,21,35
48,21,35
48,21,35
48,21,34
48,21,34
48,21,35
48,21,34
48,20,35
47,20,35
48,21,35
48,21,35
48,21,35
48,21,34
48,21,34
48,20,35
48,20,35
48,20,35
48,21,35
48,21,35
48,21,35
48,20,35
48,21,35
48,20,35
48,20,35
48,21,35
48,21,35
48,21,35
48,20,35
48,20,35
48,20,35
48,21,35
48,21,35
48,21,35
48,20,35
48,20,35
48,20,35
48,20,35
48,20,35
48,20,35
48,20,35
48,20,35
48,20,35
48,20,35
48,21,35
48,20,35
48,20,35
48,20,35
48,20,35
48,20,35
48,21,35
48,21,35
48,20,35
48,20,35
48,20,35
48,20,35
48,20,35
48,20,35
48,20,35
48,20,35
48,20,35
48,20,35
48,20,35
48,20,35
48,20,35
48,20,35
48,20,35
48,20,35
48,20,35
48,21,35
48,20,35
48,20,35
48,20,35
48,20,35
48,20,35
48,20,35
48,20,35
48,20,35
48,20,35
48,20,35
48,20,35
48,20,35
48,20,35
48,20,35
48,20,35
48,20,35
48,20,35
48,20,35
48,20,35
48,20,35
48,20,35
48,20,35
48,20,35
48,20,35
48,20,35
48,20,35
48,20,35
48,20,35
48,20,35
48,20,35
48,20,35
48,20,35
48,20,35
48,20,35
48,20,35
48,20,35
48,20,35
48,20,35
48,20,35
48,20,35
48,20,35
48,20,35
48,20,35
48,20,35
48,20,35
48,20,35
48,20,35
48,20,35
48,20,35
48,20,36
48,20,35
47,19,35
48,19,36
48,20,35
48,20,35
48,20,35
48,20,35
48,19,35
47,19,35
48,19,36
48,20,35
48,20,35
47,20,36
48,20,36
48,20,36
48,20,36
48,20,35
48,20,36
47,20,35
48,20,35
47,19,36
47,19,36
47,20,36
47,20,36
48,21,35
48,21,35
48,20,35
48,20,35
47,19,36
47,19,36
47,20,36
47,20,36
47,21,35
48,20,35
47,20,35
47,20,36
47,20,36
47,20,36
47,20,36
48,21,35
47,21,36
47,20,35
47,20,36
47,20,36
47,20,36
48,21,35
48,21,35
47,20,35
47,20,35
47,20,36
47,20,36
47,21,36
48,21,35
47,20,35
47,20,35
47,20,35
47,20,36
47,20,35
48,21,35
47,21,35
47,20,35
48,20,35
47,20,35
48,21,35
48,21,35
48,21,35
47,21,35
48,21,35
48,21,35
47,21,35
48,21,35
48,21,35
47,21,35
48,21,35
48,21,35
48,21,35
47,21,35
47,20,36
47,20,36
47,21,35
47,21,35
48,21,35
47,21,35
47,20,36
47,20,36
48,21,36
48,21,35
48,21,35
48,21,35
48,20,35
48,20,35
47,20,36
47,20,35
48,21,35
48,21,35
48,21,35
48,20,35
47,20,35
47,20,35
47,20,35
48,21,35
48,21,35
48,21,35
48,20,35
48,20,35
47,20,35
47,20,35
47,20,35
48,21,35
48,21,35
48,20,35
48,20,35
48,20,35
48,20,35
48,20,35
48,21,35
48,21,35
48,20,35
48,20,35
48,20,35
48,20,35
48,21,35
48,21,35
48,21,35
48,20,35
47,20,35
48,20,35
47,20,35
47,20,35
48,21,35
48,21,35
48,21,35
48,21,35
47,20,34
48,20,35
47,20,36
47,20,36
48,21,35
48,21,35
47,21,35
48,20,35
47,20,35
48,20,35
47,20,35
48,20,35
47,21,35
47,20,35
47,20,35
48,20,35
47,20,35
47,20,35
48,20,35
47,20,35
48,21,35
48,20,35
48,20,35
47,20,35
47,20,35
48,20,35
47,21,35
48,20,36
48,20,35
47,20,35
48,20,36
47,20,36
47,20,35
47,22,33
48,20,35
47,20,36
47,19,36
47,20,36
47,21,35
47,21,35
48,21,35
47,20,34
47,20,35
47,19,36
46,20,37
47,21,36
47,22,35
47,22,34
48,22,35
47,22,34
48,21,34
47,21,34
47,21,36
47,21,35
47,22,35
47,22,34
48,23,34
48,23,34
48,22,34
47,22,35
47,21,35
47,22,35
47,23,34
47,24,33
48,24,33
47,23,33
48,23,34
47,22,35
47,22,35
47,23,34
47,24,34
48,24,33
48,24,33
48,23,34
47,22,34
47,23,34
47,23,34
48,24,33
47,23,34
48,23,34
47,22,34
47,22,34
47,23,33
48,23,34
47,23,34
48,23,34
47,23,34
47,22,34
47,23,34
47,23,34
47,23,34
48,23,34
48,22,34
48,23,34
47,23,34
47,23,34
47,23,34
47,23,34
48,23,34
47,23,34
48,23,34
47,23,34
47,23,34
47,23,34
47,23,34
47,23,34
47,23,34
47,23,34
47,23,34
48,23,34
47,23,34
47,23,34
47,23,34
48,23,34
47,23,34
47,23,34
48,23,34
47,23,34
48,23,34
47,23,34
48,23,34
47,22,34
47,22,34
47,22,34
48,22,34
48,22,34
47,22,34
48,23,34
47,22,34
47,23,34
48,22,34
48,22,34
48,22,34
48,22,34
47,22,34
48,22,34
48,22,34
48,22,34
48,22,34
48,22,33
48,22,34
48,22,34
48,22,34
48,22,34
48,22,34
48,22,34
48,22,34
48,22,34
48,22,34
48,22,34
48,22,33
48,22,34
48,22,34
48,22,34
48,22,34
48,22,34
48,22,34
48,22,34
48,22,34
47,22,34
48,22,34
48,22,34
48,22,34
48,22,34
48,22,34
48,22,34
48,22,34
48,22,34
47,22,34
48,22,34
48,22,34
48,22,34
48,22,34
48,22,34
48,22,34
48,22,34
48,22,34
48,21,34
48,22,34
48,22,34
48,22,34
48,21,34
48,21,34
48,21,34
48,21,34
48,21,34
48,21,34
48,21,34
47,21,35
48,21,34
48,21,34
48,21,35
48,21,34
48,21,35
48,21,35
48,22,34
47,22,35
47,22,35
47,22,35
47,22,35
47,22,35
47,22,35
47,22,35
48,22,34
47,22,35
48,22,35
47,22,35
47,22,35
47,22,35
47,22,35
47,22,35
47,22,35
47,22,35
47,22,35
47,22,35
47,22,35
47,22,35
47,22,35
47,22,35
47,22,35
47,22,35
47,22,35
47,22,35
47,22,35
47,22,35
47,22,35
47,22,35
47,22,35
47,22,35
47,22,35
47,22,35
47,22,34
47,22,35
47,22,35
47,22,35
47,22,35
47,22,35
47,22,34
47,22,34
48,22,35
48,22,35
47,22,34
48,22,34
47,22,34
47,21,34
47,22,35
47,22,34
47,22,34
48,22,34
47,22,35
47,22,35
47,22,34
47,22,35
47,22,35
47,22,35
47,22,35
47,22,35
47,22,35
47,22,35
47,22,35
47,22,34
47,22,35
47,22,35
47,22,35
47,22,35
47,22,34
47,22,35
47,22,35
47,22,35
47,22,35
47,22,34
47,22,34
47,22,35
47,22,35
47,22,34
47,22,34
47,22,34
47,22,34
47,22,35
47,22,34
47,22,35
47,22,35
47,22,35
48,22,34
48,23,34
47,22,34
47,22,35
48,22,34
48,23,34
48,23,34
47,23,34
47,22,34
48,22,33
48,22,34
47,22,34
48,23,33
48,23,34
47,23,33
48,23,33
48,23,33
48,23,33
48,23,33
48,23,32
49,23,32
49,23,32
48,23,32
49,23,32
48,23,32
49,23,32
49,23,32
49,23,31
49,23,31
48,23,31
49,23,31
49,23,31
49,24,31
50,24,30
49,24,31
49,24,30
50,24,30
49,24,30
49,24,30
49,24,30
50,24,30
49,24,30
49,24,30
50,24,30
50,24,30
50,24,30
50,24,29
50,24,29
50,24,29
50,24,29
50,24,29
50,24,29
50,24,30
50,24,30
50,24,30
50,24,29
50,24,29
50,24,29
50,24,29
50,24,29
50,24,29
50,24,30
50,24,30
50,24,30
50,24,30
50,24,30
50,23,31
50,23,31
50,23,31
49,23,31
49,23,31
49,23,31
49,22,31
49,22,32
48,22,33
49,22,33
49,22,33
49,22,33
49,22,33
48,22,33
48,21,33
49,21,33
48,20,33
48,21,33
48,21,33
49,21,33
49,21,33
49,21,31
48,21,35
46,22,36
47,21,34
48,21,34
48,22,34
48,22,33
48,22,33
48,23,33
48,22,33
48,22,33
48,22,33
48,23,33
48,22,33
48,22,33
48,22,33
48,22,33
48,22,33
48,22,33
48,22,33
48,22,33
48,22,33
48,22,33
49,22,33
49,22,33
48,22,33
48,22,33
48,21,33
48,21,33
49,21,33
48,22,33
48,22,33
49,22,33
48,22,33
49,22,33
49,22,33
49,22,33
49,22,33
49,22,33
49,22,33
49,22,33
49,22,33
48,22,33
49,22,33
48,22,33
48,22,32
48,22,32
49,23,32
48,22,33
49,23,32
49,23,32
49,23,32
49,22,32
49,22,32
49,23,32
49,23,32
49,23,32
49,22,32
49,23,33
48,22,32
48,22,32
49,22,32
48,22,32
49,23,33
48,23,33
49,23,32
49,23,32
49,23,33
49,23,32
48,23,32
49,23,33
49,22,33
48,23,33
48,23,33
48,23,33
48,23,33
48,23,33
48,23,33
48,22,33
48,23,34
47,23,34
48,23,34
48,24,33
48,23,33
48,23,34
47,24,34
48,24,33
47,24,33
47,24,33
48,24,33
48,24,33
48,24,33
48,24,33
47,24,33
47,24,34
47,24,34
47,24,34
48,24,34
47,24,34
47,24,34
46,24,34
46,23,34
46,23,34
47,24,34
47,24,33
48,24,33
47,24,33
47,23,34
47,23,35
46,23,34
46,23,34
48,23,34
47,23,34
47,23,34
47,23,34
47,23,34
47,23,34
47,23,35
47,23,34
47,23,34
46,23,35
47,23,35
47,22,34
47,23,34
47,23,35
47,23,35
47,23,35
47,23,35
47,23,35
47,24,34
47,23,35
47,23,34
47,23,34
47,23,34
47,23,34
47,23,34
47,23,35
47,23,34
47,23,34
47,23,34
47,23,34
47,23,34
47,23,34
47,23,34
47,23,34
47,23,34
47,23,34
47,24,34
47,24,34
47,23,34
47,23,34
47,23,34
47,23,34
47,23,34
47,23,34
47,24,34
47,23,34
47,23,34
47,23,34
47,23,34
47,23,34
47,23,34
47,23,34
47,23,34
47,23,34
47,23,34
47,23,34
47,23,34
47,23,34
47,23,34
47,23,34
47,23,34
47,23,34
47,23,34
47,23,34
47,23,34
47,23,34
47,23,34
47,23,34
47,23,35
47,23,34
47,23,34
47,23,34
47,23,34
47,23,34
47,24,34
47,23,34
47,23,34
47,23,34
47,23,34
47,24,34
46,24,34
47,23,34
47,24,35
46,24,35
47,23,34
48,24,34
46,24,35
46,24,35
47,24,34
47,24,34
47,24,35
46,24,35
47,24,35
47,24,34
47,24,34
47,24,35
47,24,35
47,24,34
46,24,35
46,24,35
46,24,35
47,24,35
46,24,35
46,24,35
46,24,35
47,24,35
47,24,35
47,24,34
47,24,34
46,24,35
46,24,35
47,24,35
46,24,34
47,24,34
47,24,34
47,24,34
47,24,35
46,24,35
46,24,35
47,24,35
46,24,34
47,24,35
47,24,34
47,24,34
47,24,34
47,24,34
47,24,34
47,24,33
47,24,33
47,24,33
47,24,34
47,24,33
47,24,33
48,24,33
47,24,33
48,23,32
49,24,32
48,24,31
49,24,32
49,24,31
49,24,31
49,24,31
50,24,31
49,24,30
50,24,30
50,24,30
50,24,30
49,24,30
50,23,30
49,24,30
49,24,30
50,24,30
50,24,30
49,24,30
49,24,30
49,24,30
49,24,30
49,24,30
49,24,30
49,23,30
49,23,30
49,24,30
50,24,30
50,24,29
50,24,29
50,24,29
50,24,30
50,24,30
50,24,30
50,24,30
50,24,30
50,24,30
49,24,30
49,24,30
50,24,30
50,24,30
49,24,30
50,24,30
49,24,30
49,24,30
49,24,30
50,24,30
50,24,30
49,24,31
50,24,30
49,24,30
49,23,30
49,23,30
49,23,30
49,23,30
49,23,30
49,23,30
50,24,31
49,23,30
49,23,31
49,23,30
50,23,31
49,23,31
50,23,31
49,23,31
49,23,31
49,23,31
49,23,31
48,23,32
48,23,32
48,24,32
49,24,32
48,24,32
48,23,32
48,23,32
48,24,32
48,24,32
48,24,32
48,23,32
48,23,32
48,24,33
48,23,32
48,24,32
48,24,32
48,23,32
48,23,32
48,23,32
48,23,33
48,23,33
48,23,33
48,23,33
48,23,33
48,24,32
48,23,32
48,23,33
48,23,33
48,23,33
48,23,33
48,24,33
48,23,33
48,23,33
48,23,33
48,23,33
48,23,33
48,23,33
48,23,33
48,23,33
48,23,33
48,23,33
48,23,33
48,23,33
48,23,33
48,23,33
48,23,33
48,23,33
48,23,33
48,23,33
48,23,33
48,23,33
48,23,33
48,23,33
48,23,33
48,23,33
48,24,33
48,24,33
48,24,33
48,23,33
48,23,33
48,23,33
48,23,33
48,23,33
48,23,33
48,23,33
48,23,33
48,23,33
48,23,33
48,23,33
48,23,33
48,23,34
48,22,33
48,22,33
48,23,33
48,23,33
48,23,33
48,22,33
48,23,34
48,23,33
48,23,33
48,23,33
48,23,33
48,23,33
48,23,33
48,23,33
48,23,33
48,23,33
48,23,33
48,23,33
48,23,34
48,23,33
48,23,33
48,23,33
48,23,33
48,23,33
48,23,33
48,23,33
48,23,33
48,23,33
48,23,33
48,23,33
48,23,33
48,23,33
48,23,33
48,23,33
48,23,33
48,23,33
48,23,33
48,23,33
48,23,33
48,23,33
48,23,33
48,23,33
48,23,33
48,23,33
48,23,33
48,23,33
48,23,33
48,23,33
48,23,33
48,23,33
48,23,33
48,22,33
48,23,33
48,23,33
48,23,33
48,22,33
48,23,33
48,23,33
48,23,33
48,23,33
48,23,33
48,23,33
48,23,33
48,23,33
48,23,33
48,22,33
48,23,33
48,23,33
47,23,33
48,23,33
48,23,33
48,23,33
48,23,33
47,22,34
48,23,33
48,23,33
48,23,33
48,23,33
48,23,33
48,23,33
48,23,34
47,23,33
48,23,33
48,23,33
48,23,33
48,23,33
48,23,33
48,23,33
48,23,33
48,23,33
48,23,33
48,23,33
48,24,33
48,23,33
48,23,33
48,23,33
48,24,33
48,23,33
48,23,33
48,23,33
48,23,33
48,23,33
48,24,33
48,23,33
48,23,33
48,23,33
48,23,33
48,23,33
48,23,33
48,23,33
48,24,33
48,23,33
48,23,33
48,23,33
48,23,33
48,24,33
48,24,33
48,24,33
48,23,33
48,24,33
48,24,33
48,23,33
48,24,33
48,24,33
48,23,33
48,23,33
48,23,33
48,24,33
48,23,33
48,23,33
48,24,33
48,24,33
48,23,33
48,23,33
48,24,33
48,24,33
48,24,33
48,24,33
48,24,33
48,23,33
48,24,33
48,23,33
48,24,33
48,23,33
48,24,33
48,23,33
48,24,33
48,24,33
48,23,33
48,24,33
48,24,33
48,24,33
48,24,33
48,23,33
48,23,33
48,24,33
48,24,33
48,24,33
48,23,33
48,24,33
48,24,33
48,24,33
48,23,33
48,24,33
48,24,33
48,24,33
48,24,34
47,23,33
49,24,35
49,24,36
51,24,38
50,24,37
49,22,35
49,21,35
44,19,34
46,19,35
43,18,37
42,19,38
41,18,40
41,17,40
40,17,40
41,18,41
43,19,43
44,20,44
42,21,45
41,21,45
41,22,47
39,24,47
37,23,47
38,21,47
37,19,46
39,15,43
42,16,45
37,15,45
37,15,46
38,16,46
38,16,45
38,17,44
39,18,43
38,17,45
38,16,45
38,16,46
39,16,47
40,16,48
40,16,49
37,17,49
36,16,49
36,17,48
37,16,47
38,16,48
35,16,47
37,16,47
38,16,48
38,16,48
37,16,49
37,16,52
36,15,52
36,15,52
39,13,49
38,13,48
38,11,47
38,11,47
37,10,48
37,10,48
39,10,48
41,9,47
43,8,45
42,7,44
40,7,42
39,6,42
39,5,43
39,7,45
39,7,46
37,9,47
35,9,49
33,11,51
31,12,52
25,14,54
28,13,54
25,13,54
25,14,54
28,16,56
27,17,57
20,21,59
19,24,61
27,22,56
30,20,52
30,19,51
32,19,52
29,19,53
27,19,53
27,19,53
28,19,53
28,19,53
28,19,52
28,19,52
29,17,47
32,17,50
28,22,55
24,21,53
28,23,54
29,22,52
31,21,51
31,21,51
29,20,51
29,20,52
29,20,51
29,20,51
30,20,51
30,20,51
30,20,51
30,20,51
30,20,51
30,20,51
30,20,51
30,20,51
30,20,51
30,20,51
30,20,51
31,20,51
31,20,51
30,20,51
30,20,51
31,20,51
31,19,50
31,19,49
30,19,48
29,21,51
29,21,52
29,21,51
29,22,52
29,21,51
30,21,51
29,21,52
29,21,52
30,21,52
30,21,52
29,21,51
30,21,51
30,21,51
30,20,50
31,20,51
31,20,50
32,19,51
32,19,50
32,19,50
31,18,49
31,19,49
33,19,51
33,19,50
33,18,50
33,18,50
33,18,50
33,18,50
33,18,50
33,18,50
33,18,50
34,18,50
34,17,50
34,17,50
33,17,50
33,17,49
34,17,50
34,17,50
35,17,50
34,17,49
35,17,48
36,17,49
35,17,49
35,16,48
36,16,48
37,16,48
35,15,47
38,16,49
38,17,49
38,17,47
38,17,47
38,16,47
38,16,47
37,15,48
37,16,47
38,16,47
38,16,47
38,16,47
38,16,47
38,15,47
38,15,47
37,16,47
38,16,47
38,16,47
37,15,47
38,15,47
38,16,47
38,16,47
38,16,47
38,15,47
38,16,47
38,16,47
38,16,47
38,16,47
38,16,46
38,16,46
39,16,46
38,16,47
38,16,47
38,15,47
38,16,47
38,16,46
39,16,47
38,16,46
38,16,46
39,16,47
39,16,46
39,16,46
38,16,45
40,16,46
39,16,46
42,17,47
40,16,45
42,16,45
41,16,45
40,16,45
40,16,45
40,16,45
41,16,45
40,16,45
40,16,45
40,16,45
40,16,45
40,16,45
40,16,45
40,16,45
40,16,45
40,16,45
40,16,45
40,16,45
40,16,45
40,16,45
40,16,45
40,16,45
40,16,45
41,16,45
41,16,45
41,16,45
40,16,44
40,16,45
40,16,45
41,16,45
41,16,45
40,16,45
40,16,44
41,16,44
41,16,45
40,16,45
41,16,45
41,16,45
41,16,44
41,16,45
41,16,45
41,16,44
41,16,44
41,16,44
41,16,44
40,16,45
41,16,44
41,16,45
41,16,45
40,16,45
41,16,45
41,16,44
41,16,44
41,16,45
41,16,45
41,16,45
41,16,45
41,16,45
41,16,44
41,16,44
41,16,45
41,16,45
41,16,44
41,16,45
41,16,45
41,16,45
41,16,44
41,16,44
41,16,45
40,16,45
41,16,44
41,16,44
41,16,44
41,16,45
41,16,45
41,16,45
41,16,44
41,16,45
41,16,44
41,16,45
41,16,44
41,16,44
41,16,44
41,16,44
41,16,44
41,16,44
41,16,44
41,16,45
41,16,45
41,16,45
41,16,44
41,16,44
41,16,44
41,16,44
41,16,45
41,16,44
41,16,44
41,16,44
41,16,44
41,16,45
41,16,45
41,16,44
41,16,44
41,16,44
41,16,45
41,16,45
41,16,45
41,16,45
41,16,45
40,16,45
41,16,45
41,16,44
41,16,44
41,16,45
41,16,45
41,16,45
41,16,45
41,16,45
41,16,45
41,16,45
41,16,45
41,16,45
41,16,45
41,16,44
41,16,45
41,16,45
40,16,45
41,16,44
41,16,44
41,16,45
41,16,44
39,15,44
40,16,44
40,16,42
38,17,39
44,17,43
41,18,42
41,17,41
43,17,40
49,13,34
49,22,47
41,19,40
43,19,42
39,25,45
39,26,48
35,25,46
36,26,47
35,28,47
34,27,46
33,26,46
32,26,46
31,26,47
30,26,48
30,26,48
30,26,48
29,27,48
33,28,46
33,27,47
31,28,47
30,28,47
30,28,47
30,28,47
30,30,46
32,28,47
32,29,46
32,28,46
32,28,46
33,28,46
34,28,45
35,27,45
33,27,46
32,27,46
32,26,46
33,26,46
34,27,46
35,27,46
35,28,45
32,26,46
33,27,45
36,25,45
35,25,46
36,24,46
37,23,46
39,23,46
38,23,46
21,21,50
10,23,49
38,23,46
39,24,46
38,23,45
38,22,42
41,20,40
43,20,42
42,20,42
41,22,41
41,23,40
47,22,39
46,22,37
47,21,35
47,21,36
45,20,37
48,21,40
41,22,38
37,22,37
42,22,42
41,22,41
43,24,40
43,23,40
42,23,41
42,23,41
42,24,40
42,25,41
42,25,40
42,25,40
42,25,39
42,24,39
43,24,38
43,24,38
42,24,38
43,24,38
43,24,38
43,24,37
44,24,37
44,24,36
45,24,37
44,25,36
44,26,37
44,26,36
45,27,36
44,26,36
45,25,36
45,25,36
45,25,36
45,25,35
45,25,35
45,25,35
45,25,35
46,25,34
46,25,34
45,25,34
46,26,33
46,26,33
46,26,33
46,26,33
46,26,32
46,26,32
49,25,30
48,26,31
47,29,30
47,29,30
47,31,30
46,34,29
45,33,30
45,34,30
46,32,29
46,32,30
46,32,30
45,31,29
46,31,29
46,32,30
46,31,30
46,31,30
45,30,30
45,30,30
46,30,30
45,30,31
45,31,31
45,31,30
46,31,30
46,32,30
46,31,30
45,31,30
45,32,30
45,31,31
44,31,31
44,32,31
44,31,31
44,32,31
44,32,31
43,31,32
44,32,31
43,33,31
44,33,31
43,33,31
44,33,31
43,33,31
44,33,31
44,33,31
44,33,31
43,33,31
44,32,31
44,32,31
43,32,31
43,33,31
44,33,31
44,33,31
44,33,31
44,32,31
44,32,31
43,32,31
44,32,31
45,32,31
43,32,31
43,32,31
45,33,30
44,33,31
44,32,31
45,32,30
44,32,31
44,32,30
45,32,30
44,32,31
44,32,30
45,32,31
44,32,31
45,32,30
44,32,30
45,32,30
45,32,30
45,32,30
45,32,31
44,32,31
45,32,31
45,32,30
45,32,30
43,32,31
43,32,32
43,32,32
44,32,31
43,32,32
44,32,31
44,32,31
44,32,31
44,32,31
43,32,32
44,32,31
43,32,32
44,32,32
44,32,32
43,32,32
44,32,31
44,32,32
43,32,32
44,32,32
44,32,32
43,32,32
44,32,32
44,32,32
45,31,31
43,31,32
43,31,32
43,31,32
43,31,32
44,31,31
45,31,31
45,31,31
45,31,31
45,31,31
45,31,31
45,31,31
45,31,31
45,31,31
45,31,31
45,31,31
45,31,31
45,31,31
45,31,31
45,31,31
45,31,31
45,31,31
45,31,31
45,31,31
45,31,31
45,31,31
45,31,31
45,31,31
45,31,31
45,31,31
44,31,31
44,31,31
45,31,32
44,31,32
44,30,32
44,30,32
43,31,32
44,31,32
44,31,32
44,31,32
44,30,32
44,30,32
44,30,33
44,30,32
44,30,32
44,30,32
44,30,32
45,30,32
44,30,33
45,30,32
45,30,32
45,29,32
45,29,32
45,29,32
46,29,32
45,29,32
45,29,32
46,29,32
46,29,32
46,29,31
46,30,31
46,29,32
46,29,32
47,28,32
46,28,32
47,27,32
47,28,32
45,29,33
44,29,33
44,29,33
46,28,33
46,28,33
46,27,33
44,27,33
47,27,33
45,28,33
45,27,34
45,27,34
46,27,33
45,27,34
46,27,33
46,27,33
45,28,33
45,28,33
46,27,33
46,27,33
46,27,33
46,27,33
46,27,33
46,28,32
46,28,33
47,27,32
45,28,33
45,27,33
46,28,33
47,28,32
45,28,33
45,28,33
46,28,32
46,28,32
48,26,33
45,27,32
47,27,32
46,27,32
46,27,32
44,27,32
46,27,32
47,26,32
45,27,33
47,26,33
45,26,33
44,28,33
47,26,34
48,26,33
46,26,33
47,28,33
47,27,32
47,26,31
47,26,33
46,26,33
47,26,33
46,26,33
47,26,33
47,26,33
47,26,33
46,26,33
47,26,33
46,26,33
46,26,33
47,26,33
47,26,33
46,26,33
47,27,32
47,26,32
47,27,33
46,26,32
46,26,33
47,26,33
46,26,33
46,26,33
46,26,33
46,26,33
47,26,33
46,26,33
46,26,33
47,26,33
46,26,33
47,26,33
47,27,33
47,27,33
47,27,33
46,26,33
46,26,33
46,27,33
46,27,33
46,27,33
46,26,33
46,26,33
46,26,33
46,26,34
46,26,34
46,26,34
46,26,33
46,26,33
46,26,33
46,26,33
46,27,33
46,26,33
46,26,33
46,26,33
46,26,33
46,26,33
46,26,33
46,27,33
46,26,33
46,26,33
46,26,33
46,27,33
47,27,33
46,26,33
46,26,33
47,27,33
46,26,33
46,26,33
46,26,33
47,26,33
47,26,33
46,26,33
46,26,33
46,26,33
46,27,33
50,26,32
45,27,32
48,28,31
44,28,31
48,25,35
47,27,31
46,26,33
46,25,33
46,26,33
47,26,33
46,28,32
47,28,32
47,27,32
47,27,32
46,27,32
47,27,32
47,27,32
47,27,32
47,26,32
47,26,32
47,26,32
47,26,32
47,26,32
47,26,32
47,26,32
47,26,32
47,26,32
47,26,32
47,26,32
47,26,32
47,26,32
47,26,32
47,26,32
47,26,32
47,26,32
47,26,32
47,26,33
47,26,32
47,26,32
47,26,32
47,26,32
47,26,32
47,26,32
47,26,32
47,26,32
47,25,32
47,26,32
47,26,32
47,26,32
47,26,32
47,26,32
47,26,32
48,26,32
48,26,32
48,26,31
48,25,32
48,26,32
48,26,31
48,26,31
48,26,31
48,26,32
48,25,32
48,26,32
48,26,32
47,26,32
47,26,32
47,26,32
47,26,32
47,26,32
47,25,32
47,26,32
47,26,32
47,26,33
47,26,33
47,25,32
47,26,32
47,26,32
47,26,32
48,25,32
48,25,32
47,25,32
48,26,32
47,26,32
47,26,32
47,26,32
47,26,32
47,25,32
47,25,33
47,25,33
46,25,32
48,26,32
47,27,33
46,26,33
48,25,33
47,26,33
45,26,34
44,26,34
44,26,30
45,23,32
49,26,31
43,25,36
46,24,35
47,25,33
47,25,33
46,26,34
46,26,34
45,25,33
50,25,33
49,26,35
45,25,35
46,25,37
38,24,41
39,25,41
37,25,43
35,26,44
38,22,38
48,24,39
38,26,42
37,25,43
33,26,43
45,25,41
40,25,42
39,25,42
39,25,41
40,25,42
40,25,42
40,26,42
15,24,36
60,25,36
42,26,39
39,26,41
39,26,41
42,25,39
44,24,38
42,25,40
39,26,41
43,25,39
45,24,38
42,26,39
42,25,40
37,26,39
46,26,37
49,25,41
40,24,39
42,24,37
46,24,39
43,24,42
43,24,42
40,23,40
39,22,41
39,23,42
38,23,42
40,23,41
42,22,41
43,22,41
41,23,41
42,23,41
42,23,41
42,23,41
41,23,41
42,23,40
42,23,40
41,24,40
43,24,41
44,23,41
43,23,40
42,23,40
41,24,40
42,24,40
42,25,40
41,24,40
43,24,39
42,24,39
49,23,38
44,24,37
42,24,38
44,24,37
45,24,38
43,24,38
43,24,38
44,24,38
44,24,38
44,24,38
44,24,38
44,24,38
43,24,38
43,24,38
43,24,38
43,25,38
43,24,39
42,24,39
42,24,39
43,24,39
42,24,39
42,25,39
42,25,39
42,25,39
42,25,39
42,24,39
41,25,40
42,25,40
42,25,40
42,25,40
42,24,40
42,24,40
41,25,40
41,25,40
41,25,40
41,25,40
41,25,40
41,25,40
39,24,42
41,26,38
41,25,41
38,25,40
42,24,40
42,24,40
41,25,40
41,24,40
41,24,40
42,24,40
42,24,40
42,24,40
42,24,40
42,24,40
42,24,40
42,25,40
42,25,40
42,25,39
42,24,40
43,24,39
42,25,39
42,25,40
42,24,40
42,24,39
42,25,40
42,25,40
42,25,40
42,25,40
41,25,40
42,25,40
41,24,40
42,25,39
41,25,40
41,25,40
42,25,40
42,25,39
42,25,40
41,25,40
42,25,39
42,25,39
42,25,39
41,25,39
42,24,39
43,24,39
43,24,38
43,24,38
43,25,38
43,24,38
43,25,38
44,24,38
43,24,38
43,24,38
43,24,38
43,24,38
43,24,38
43,24,38
44,24,38
44,24,38
44,24,37
44,24,37
45,24,37
43,26,36
44,26,36
45,24,37
45,24,37
45,24,36
45,24,36
44,24,37
46,24,36
43,25,37
44,24,37
45,24,37
45,24,37
44,24,37
44,24,37
44,24,37
45,24,37
44,24,36
45,24,37
44,24,36
44,24,36
45,24,36
45,24,36
46,24,36
45,24,35
47,24,35
46,25,35
46,25,35
46,25,34
46,25,34
46,24,34
48,24,33
47,25,33
47,24,33
47,24,32
48,25,32
49,24,32
49,24,31
49,25,31
49,25,30
50,25,30
50,24,30
50,24,30
50,24,29
50,25,29
50,24,29
50,25,29
50,24,29
50,24,29
50,24,29
50,24,29
49,24,29
50,24,29
50,24,29
50,24,29
50,24,29
51,24,29
50,24,30
50,24,30
48,24,31
49,24,30
49,24,30
48,24,31
48,24,32
48,24,32
49,24,31
48,24,31
48,24,32
47,24,32
48,24,32
48,24,32
48,24,32
48,24,32
48,25,32
53,21,32
49,28,29
48,26,30
50,24,30
49,24,30
49,24,30
50,24,30
49,24,31
48,25,31
49,25,30
50,24,29
51,24,30
49,24,31
49,24,30
48,25,31
47,25,31
48,24,32
48,24,32
48,24,32
48,24,32
48,24,32
48,25,32
48,24,32
48,24,32
48,24,32
49,21,32
48,13,27
48,24,31
49,24,31
50,22,31
49,23,29
51,24,28
52,21,28
52,23,27
51,25,27
51,25,26
52,24,27
52,23,27
52,23,26
53,22,26
52,22,26
53,22,25
53,23,25
53,23,25
53,23,25
53,22,26
52,23,25
53,20,27
51,22,27
52,22,26
53,22,26
53,22,26
52,22,26
52,22,27
52,22,27
53,22,27
52,22,27
51,22,27
51,22,27
52,22,27
52,23,27
52,23,27
52,22,27
52,22,27
52,22,27
52,23,27
51,23,27
52,23,27
50,23,28
52,23,28
51,23,28
53,22,29
51,22,29
50,21,29
51,22,29
51,22,29
51,22,29
51,22,29
50,22,29
51,22,29
51,22,29
50,22,29
51,22,29
51,22,29
51,22,29
51,22,29
51,22,29
51,22,29
51,22,28
51,22,28
51,22,28
52,22,28
51,22,28
51,22,28
51,22,28
51,22,28
52,22,27
52,22,27
51,22,27
51,23,27
52,23,26
52,23,26
52,23,27
52,23,27
52,22,27
51,22,27
51,23,27
51,23,28
51,23,28
51,22,28
51,23,28
51,23,28
51,22,28
51,22,28
51,23,28
51,22,28
51,22,28
51,22,28
51,22,28
51,23,28
51,23,28
51,23,28
51,23,28
51,22,28
51,23,28
51,23,29
51,22,28
51,22,28
51,22,28
51,22,28
51,23,28
51,22,28
51,23,29
51,23,28
51,23,28
51,23,28
51,23,28
51,23,28
51,23,28
51,23,28
51,23,28
51,23,28
51,23,28
51,23,28
51,23,28
51,23,28
51,23,28
51,23,28
51,22,28
51,23,27
52,23,28
51,23,27
52,23,27
52,23,27
51,23,27
51,23,27
51,23,27
51,23,27
51,23,27
51,23,27
51,23,27
52,23,26
52,23,26
52,23,26
50,23,26
52,24,26
53,24,26
53,24,26
52,24,26
51,24,26
52,24,26
52,24,26
51,24,27
51,24,27
51,24,27
50,24,27
51,24,27
50,24,27
51,24,26
52,24,26
52,24,25
53,24,25
52,24,25
53,24,24
54,23,23
54,22,22
54,23,22
53,23,23
54,23,22
54,23,22
53,23,22
55,24,21
54,24,22
54,23,21
54,23,21
54,24,21
55,24,20
55,24,20
55,24,20
55,24,20
55,24,20
54,24,20
55,23,20
54,24,20
54,23,21
54,24,21
54,24,21
54,23,21
54,23,21
54,23,21
55,23,21
55,24,21
55,24,21
54,22,21
53,23,21
54,23,21
54,23,21
54,23,21
54,23,21
54,23,21
54,23,21
54,23,21
54,23,21
54,23,21
54,23,21
54,23,21
54,23,21
54,23,21
54,23,21
54,23,21
55,23,21
55,24,20
55,24,20
55,24,20
55,24,20
55,24,20
55,24,19
55,24,19
55,23,19
55,24,19
55,24,19
55,24,19
55,24,19
55,24,19
55,24,18
51,22,20
54,24,20
55,24,19
55,24,19
55,24,19
55,24,19
55,24,19
55,24,19
55,24,19
55,24,19
55,24,20
55,24,20
53,24,21
53,24,21
53,24,22
53,24,21
53,24,21
53,24,21
54,24,21
54,24,20
54,24,20
54,25,20
54,25,20
55,25,18
55,24,17
56,24,16
56,24,16
56,24,15
56,24,15
56,24,14
56,24,14
57,25,14
56,25,14
57,25,15
56,25,15
56,24,15
56,24,15
56,24,15
56,24,15
55,25,15
56,24,16
56,24,16
56,24,16
57,24,15
58,25,16
55,24,16
53,23,17
57,25,15
57,25,17
53,25,17
57,25,16
56,25,16
55,25,16
56,25,16
55,25,16
56,25,15
56,25,14
56,24,14
56,25,14
56,25,13
56,25,12
56,24,11
57,24,10
56,25,10
56,26,9
58,25,5
58,25,5
58,25,4
58,24,2
58,25,1
58,25,2
58,25,3
57,25,4
57,26,4
57,26,5
57,26,5
57,26,4
58,25,3
58,25,3
58,25,3
58,25,2
57,25,2
58,25,2
58,25,2
58,25,2
58,25,2
58,25,2
58,25,2
57,25,2
58,25,3
57,25,2
59,25,2
58,25,3
58,25,3
58,25,3
58,25,3
57,25,3
58,25,3
58,25,3
58,25,2
58,25,2
58,25,3
57,25,3
58,25,2
58,25,2
58,25,2
58,25,2
58,25,2
58,25,2
58,25,1
58,25,2
58,25,2
58,26,2
58,25,2
58,25,2
57,26,3
57,26,2
58,26,3
57,25,3
58,26,3
57,25,4
57,25,4
57,25,4
56,24,5
57,25,4
57,25,4
58,25,5
57,25,4
57,25,4
57,25,5
57,25,5
57,25,5
57,25,5
57,25,5
58,25,5
57,25,5
57,25,5
57,25,5
57,25,5
57,25,5
57,25,5
57,26,5
57,26,5
57,26,5
57,25,5
58,25,5
57,25,5
57,26,5
57,25,5
57,26,5
57,26,5
57,26,5
57,25,4
57,25,4
57,25,4
57,26,3
57,26,3
58,25,2
57,25,3
58,25,3
58,25,2
57,25,3
57,25,3
58,25,2
58,25,2
58,25,2
57,25,2
57,26,3
57,24,2
57,25,2
57,25,2
58,25,2
58,25,2
57,25,2
57,25,1
58,26,1
57,25,1
58,25,1
58,25,1
58,25,1
58,26,1
57,25,2
58,25,1
57,25,1
58,25,1
57,26,2
57,25,2
57,25,1
58,26,1
58,26,1
57,26,1
58,26,1
58,26,2
58,26,2
58,26,2
58,26,3
58,28,4
57,26,5
57,26,5
57,25,5
57,25,7
57,26,7
57,25,7
57,26,7
57,26,7
57,26,7
57,26,8
57,25,9
57,24,9
56,24,10
56,24,10
56,24,10
57,24,10
57,25,10
57,25,10
57,25,10
57,25,10
57,25,10
57,25,10
57,25,10
57,25,9
57,25,9
57,25,9
59,25,8
56,25,10
56,25,10
56,25,10
57,25,10
57,25,10
57,25,9
57,25,10
56,25,10
57,25,10
57,25,9
57,26,9
58,26,9
57,26,9
57,26,9
57,26,9
57,26,8
57,26,8
57,26,8
57,26,8
57,26,8
57,25,8
58,26,6
56,25,9
57,26,8
57,25,8
56,26,8
57,26,8
57,26,8
56,25,8
57,26,10
56,26,10
57,28,10
57,29,10
57,29,11
57,29,11
57,26,12
57,26,13
55,26,17
54,26,18
51,26,23
52,24,22
52,24,23
52,23,24
53,22,23
54,22,23
54,22,23
52,23,25
52,22,25
51,22,25
51,22,25
53,22,24
53,22,23
55,22,22
56,23,21
56,23,19
56,23,18
55,23,18
56,23,16
58,24,13
57,24,12
58,20,11
60,18,12
62,19,9
61,19,10
60,21,12
57,20,18
59,21,16
58,21,18
55,25,22
48,22,29
45,19,30
44,17,33
44,20,35
44,20,37
44,21,37
45,21,36
45,21,37
47,20,36
47,21,35
48,21,34
48,21,33
49,21,31
50,20,30
56,18,28
56,19,28
54,19,29
53,19,29
52,20,29
51,20,30
53,20,31
49,21,32
49,20,33
45,21,37
44,21,37
45,20,37
44,20,38
43,20,38
43,19,38
43,20,39
46,19,39
44,22,40
45,21,39
44,21,40
42,21,41
42,23,42
40,22,43
39,20,42
40,18,42
40,18,42
42,19,42
42,20,42
42,21,42
42,21,42
41,22,42
42,22,42
41,21,42
41,21,42
41,21,43
41,21,42
42,22,42
43,22,43
43,21,41
42,20,40
46,18,38
46,18,38
46,19,36
46,19,36
47,19,35
47,19,35
47,20,35
46,20,35
47,20,35
48,19,36
48,19,36
48,18,35
48,19,35
49,19,35
49,19,35
48,19,34
48,20,35
48,20,35
47,20,35
46,19,36
47,19,36
47,20,36
47,19,37
46,19,38
46,20,38
45,21,39
44,21,40
41,21,41
40,21,42
41,21,41
42,20,41
43,21,41
45,21,40
44,20,40
42,21,41
42,21,40
42,20,40
43,20,40
45,19,40
46,19,39
45,20,39
44,21,40
42,20,40
42,21,40
43,20,40
44,20,39
44,21,39
45,21,38
44,21,38
44,21,40
42,20,39
42,20,38
43,21,38
45,20,40
45,19,39
45,20,40
45,21,40
43,21,40
43,22,40
43,24,40
42,24,40
41,25,39
41,25,39
42,24,38
43,24,38
45,24,37
46,24,37
46,25,36
45,25,37
45,26,36
45,27,36
42,27,37
41,28,37
41,28,38
41,28,38
42,28,38
41,28,38
41,27,38
41,28,38
41,27,39
42,29,39
41,28,39
41,28,38
41,28,39
41,28,39
41,28,39
40,28,39
40,28,40
38,28,40
38,28,40
40,27,39
40,28,39
41,28,39
42,27,40
41,29,40
39,28,40
39,28,40
39,28,40
40,28,41
40,28,39
41,27,41
41,27,40
38,28,41
39,28,39
40,27,40
39,28,40
40,28,40
41,27,40
40,27,39
41,27,39
41,27,39
41,27,39
40,27,39
40,27,39
40,27,40
40,27,40
40,27,40
40,27,40
40,27,40
40,27,40
40,27,40
40,27,40
40,28,40
40,28,40
40,28,40
40,28,40
40,28,40
40,27,40
40,28,40
40,28,40
40,28,40
40,28,40
39,28,40
40,28,40
39,28,40
39,28,40
40,28,40
39,28,40
39,28,40
39,28,40
39,28,40
40,28,40
40,28,40
39,28,40
40,27,40
40,28,40
40,28,40
40,28,40
40,28,40
40,28,40
39,28,40
39,28,40
39,28,40
40,27,40
40,27,40
40,26,41
40,26,41
39,27,41
39,27,41
38,29,40
39,29,40
40,29,39
40,29,39
40,28,40
40,28,40
40,28,40
39,28,40
39,28,40
39,28,40
39,28,40
39,28,40
39,28,40
40,28,40
40,28,40
39,28,40
39,28,40
39,28,40
39,28,40
39,28,40
39,28,40
39,28,40
39,28,40
39,28,40
39,28,40
39,28,40
39,28,40
39,28,40
39,28,40
39,28,40
39,28,40
40,28,40
39,28,40
39,28,40
39,28,40
39,28,40
39,28,40
39,28,40
39,28,40
39,28,40
40,28,40
39,28,40
39,28,40
39,28,40
39,28,40
39,28,40
39,28,40
39,28,40
38,28,40
39,28,40
39,28,40
39,28,40
39,28,40
40,28,40
40,28,40
39,28,40
40,28,40
40,29,40
40,29,40
39,29,39
40,29,39
40,29,39
39,28,40
40,28,40
40,28,40
39,28,40
39,28,40
40,28,40
39,29,40
40,29,39
40,29,39
39,29,39
40,28,39
40,28,40
39,28,40
39,28,40
39,29,40
39,29,39
40,29,39
39,29,39
39,28,39
40,28,39
41,27,40
40,27,40
39,28,40
39,28,40
39,29,40
40,28,39
40,28,39
40,28,39
40,28,40
40,28,40
40,27,40
40,27,40
40,27,40
40,28,40
39,28,40
39,28,40
40,27,39
39,28,40
40,28,40
40,28,40
40,27,40
39,28,40
39,28,40
39,28,40
39,28,40
40,28,40
40,28,39
40,28,40
40,28,39
40,28,40
40,28,40
40,28,39
40,28,39
40,28,40
40,28,40
40,28,40
39,28,40
40,28,40
40,28,40
40,28,40
40,28,40
40,28,40
40,28,40
40,28,40
40,28,40
40,28,40
39,28,40
40,28,40
40,28,40
40,28,40
40,28,40
40,28,40
40,28,40
40,28,39
40,28,40
40,28,40
40,28,40
40,28,40
40,28,40
40,28,40
40,28,40
40,28,40
40,28,40
39,28,40
39,28,40
39,28,40
40,28,40
39,28,40
39,28,40
39,28,40
39,28,40
39,28,40
39,28,40
40,28,40
39,28,40
40,28,40
40,28,40
39,29,39
39,29,40
39,28,40
39,28,40
39,29,39
39,29,40
39,29,39
40,29,39
40,29,39
40,28,39
40,28,40
39,28,40
39,28,40
39,29,39
39,29,39
40,29,39
40,29,38
40,29,39
40,29,39
40,28,39
40,28,39
40,28,39
40,29,39
40,29,39
40,29,39
40,29,38
41,29,39
40,29,39
40,29,39
40,28,39
40,28,39
40,28,39
40,28,39
40,28,39
40,28,39
40,28,39
40,28,39
40,28,39
40,28,39
40,28,39
40,28,39
40,28,40
39,28,39
40,28,39
40,28,39
40,28,39
40,28,39
40,28,39
40,28,39
40,28,39
40,28,39
40,28,40
40,28,39
40,28,39
40,29,39
40,28,39
40,28,39
40,28,39
40,28,39
40,28,39
40,28,39
40,28,39
40,28,39
40,28,39
40,28,39
40,28,39
40,28,39
40,28,39
40,28,40
40,28,39
40,28,39
40,28,39
40,28,39
40,28,39
40,28,39
40,28,39
40,28,39
40,28,40
40,28,39
40,28,40
40,28,39
40,28,39
40,28,39
40,28,40
40,28,39
40,28,39
40,28,39
40,28,39
40,28,39
40,28,39
40,28,39
40,28,39
40,28,39
40,28,39
40,28,39
40,28,39
40,28,39
40,28,39
40,28,39
40,28,39
41,28,39
40,28,40
39,28,40
38,28,40
38,28,40
38,26,41
39,26,41
40,27,41
41,27,41
40,28,40
40,29,40
40,29,39
39,29,39
39,28,39
41,28,39
41,26,40
40,26,41
39,27,41
38,28,41
39,29,40
39,28,39
40,28,39
40,28,40
41,27,40
40,28,41
40,28,40
38,29,40
37,29,40
38,28,40
39,28,40
40,28,40
40,28,40
39,28,40
39,28,40
39,28,40
40,28,40
41,27,40
41,27,39
40,29,37
45,29,34
52,24,36
50,22,38
49,17,44
1,29,35
3,30,39
71,23,37
72,24,29
41,27,35
36,26,40
42,23,40
44,23,38
45,24,38
43,25,38
42,25,39
42,25,38
44,24,38
44,23,38
44,23,38
44,23,38
43,24,38
43,23,38
45,22,38
45,22,38
43,23,38
43,23,38
43,24,38
43,24,38
43,24,38
43,24,38
43,24,38
43,24,39
43,24,38
43,24,38
43,23,39
43,25,38
43,26,38
44,23,38
43,24,38
40,25,40
41,25,39
43,25,38
44,26,38
43,25,37
42,25,38
41,24,39
43,24,38
42,27,38
41,29,39
41,29,39
41,26,38
43,25,37
46,26,36
46,25,36
44,26,37
43,25,37
43,25,38
42,25,37
40,25,37
43,25,38
48,25,36
49,24,34
45,24,35
44,22,36
47,22,35
46,23,35
46,25,35
45,25,35
45,26,35
45,27,35
45,26,35
46,25,35
46,25,35
46,25,34
46,25,34
46,26,34
46,26,33
48,26,33
48,26,33
47,26,33
47,26,33
47,26,33
47,26,33
47,26,33
39,23,36
54,27,29
50,27,30
47,26,30
47,26,31
48,26,30
49,26,29
48,25,30
49,25,29
49,25,29
50,25,28
50,26,28
50,26,28
51,26,27
50,26,27
50,26,27
50,25,27
51,25,27
51,26,26
51,25,26
52,25,26
50,25,27
50,25,28
50,25,28
51,26,27
50,26,28
49,25,28
49,25,28
51,25,27
51,26,27
50,26,27
50,26,27
51,26,26
51,27,26
51,27,26
51,27,26
50,27,27
56,40,29
50,21,30
36,23,35
45,22,31
54,22,28
53,24,28
52,26,29
50,27,30
46,26,32
46,25,32
47,24,33
48,23,33
48,24,33
47,24,33
46,25,33
46,26,33
46,26,33
47,26,33
45,25,34
47,24,33
46,25,33
43,26,34
45,27,33
48,27,31
46,27,31
50,27,28
51,27,27
51,28,27
51,28,27
51,28,27
51,28,27
50,27,27
49,27,28
48,28,28
48,28,29
49,27,29
49,27,29
46,26,30
48,26,29
48,26,29
49,26,29
49,26,28
49,25,28
50,25,27
50,26,26
51,26,26
51,26,25
51,26,25
53,26,23
53,26,24
52,25,23
52,25,23
53,25,23
52,26,23
55,27,20
60,23,20
49,23,26
38,25,32
49,25,28
54,25,25
52,26,26
50,26,28
49,25,29
49,25,28
50,25,29
49,26,29
49,26,30
47,26,31
47,26,31
49,26,30
49,26,30
48,26,30
48,25,30
49,27,29
48,27,30
49,26,29
48,26,29
49,26,29
49,25,28
50,25,27
50,25,27
51,26,27
51,25,26
52,26,25
51,26,25
52,26,25
51,26,24
52,26,24
52,26,23
52,26,23
52,26,22
53,26,22
53,26,21
53,26,20
54,26,19
53,26,20
54,26,19
55,26,18
55,26,18
54,26,18
54,26,19
54,26,18
55,27,18
55,27,18
53,27,19
53,27,19
53,27,20
54,27,19
66,30,14
53,25,24
35,26,34
35,26,36
53,25,29
53,26,29
49,26,30
47,26,31
46,26,31
48,25,32
48,25,31
49,26,32
47,25,32
47,26,32
47,26,32
48,26,32
47,26,32
46,26,33
46,26,33
47,26,33
47,26,33
46,26,33
48,26,32
46,26,33
47,26,33
45,26,34
46,26,33
47,26,33
46,26,33
46,26,33
47,26,33
47,26,32
47,26,32
47,26,32
48,26,31
49,26,31
48,26,31
52,27,31
41,27,34
42,25,35
50,26,32
49,26,32
46,26,33
47,26,33
47,26,33
46,26,33
47,26,34
48,23,38
56,13,47
81,38,59
72,19,54
58,8,51
57,1,50
58,1,48
53,4,46
44,8,47
39,8,48
32,3,47
30,1,47
21,-7,41
21,-9,39
23,-9,42
26,-8,45
23,-4,49
22,0,52
17,5,53
15,6,54
8,9,54
6,8,56
4,8,57
4,7,58
4,6,56
2,9,57
-4,6,58
0,6,59
0,6,59
5,4,60
7,3,60
8,3,60
8,3,59
6,5,58
5,5,58
9,5,59
13,5,61
17,6,63
18,6,63
17,7,64
17,7,65
17,10,67
16,10,67
19,12,65
17,12,63
16,13,62
15,14,59
15,14,57
16,14,55
17,15,54
16,14,53
17,14,53
18,16,54
18,17,53
20,18,53
22,18,52
23,20,48
23,22,47
23,24,43
22,26,42
18,26,45
18,26,47
15,24,47
12,24,47
14,24,51
38,23,70
44,27,73
41,24,61
39,23,54
41,20,46
39,19,45
29,22,53
16,24,64
30,20,61
32,17,51
30,13,50
35,11,51
42,16,57
43,19,51
33,26,44
32,28,45
38,26,46
39,25,45
37,24,44
36,24,43
38,25,44
39,25,44
40,25,43
39,25,43
39,26,42
41,26,42
41,25,41
43,24,40
43,25,39
39,25,39
40,25,40
46,25,38
45,25,38
42,24,39
42,24,38
43,25,38
43,24,38
42,25,39
41,26,39
42,25,39
41,26,38
44,25,39
41,26,38
42,26,38
45,24,37
42,26,38
42,25,38
42,26,38
42,26,38
43,26,37
44,27,37
44,26,37
44,26,37
45,26,37
45,25,37
44,26,37
42,27,37
42,26,38
43,25,37
43,25,37
43,25,38
43,25,37
43,25,37
43,25,37
43,26,37
43,26,37
43,26,37
43,25,37
42,25,37
45,25,37
44,26,37
44,26,36
45,25,36
42,26,36
43,25,36
46,26,35
44,26,36
45,27,36
45,27,35
46,26,35
46,26,35
44,26,35
45,26,35
46,25,36
43,25,36
45,25,36
48,24,36
44,26,37
45,24,37
43,25,38
42,25,37
45,24,35
44,25,36
47,24,35
49,25,33
47,25,34
47,24,34
47,25,34
47,25,34
49,24,34
49,22,33
46,23,35
41,23,32
43,26,36
47,25,36
47,26,34
43,25,37
41,23,39
45,22,36
49,22,36
46,23,35
47,23,34
48,24,34
45,25,34
48,27,34
46,26,35
47,27,35
49,32,39
50,36,43
53,61,67
72,32,91
50,32,76
45,34,66
38,44,51
35,38,47
29,21,39
28,13,32
43,-1,23
50,-5,13
55,-9,-14
50,-12,-26
33,-13,-54
42,-17,-61
59,-19,-72
41,-23,-69
9,-22,-34
11,-7,-21
10,12,-39
7,4,-59
5,-8,-61
11,-28,-61
16,-33,-59
22,-36,-48
27,-36,-43
31,-35,-43
31,-33,-45
29,-28,-52
30,-27,-55
32,-26,-54
32,-26,-53
34,-26,-51
34,-26,-51
35,-25,-49
34,-25,-48
33,-24,-49
33,-23,-50
35,-22,-49
35,-22,-47
35,-23,-46
35,-25,-46
35,-25,-46
36,-25,-45
35,-25,-45
35,-25,-45
35,-25,-46
34,-23,-46
33,-23,-45
31,-23,-44
30,-22,-44
25,-20,-45
21,-18,-44
11,-9,-43
11,-5,-45
26,4,-41
34,4,-39
50,3,-31
52,2,-27
81,8,15
127,26,127
-117,22,-112
-96,22,-44
29,20,59
31,58,115
32,37,47
-18,37,68
-12,46,54
-1,47,73
-17,39,62
42,43,70
16,36,53
31,32,55
37,29,56
29,24,46
30,23,46
35,20,50
34,20,51
28,24,50
27,25,49
30,25,49
31,26,48
31,26,48
31,25,48
31,24,49
31,24,49
30,24,49
31,25,48
31,25,48
33,24,48
31,25,48
30,23,48
31,22,48
31,22,43
32,22,43
36,22,44
33,21,40
43,22,45
45,24,49
37,25,46
37,24,44
48,25,40
49,24,37
49,23,30
52,23,29
54,24,24
56,24,23
56,24,17
52,23,13
60,21,7
75,21,7
72,21,14
60,18,19
55,18,22
47,18,22
47,17,20
43,21,32
48,22,38
43,23,40
43,25,40
50,25,38
42,21,40
37,22,43
35,22,43
38,24,44
38,25,43
39,23,44
38,22,42
41,21,41
43,21,42
42,20,41
41,20,42
40,20,43
40,21,43
40,21,43
41,21,43
41,21,42
40,21,42
40,21,42
39,21,43
39,21,43
41,21,43
41,21,43
40,21,43
41,22,43
40,22,42
40,22,42
40,21,42
39,21,40
42,21,42
43,21,41
43,21,39
44,23,41
42,24,43
39,23,42
42,23,41
43,21,40
43,21,39
43,20,39
44,21,40
41,22,42
40,23,42
39,23,43
39,23,43
42,22,41
43,22,40
44,24,39
44,25,40
41,24,41
41,23,40
41,23,41
40,23,42
42,22,41
42,23,41
40,22,41
41,24,45
42,27,53
43,27,55
52,27,56
54,25,51
48,23,48
47,17,46
42,14,42
47,4,41
52,2,38
48,-4,24
49,-6,23
48,-8,21
47,-9,15
45,-9,4
42,-11,-2
42,-13,-10
47,-13,-12
56,-19,-15
77,-30,-7
76,-23,8
69,-25,8
65,-22,14
64,-19,15
59,-13,13
53,-8,18
52,-7,19
51,-8,20
52,-8,23
55,-7,29
58,-7,33
57,-7,39
54,-8,40
51,-6,35
48,-3,34
41,0,38
37,1,37
35,4,39
36,6,40
35,9,43
33,14,49
52,23,62
45,38,71
16,25,69
19,22,67
14,22,56
26,22,54
42,19,48
40,15,43
39,15,45
33,16,50
32,16,52
34,17,51
34,17,49
36,18,48
35,17,48
34,18,49
34,18,50
35,18,48
35,18,48
34,18,48
34,18,48
33,18,48
35,18,48
33,18,47
32,19,48
30,20,53
22,23,55
36,24,64
54,24,57
46,24,50
34,15,46
25,9,31
27,-3,21
30,-3,27
39,2,46
30,8,45
50,28,74
46,26,78
31,21,70
23,18,55
20,10,40
24,8,40
32,9,41
31,13,42
45,19,54
46,19,57
35,20,53
35,19,52
32,17,49
34,16,48
32,19,50
44,18,54
48,17,52
70,16,43
88,13,39
96,10,30
87,6,28
74,-6,18
69,-14,11
62,-21,3
52,-23,3
31,-26,0
17,-24,-8
-41,-25,-26
-54,-27,-18
-18,-20,9
28,-13,27
127,0,79
88,-11,70
56,-41,36
62,-53,38
37,-44,31
19,-40,24
12,-29,29
38,-22,39
56,-15,43
42,-16,35
34,-17,33
36,-15,38
40,-11,39
44,-7,36
48,-5,38
56,1,44
55,2,45
62,0,48
62,-2,47
54,-7,41
51,-9,39
47,-10,36
46,-9,35
47,-5,35
46,-3,36
49,-2,39
49,-1,38
51,2,39
51,3,40
50,3,41
49,4,40
47,3,41
46,4,44
47,6,46
38,8,44
37,8,46
40,8,49
39,8,48
38,9,46
39,9,46
39,10,46
38,10,46
39,10,47
37,10,47
41,11,44
40,11,45
38,15,48
45,15,55
43,17,53
40,16,47
28,9,33
31,6,35
34,11,33
47,20,43
58,22,50
43,27,41
44,32,47
36,26,47
34,27,46
34,23,45
36,21,43
39,21,44
41,19,43
39,20,46
38,21,44
39,21,45
39,21,45
38,22,45
37,22,45
36,21,45
36,21,45
37,21,45
38,21,45
39,21,46
39,20,46
38,20,46
36,21,46
36,21,45
36,22,45
37,22,45
35,23,45
35,23,45
38,23,42
40,22,41
47,21,36
51,21,32
55,21,27
51,19,25
59,16,24
53,16,18
63,16,9
68,16,8
60,16,4
60,17,5
61,16,3
61,15,2
60,15,3
61,15,4
60,15,6
60,17,9
60,18,10
60,20,11
59,20,11
59,19,13
58,18,15
56,18,18
55,18,19
56,18,19
56,19,19
56,19,21
56,20,21
54,20,23
54,20,24
54,20,24
53,20,24
54,19,25
53,20,25
53,20,25
53,20,25
54,20,25
54,20,25
53,20,25
54,20,25
53,20,25
53,20,26
53,20,26
53,21,26
53,21,26
53,21,26
53,21,26
52,21,26
53,21,27
52,21,27
52,21,27
52,20,27
52,21,27
53,21,27
53,22,27
52,22,27
53,22,27
51,21,27
51,21,28
52,21,28
51,21,29
51,22,29
51,21,29
53,21,27
56,18,24
59,17,24
57,20,28
62,24,37
23,23,39
18,24,43
40,25,45
43,25,41
46,25,37
48,24,38
42,24,40
42,24,40
42,22,41
42,22,40
42,22,40
42,22,40
42,22,41
42,22,41
42,22,40
43,22,40
42,22,40
42,22,41
42,22,41
41,22,41
42,22,41
41,22,41
41,22,41
42,22,41
42,23,41
41,22,41
41,22,41
41,22,42
41,22,42
41,22,42
41,22,42
40,22,42
40,22,42
40,22,42
40,23,42
41,23,42
42,23,42
41,22,42
41,21,43
40,22,42
40,22,42
40,22,42
40,22,43
40,22,42
40,22,42
41,22,42
40,22,43
40,22,43
40,23,43
40,23,42
40,22,43
40,22,43
40,22,43
40,22,43
40,22,43
40,21,43
40,21,43
40,21,43
40,21,43
41,22,43
40,22,43
39,23,43
39,23,43
40,23,43
40,22,43
39,22,43
39,22,44
39,21,43
39,21,43
39,21,43
39,21,44
40,22,43
40,22,43
40,22,43
40,22,43
39,22,43
39,22,43
39,22,43
40,21,43
40,21,43
40,21,43
40,22,43
40,22,43
40,22,43
40,23,43
39,23,43
40,22,43
40,22,43
40,21,43
39,21,44
39,22,44
39,22,43
40,22,43
40,22,43
39,22,43
40,22,43
40,22,43
40,22,43
40,21,43
40,21,43
40,21,43
40,22,43
40,22,43
40,22,43
40,22,43
40,22,43
41,22,43
40,21,43
40,21,43
40,21,43
40,21,43
40,21,43
40,21,43
40,21,43
40,21,43
40,22,43
41,21,43
41,21,43
41,21,42
41,20,42
41,20,42
42,20,43
42,19,42
42,19,42
42,19,42
42,19,42
42,19,41
43,19,41
42,19,42
42,19,42
42,19,42
42,19,42
42,19,42
53,12,45
40,15,46
32,21,47
32,20,47
33,20,46
41,19,36
48,23,46
35,20,44
35,21,44
41,20,45
43,20,44
39,19,46
29,19,45
40,20,45
37,19,47
35,19,46
31,20,47
40,20,45
47,21,38
44,21,41
43,19,42
40,19,42
41,19,42
41,19,42
43,19,41
44,19,41
43,20,40
44,20,40
44,19,40
44,19,40
43,18,40
43,18,40
45,19,40
44,20,40
44,20,42
43,20,41
43,20,42
43,19,42
42,20,42
43,20,43
42,19,43
41,18,44
40,18,43
39,18,43
39,17,43
38,16,44
38,16,44
36,17,44
36,17,44
39,18,44
45,19,45
42,20,45
40,20,44
40,19,44
41,19,44
39,19,44
40,19,44
40,20,44
39,20,45
39,20,44
40,20,44
40,19,44
39,19,44
39,19,44
39,19,45
40,19,45
39,19,45
39,20,44
40,20,44
40,20,44
40,19,45
39,19,45
39,19,45
39,18,45
40,18,45
40,18,45
40,19,44
40,19,44
40,19,43
39,18,44
40,18,45
40,18,45
39,18,44
39,19,45
40,19,45
39,19,45
39,19,45
39,18,45
39,18,45
39,18,45
39,18,45
39,19,45
39,19,45
39,19,45
39,19,45
39,19,45
39,19,45
39,18,45
39,18,46
39,19,45
39,19,45
38,19,45
38,19,45
39,19,45
39,19,45
39,19,45
39,19,45
39,18,45
39,18,45
39,19,45
39,19,45
39,18,45
39,19,45
39,19,45
39,19,45
40,19,45
39,19,45
39,19,45
39,18,45
39,19,45
39,19,45
40,19,45
40,19,45
39,19,45
39,18,45
38,18,45
39,18,45
39,18,45
39,18,45
39,18,45
39,18,45
39,18,45
39,18,45
39,18,45
39,18,45
39,19,45
39,18,45
39,18,46
38,18,46
39,18,46
38,18,46
39,18,45
39,18,46
37,18,46
38,18,47
40,19,50
41,20,51
43,18,53
38,18,49
33,17,49
32,16,47
33,13,48
35,11,49
36,9,51
36,7,51
36,6,52
29,4,53
33,9,52
33,9,53
35,-1,57
32,-1,55
31,-1,55
25,0,56
24,0,56
24,0,55
23,1,56
20,2,57
19,2,56
16,1,55
15,1,56
16,0,56
17,0,55
14,0,56
14,-1,55
15,-1,56
15,-1,57
18,-2,58
21,-3,60
20,-4,60
21,-5,60
21,-4,60
20,-5,62
22,-4,62
20,-3,62
20,-2,63
21,0,64
21,0,64
21,1,66
20,3,67
18,1,65
18,0,64
18,0,63
19,0,62
16,0,59
15,0,58
13,3,57
11,4,56
9,6,55
7,8,56
4,10,57
5,11,58
2,13,59
0,16,57
1,13,59
-3,20,58
2,16,60
0,17,61
-1,16,60
0,17,60
-2,18,60
-2,16,61
-3,16,60
-3,15,60
-3,15,60
-4,16,61
-3,16,60
-6,18,60
-5,17,60
-3,17,59
-5,17,59
-4,16,60
-5,17,60
-6,16,60
-7,17,59
-6,16,59
-8,17,60
-6,18,60
-9,17,59
-10,18,59
-10,19,58
-8,19,58
-6,19,55
-8,17,54
-5,27,56
-10,21,54
-11,22,59
-11,24,59
-13,24,61
-11,24,62
-5,23,62
-2,22,62
5,18,63
8,18,62
6,18,60
8,18,58
10,18,58
9,18,57
9,18,57
2,22,52
0,25,51
3,27,53
3,29,52
4,32,54
3,33,55
2,37,60
4,38,59
-4,34,59
-3,33,59
1,37,60
-1,29,55
-3,34,50
-10,37,51
-6,32,51
-3,32,50
-4,31,52
-6,30,53
-4,29,55
-4,28,57
-1,26,59
2,22,57
5,21,58
8,16,64
5,14,62
8,16,67
9,17,68
15,18,60
11,22,58
12,22,56
13,19,58
12,19,58
8,19,57
3,20,58
-2,25,49
1,21,58
3,28,66
-3,23,65
0,20,60
5,22,57
6,23,58
7,22,60
6,22,57
5,21,58
4,20,59
7,21,58
2,21,57
4,19,58
3,20,61
3,22,60
4,22,59
2,22,59
2,25,57
2,24,58
-2,27,55
1,26,55
-2,22,55
-2,23,58
-5,25,59
-5,26,58
-6,26,57
-5,28,57
-6,30,57
-5,30,57
-2,30,56
-3,29,56
-5,30,56
-4,29,56
-4,29,56
-5,30,55
-2,30,55
-2,30,56
-1,30,55
-3,31,55
0,30,57
-1,29,55
1,29,56
0,30,55
-1,30,55
1,30,56
1,30,56
2,30,56
2,30,56
1,30,55
2,29,55
3,29,55
2,29,55
1,30,56
2,30,55
3,29,56
3,30,55
3,30,55
3,30,55
3,30,55
3,30,55
3,30,55
4,30,55
3,30,55
3,30,55
4,30,55
4,30,55
4,30,55
4,30,55
5,30,55
4,30,55
4,30,55
5,30,55
4,29,55
5,30,55
5,30,55
5,30,55
4,30,55
5,30,55
5,30,55
4,30,55
5,30,55
5,30,55
5,30,55
5,30,55
5,29,55
